"symbol1","symbol2"
"ACHE","CAMK2A"
"ACHE","HAND1"
"ACP5","CD68"
"ACTA1","ACTA2"
"ACTA1","ACTN4"
"ACTA1","AKT1"
"ACTA1","ARF1"
"ACTA1","CSK"
"ACTA1","DDOST"
"ACTA1","EEF2"
"ACTA1","EIF4A2"
"ACTA1","EIF5A"
"ACTA1","HSPB1"
"ACTA1","LAMA5"
"ACTA1","PFDN1"
"ACTA1","PGK1"
"ACTA1","RAPSN"
"ACTA1","RPL4"
"ACTA1","RPLP0"
"ACTA1","RPLP2"
"ACTA1","RPS9"
"ACTA1","TMSB4X"
"ACTA1","TNNI1"
"ACTA1","TNNI2"
"ACTA1","TPM2"
"ACTA1","TMSB4Y"
"ACTA1","GSPT2"
"ACTA1","CTNNBL1"
"ACTA1","TUBB"
"ACTA1","HIST1H2AA"
"ACTA1","TUBB2B"
"ACTA2","ACTN4"
"ACTA2","KLF6"
"ACTA2","EEF2"
"ACTA2","EIF5A"
"ACTA2","HSPB1"
"ACTA2","PGK1"
"ACTA2","RPL4"
"ACTA2","RPL7"
"ACTA2","RPLP0"
"ACTA2","RPLP2"
"ACTA2","RPS9"
"ACTA2","RPS23"
"ACTA2","SRF"
"ACTA2","TMSB4X"
"ACTA2","TPM2"
"ACTA2","RPL14"
"ACTA2","ARPC1B"
"ACTA2","GSPT2"
"ACTA2","PYCR2"
"ACTA2","TUBB"
"ACTA2","TUBB2B"
"ACTN4","AP2A1"
"ACTN4","AKT1"
"ACTN4","CAMK2A"
"ACTN4","CSK"
"ACTN4","CSNK2B"
"ACTN4","DNM2"
"ACTN4","EEF2"
"ACTN4","FAU"
"ACTN4","GNB1"
"ACTN4","GNB2"
"ACTN4","MDH2"
"ACTN4","MSN"
"ACTN4","MYL6"
"ACTN4","PF4"
"ACTN4","PGK1"
"ACTN4","RAB5C"
"ACTN4","RPL4"
"ACTN4","RPL7"
"ACTN4","RPL8"
"ACTN4","RPL27A"
"ACTN4","RPLP2"
"ACTN4","RPN1"
"ACTN4","SET"
"ACTN4","SPARC"
"ACTN4","TMSB4X"
"ACTN4","TNNI2"
"ACTN4","TNNT3"
"ACTN4","TPM2"
"ACTN4","TSC2"
"ACTN4","VEGFB"
"ACTN4","VWF"
"ACTN4","SLC9A3R2"
"ACTN4","ARPC1B"
"ACTN4","TRIM3"
"ACTN4","RPL13A"
"ACTN4","TUBB"
"ADAR","EGR1"
"ADAR","IFIT2"
"ADAR","IRF2"
"ADAR","IRF3"
"ADAR","IRF7"
"ADAR","NONO"
"ADAR","NPM1"
"ADAR","PCBP1"
"ADAR","PSMB4"
"ADAR","RPL11"
"ADAR","RPS2"
"ADAR","RPL35"
"ADCY1","FSHR"
"ADCY1","GNAI2"
"ADCY1","GNB2"
"ADCY1","GRM4"
"ADCY1","HRAS"
"ADCY1","HTR4"
"ADCY1","NPY"
"ADCY1","SCTR"
"ADCY1","CXCR4"
"ADCY1","ADM2"
"ADCY1","NPW"
"AP2A1","ARRB2"
"AP2A1","CAMK2A"
"AP2A1","CD22"
"AP2A1","CRK"
"AP2A1","CSNK2B"
"AP2A1","DNM2"
"AP2A1","EEF2"
"AP2A1","EIF5A"
"AP2A1","HLA-DRB1"
"AP2A1","PPP3CC"
"AP2A1","RAB5B"
"AP2A1","RAB5C"
"AP2A1","RPN1"
"AP2A1","RPS9"
"AP2A1","RAB11B"
"AP2A1","PIP5K1C"
"AP2A1","RPL13A"
"AP2A1","BIN2"
"AP2A1","EPN3"
"AKT1","ARF1"
"AKT1","ARRB2"
"AKT1","BAD"
"AKT1","ZFP36L1"
"AKT1","CAMK2A"
"AKT1","CRK"
"AKT1","CSK"
"AKT1","DDOST"
"AKT1","EEF2"
"AKT1","EGR1"
"AKT1","EIF4EBP1"
"AKT1","FOXM1"
"AKT1","FLII"
"AKT1","GATA2"
"AKT1","GNAI2"
"AKT1","GNB2"
"AKT1","GYS1"
"AKT1","HRAS"
"AKT1","HSPB1"
"AKT1","IRF3"
"AKT1","ITGA2B"
"AKT1","ITGB4"
"AKT1","MCL1"
"AKT1","MEF2D"
"AKT1","MSN"
"AKT1","NONO"
"AKT1","NPM1"
"AKT1","PCBP1"
"AKT1","SERPINB5"
"AKT1","PLK1"
"AKT1","PPP2R5A"
"AKT1","PSMA7"
"AKT1","PSMB4"
"AKT1","PSMC4"
"AKT1","RPL7"
"AKT1","RPS2"
"AKT1","RPS9"
"AKT1","SDHC"
"AKT1","SOS1"
"AKT1","ST14"
"AKT1","STAT3"
"AKT1","STAT5A"
"AKT1","STK11"
"AKT1","TNF"
"AKT1","TPM2"
"AKT1","TSC2"
"AKT1","NCK2"
"AKT1","PIAS1"
"AKT1","KHSRP"
"AKT1","HDAC3"
"AKT1","SPHK1"
"AKT1","NUDC"
"AKT1","PLEKHO1"
"AKT1","SYTL1"
"AKT1","RASL10B"
"AKT1","TUBB"
"ALAS2","SARDH"
"ALAS2","HBD"
"ALAS2","LSS"
"ALAS2","MDH2"
"ALAS2","NDUFV1"
"ALAS2","FIS1"
"ALOX5AP","CD53"
"ALOX5AP","CD68"
"ALOX5AP","HLA-DRB1"
"ALOX5AP","PLP2"
"ALOX5AP","S100A6"
"ALOX5AP","TBXAS1"
"ALOX5AP","LST1"
"ALOX5AP","VAMP8"
"AMBP","CD79A"
"ANXA5","EEF2"
"ANXA5","MSN"
"ANXA5","PGK1"
"ANXA5","PPIB"
"ANXA5","CRTAP"
"ANXA11","HLA-DRA"
"ANXA11","S100A6"
"APLP1","CPE"
"APLP1","VGF"
"ARF1","ASNA1"
"ARF1","CKS1B"
"ARF1","CSNK2B"
"ARF1","CTSL"
"ARF1","DDOST"
"ARF1","DYNC1H1"
"ARF1","EEF1G"
"ARF1","EEF2"
"ARF1","EIF4A2"
"ARF1","EIF5A"
"ARF1","FAU"
"ARF1","GNB1"
"ARF1","GNB2"
"ARF1","HLA-DRB1"
"ARF1","HRAS"
"ARF1","MSN"
"ARF1","NPM1"
"ARF1","PCBP1"
"ARF1","PGK1"
"ARF1","PLK1"
"ARF1","PPIB"
"ARF1","PPP3CC"
"ARF1","PSMA4"
"ARF1","PSMA7"
"ARF1","PSMB4"
"ARF1","PSMC4"
"ARF1","RAB5B"
"ARF1","RAB5C"
"ARF1","RPL4"
"ARF1","RPL8"
"ARF1","RPL11"
"ARF1","RPL15"
"ARF1","RPL18"
"ARF1","RPL30"
"ARF1","RPL27A"
"ARF1","RPL32"
"ARF1","RPL36AL"
"ARF1","RPL37"
"ARF1","RPLP0"
"ARF1","RPLP2"
"ARF1","RPN1"
"ARF1","RPS2"
"ARF1","RPS9"
"ARF1","RPS23"
"ARF1","SURF4"
"ARF1","UQCRC2"
"ARF1","RPL14"
"ARF1","RAB11B"
"ARF1","ARFRP1"
"ARF1","RPL35"
"ARF1","EXOSC7"
"ARF1","PIP5K1C"
"ARF1","RPL13A"
"ARF1","GSPT2"
"ARF1","PYCR2"
"ARF1","SEC61A1"
"ARF1","VPS28"
"ARF1","BET1L"
"ARF1","CAB39"
"ARF1","PPAN"
"ARF1","SMAP1"
"ARF1","TRAPPC5"
"ARF1","TUBB"
"RHOG","CSK"
"RHOG","CYBA"
"RHOG","GNAI2"
"RHOG","HCK"
"RHOG","SOS1"
"RHOG","SPI1"
"RHOG","STAT3"
"RHOG","VAV1"
"RHOG","STK24"
"RHOG","RHOBTB1"
"RHOG","ARHGEF16"
"RHOG","ARHGAP17"
"RHOG","ARHGAP9"
"RHOG","FGD3"
"RHOG","RHOT2"
"ARR3","ARRB2"
"ARR3","FSHR"
"ARR3","CXCR4"
"ARRB2","CSK"
"ARRB2","DYNC1H1"
"ARRB2","EEF2"
"ARRB2","HCK"
"ARRB2","MYL6"
"ARRB2","NONO"
"ARRB2","RAB5C"
"ARRB2","RANGAP1"
"ARRB2","RPL4"
"ARRB2","RPL7"
"ARRB2","RPL11"
"ARRB2","RPL18"
"ARRB2","RPLP0"
"ARRB2","RPLP2"
"ARRB2","CXCR4"
"ARRB2","RBM10"
"ARRB2","RPL14"
"ARRB2","NUDC"
"ARRB2","RPL35"
"ARRB2","ARHGAP17"
"ASIP","F11R"
"ASL","DDOST"
"ASL","GLUD2"
"ASL","GNB2"
"ASL","PPIB"
"ASL","RPL4"
"ASL","RPLP2"
"ASNA1","CSNK2B"
"ASNA1","ECHS1"
"ASNA1","EEF1G"
"ASNA1","EEF2"
"ASNA1","EIF5A"
"ASNA1","GNAI2"
"ASNA1","GNB1"
"ASNA1","GNB2"
"ASNA1","GTF2H4"
"ASNA1","HINT1"
"ASNA1","MARS"
"ASNA1","NDUFV1"
"ASNA1","NONO"
"ASNA1","P2RY11"
"ASNA1","PCBP1"
"ASNA1","PFDN1"
"ASNA1","POLR2L"
"ASNA1","PPIB"
"ASNA1","PSMA4"
"ASNA1","PSMA7"
"ASNA1","PSMB4"
"ASNA1","PSMC4"
"ASNA1","RPL4"
"ASNA1","RPLP2"
"ASNA1","MRPS12"
"ASNA1","RPS9"
"ASNA1","USP5"
"ASNA1","CLPP"
"ASNA1","ZBED1"
"ASNA1","ATP6V1F"
"ASNA1","MPHOSPH6"
"ASNA1","NUDC"
"ASNA1","RPL35"
"ASNA1","GABARAP"
"ASNA1","HSPBP1"
"ASNA1","GSPT2"
"ASNA1","TXN2"
"ASNA1","TIMM13"
"ASNA1","SEC61A1"
"ASNA1","FIS1"
"ASNA1","ISYNA1"
"ASNA1","PPAN"
"ASNA1","EXOSC5"
"ASNA1","XAB2"
"ASNA1","LSM2"
"ASNA1","MUS81"
"ASNA1","YIF1B"
"ASNA1","KLHDC3"
"ASNA1","TRAPPC5"
"ASNA1","TUBB"
"ATP5G1","ATP5G2"
"ATP5G1","COX7C"
"ATP5G1","TIMM8A"
"ATP5G1","ECHS1"
"ATP5G1","EIF5A"
"ATP5G1","IDH2"
"ATP5G1","MDH2"
"ATP5G1","NDUFA3"
"ATP5G1","NDUFB7"
"ATP5G1","NDUFB10"
"ATP5G1","NDUFV1"
"ATP5G1","MRPS12"
"ATP5G1","SDHC"
"ATP5G1","UQCRC2"
"ATP5G1","COX7A2L"
"ATP5G1","COX5A"
"ATP5G1","TXN2"
"ATP5G1","TIMM13"
"ATP5G1","UQCRQ"
"ATP5G1","NDUFB11"
"ATP5G1","MRPL16"
"ATP5G1","MRPL17"
"ATP5G1","MRPS24"
"ATP5G1","CHCHD4"
"ATP5G2","COX7C"
"ATP5G2","EIF5A"
"ATP5G2","MDH2"
"ATP5G2","NDUFB7"
"ATP5G2","NDUFB10"
"ATP5G2","NDUFV1"
"ATP5G2","MRPS12"
"ATP5G2","SDHC"
"ATP5G2","UQCRC2"
"ATP5G2","RBM10"
"ATP5G2","COX7A2L"
"ATP5G2","COX5A"
"ATP5G2","TIMM13"
"ATP5G2","UQCRQ"
"ATP5G2","NDUFB11"
"ATP5G2","MRPL16"
"ATP6AP1","IGF2R"
"ATP6AP1","LAMP1"
"ATP6AP1","ATP6V1F"
"ATP6AP1","NDFIP1"
"KIF1A","GIT1"
"BAD","BID"
"BAD","MCL1"
"BAD","PPP3CC"
"BAD","HRK"
"BAD","PIM2"
"BAD","BBC3"
"BCL3","NFKB2"
"BCL3","RELB"
"BCL3","STAT3"
"BCL3","HDAC3"
"BID","CSNK1E"
"BID","CSNK2B"
"BID","MCL1"
"BID","MSN"
"BID","RIPK1"
"BID","SQSTM1"
"BID","BBC3"
"ZFP36L1","EXOSC7"
"ZFP36L1","EXOSC3"
"ZFP36L1","EXOSC5"
"BST2","IRF7"
"BST2","HARS2"
"C8G","LCN1"
"PTTG1IP","LAMP1"
"PTTG1IP","RNF149"
"CACNA1A","GNB1"
"CACNA1A","GNB2"
"CACNA1A","GRN"
"CACNA1A","PRKCG"
"CACNA1A","CACNA2D4"
"CACNA1A","TUBB2B"
"CAMK2A","HRAS"
"CAMK2A","ITGA2B"
"CAMK2A","MEF2D"
"CAMK2A","SRF"
"CAMK2A","SYNGAP1"
"CAMK2A","SQSTM1"
"CAMK2A","CLSTN3"
"CAMK2A","GIT1"
"CAMK2A","CACNA2D4"
"CD7","CTSL"
"CD7","SPN"
"CD22","CD68"
"CD22","CD72"
"CD22","CD79A"
"CD22","SPN"
"CD22","TNFRSF13B"
"ENTPD2","POLR2L"
"CD53","GGT1"
"CD53","HLA-DRB1"
"CD53","SPN"
"CD63","HLA-DRA"
"CD63","IGF2R"
"CD63","LAMP1"
"CD63","MSN"
"CD63","SPARC"
"CD63","SRF"
"CD68","CYBA"
"CD68","HLA-DMA"
"CD68","SPI1"
"CD68","VWF"
"CD72","CD79A"
"CD72","HLA-DRB1"
"CD72","SELL"
"CD79A","CSK"
"CD79A","SELL"
"CD79A","SLAMF1"
"CD79A","SOS1"
"CD79A","TNFRSF13B"
"CD79A","LAT"
"CD79A","FATE1"
"CDA","CES2"
"CDA","NT5M"
"CDC25A","CKS1B"
"CDC25A","CSNK1E"
"CDC25A","FOXM1"
"CDC25A","HCFC1"
"CDC25A","HRAS"
"CDC25A","NPM1"
"CDC25A","PLK1"
"CDC25A","PSMA4"
"CDC25A","PSMA7"
"CDC25A","PSMB4"
"CDC25A","PSMC4"
"CDC25A","RRM2"
"CDC25A","MCM3AP"
"CDC25A","PKMYT1"
"CDC25A","NUDC"
"CDC25A","PSME4"
"CDC25A","PPAN"
"CEBPA","DBP"
"CEBPA","GATA2"
"CEBPA","SPI1"
"CEBPA","PIAS1"
"CEBPA","MTA1"
"CEBPA","BATF"
"CHRNG","RAPSN"
"CKS1B","CSNK2B"
"CKS1B","DDOST"
"CKS1B","DDX11"
"CKS1B","EEF1G"
"CKS1B","EEF2"
"CKS1B","EIF4A2"
"CKS1B","EIF5A"
"CKS1B","FANCG"
"CKS1B","FOXM1"
"CKS1B","FRG1"
"CKS1B","GNB1"
"CKS1B","GNB2"
"CKS1B","GTF2H4"
"CKS1B","KIFC1"
"CKS1B","MARS"
"CKS1B","NONO"
"CKS1B","NPM1"
"CKS1B","P2RY11"
"CKS1B","PCBP1"
"CKS1B","PCBP2"
"CKS1B","PLK1"
"CKS1B","POLR2L"
"CKS1B","PPIB"
"CKS1B","PSMA4"
"CKS1B","PSMA7"
"CKS1B","PSMB4"
"CKS1B","PSMC4"
"CKS1B","RAB5B"
"CKS1B","RAB5C"
"CKS1B","RPL4"
"CKS1B","RPL7"
"CKS1B","RPL8"
"CKS1B","RPL10"
"CKS1B","RPL11"
"CKS1B","RPL15"
"CKS1B","RPL30"
"CKS1B","RPL27A"
"CKS1B","RPL32"
"CKS1B","RPL36AL"
"CKS1B","RPLP0"
"CKS1B","RPLP2"
"CKS1B","MRPS12"
"CKS1B","RPN1"
"CKS1B","RPS2"
"CKS1B","RPS9"
"CKS1B","RRM2"
"CKS1B","SET"
"CKS1B","SH3GL1"
"CKS1B","SMARCD3"
"CKS1B","SP1"
"CKS1B","SURF4"
"CKS1B","TBCA"
"CKS1B","UGP2"
"CKS1B","UNG"
"CKS1B","ZNF35"
"CKS1B","HIST1H2AC"
"CKS1B","HDAC3"
"CKS1B","BAZ1B"
"CKS1B","RPL14"
"CKS1B","PKMYT1"
"CKS1B","ZBED1"
"CKS1B","ARPC1B"
"CKS1B","PRMT5"
"CKS1B","TACC3"
"CKS1B","MYBBP1A"
"CKS1B","POLD3"
"CKS1B","NUDC"
"CKS1B","RPL35"
"CKS1B","DNAJC9"
"CKS1B","HARS2"
"CKS1B","RPL13A"
"CKS1B","KPNA6"
"CKS1B","TIMM13"
"CKS1B","PYCR2"
"CKS1B","SEC61A1"
"CKS1B","CTNNBL1"
"CKS1B","PPAN"
"CKS1B","EXOSC5"
"CKS1B","XAB2"
"CKS1B","PLSCR3"
"CKS1B","LSM2"
"CKS1B","MRPL17"
"CKS1B","CHTF18"
"CKS1B","CENPH"
"CKS1B","PDCL3"
"CKS1B","MUS81"
"CKS1B","ANP32E"
"CKS1B","SHKBP1"
"CKS1B","FTSJ3"
"CKS1B","TRAPPC5"
"CKS1B","TUBB"
"CKS1B","POLR2J2"
"CKS1B","TSEN54"
"CLCN7","LAMP1"
"CNGA2","KCNK9"
"CNTFR","CRK"
"CNTFR","CTF1"
"COMT","CSNK2B"
"COMT","DBH"
"COMT","HINT1"
"COMT","MDH2"
"COMT","PNMT"
"COMT","RGS2"
"KLF6","PGK1"
"KLF6","RPLP2"
"KLF6","SP1"
"KLF6","HDAC3"
"KLF6","ARPC5"
"KLF6","ARPC1B"
"COX7C","TIMM8A"
"COX7C","HINT1"
"COX7C","IDH2"
"COX7C","MDH2"
"COX7C","NDUFA3"
"COX7C","NDUFB7"
"COX7C","NDUFB10"
"COX7C","NDUFV1"
"COX7C","MRPS12"
"COX7C","SDHC"
"COX7C","UQCRC2"
"COX7C","COX7A2L"
"COX7C","COX5A"
"COX7C","TIMM13"
"COX7C","UQCRQ"
"COX7C","NDUFB11"
"COX7C","MRPL16"
"COX7C","MRPS24"
"COX7C","CHCHD4"
"CRK","CSK"
"CRK","DNM2"
"CRK","EPHB3"
"CRK","GP9"
"CRK","HSPB1"
"CRK","ITGA2B"
"CRK","KRT16"
"CRK","PRKCG"
"CRK","SOS1"
"CRK","STAT5A"
"CRK","TAL1"
"CRK","VAV1"
"CRK","VWF"
"CRK","NCK2"
"CRK","SOCS1"
"CRK","TNK2"
"CRK","EFS"
"CRK","TGOLN2"
"CRK","FRS3"
"CRK","FASTK"
"CRK","SH3BP1"
"CRK","HSPBP1"
"CRK","OPTC"
"CRK","ARHGAP17"
"CRK","THOC2"
"CRK","MICAL1"
"CSF3R","HCK"
"CSF3R","STAT3"
"CSK","CSNK2B"
"CSK","DYNC1H1"
"CSK","DNM2"
"CSK","FAU"
"CSK","FLII"
"CSK","GNAI2"
"CSK","HCK"
"CSK","HLA-DRB1"
"CSK","ITGA2B"
"CSK","SOS1"
"CSK","STAT3"
"CSK","STAT5A"
"CSK","VAV1"
"CSK","VWF"
"CSK","STK24"
"CSK","NCK2"
"CSK","PSTPIP1"
"CSK","ARHGAP17"
"CSK","ILKAP"
"CSK","TUBB"
"CSNK1E","CSNK2B"
"CSNK1E","DYNC1H1"
"CSNK1E","EEF2"
"CSNK1E","EIF4A2"
"CSNK1E","EIF5A"
"CSNK1E","GNB1"
"CSNK1E","GNB2"
"CSNK1E","GYS1"
"CSNK1E","NONO"
"CSNK1E","PCBP2"
"CSNK1E","PCNT"
"CSNK1E","PLK1"
"CSNK1E","PSMC4"
"CSNK1E","RPLP2"
"CSNK1E","RPS9"
"CSNK1E","USP11"
"CSNK1E","MTA2"
"CSNK1E","PRMT5"
"CSNK1E","TUBGCP2"
"CSNK1E","GSPT2"
"CSNK1E","SMAP1"
"CSNK1E","KLHDC3"
"CSNK2B","DDOST"
"CSNK2B","DYNC1H1"
"CSNK2B","EEF2"
"CSNK2B","EIF4A2"
"CSNK2B","EIF5A"
"CSNK2B","FAU"
"CSNK2B","GNB1"
"CSNK2B","GNB2"
"CSNK2B","GTF2H4"
"CSNK2B","HCFC1"
"CSNK2B","HINT1"
"CSNK2B","MARS"
"CSNK2B","MDH2"
"CSNK2B","MYL6"
"CSNK2B","NDUFB7"
"CSNK2B","NDUFB10"
"CSNK2B","NDUFV1"
"CSNK2B","NONO"
"CSNK2B","NPM1"
"CSNK2B","P2RY11"
"CSNK2B","PCBP1"
"CSNK2B","PCBP2"
"CSNK2B","PGK1"
"CSNK2B","POLR2L"
"CSNK2B","PPIB"
"CSNK2B","PPP2R5A"
"CSNK2B","PPP3CC"
"CSNK2B","PSMA4"
"CSNK2B","PSMA7"
"CSNK2B","PSMB4"
"CSNK2B","PSMC4"
"CSNK2B","RAB5C"
"CSNK2B","RANGAP1"
"CSNK2B","RPL4"
"CSNK2B","RPL7"
"CSNK2B","RPL8"
"CSNK2B","RPL10"
"CSNK2B","RPL15"
"CSNK2B","RPL18"
"CSNK2B","RPL30"
"CSNK2B","RPL27A"
"CSNK2B","RPL41"
"CSNK2B","RPLP0"
"CSNK2B","RPLP2"
"CSNK2B","RPN1"
"CSNK2B","RPS2"
"CSNK2B","RPS9"
"CSNK2B","RPS23"
"CSNK2B","SET"
"CSNK2B","SH3GL1"
"CSNK2B","STAT5A"
"CSNK2B","SURF4"
"CSNK2B","UQCRC2"
"CSNK2B","HDAC3"
"CSNK2B","RPL14"
"CSNK2B","MTA1"
"CSNK2B","ZBED1"
"CSNK2B","RAB11B"
"CSNK2B","ATP6V1F"
"CSNK2B","COX5A"
"CSNK2B","ENTPD4"
"CSNK2B","PRMT5"
"CSNK2B","ZNHIT1"
"CSNK2B","NUDC"
"CSNK2B","RPL35"
"CSNK2B","DNAJC9"
"CSNK2B","RPL13A"
"CSNK2B","TIMM13"
"CSNK2B","ANAPC2"
"CSNK2B","CPSF1"
"CSNK2B","PYCR2"
"CSNK2B","VPS28"
"CSNK2B","PAF1"
"CSNK2B","MRPL16"
"CSNK2B","ARHGAP17"
"CSNK2B","PPAN"
"CSNK2B","THOC2"
"CSNK2B","LSM2"
"CSNK2B","PDCL3"
"CSNK2B","MUS81"
"CSNK2B","PCGF6"
"CSNK2B","ZNF598"
"CSNK2B","KLHDC3"
"CSNK2B","FTSJ3"
"CSNK2B","TRAPPC5"
"CSNK2B","TUBB"
"CSNK2B","TSEN54"
"CTF1","IL6R"
"CTF1","SOS1"
"CTF1","STAT3"
"CTSL","GNB1"
"CTSL","HLA-DRB1"
"CTSL","RELB"
"CTSL","IFI30"
"CYBA","HLA-DRB1"
"CYBA","MSN"
"CYBA","PLP2"
"CYBA","VAMP8"
"CYBA","ARPC1B"
"CYP4A11","SMARCD3"
"CYP4A11","PLA2G2F"
"DAXX","HSPB1"
"DAXX","NPM1"
"DAXX","RELB"
"DAXX","SPN"
"DAXX","STAT3"
"DAXX","TP73"
"DAXX","HDAC3"
"DAXX","EXOSC3"
"DBH","PNMT"
"DBH","TH"
"DBP","BATF"
"DDOST","DYNC1H1"
"DDOST","EEF2"
"DDOST","EIF4A2"
"DDOST","EIF5A"
"DDOST","EMD"
"DDOST","GLUD2"
"DDOST","GNAI2"
"DDOST","GNB1"
"DDOST","GNB2"
"DDOST","GTF2H4"
"DDOST","HLA-DRB1"
"DDOST","KIFC1"
"DDOST","MARS"
"DDOST","MDH2"
"DDOST","MYL6"
"DDOST","NONO"
"DDOST","P2RY11"
"DDOST","PCBP1"
"DDOST","PCBP2"
"DDOST","PGK1"
"DDOST","PLP2"
"DDOST","POLR2L"
"DDOST","POR"
"DDOST","PPIB"
"DDOST","PPP2R5A"
"DDOST","PSMA4"
"DDOST","PSMA7"
"DDOST","PSMB4"
"DDOST","PSMC4"
"DDOST","RAB5C"
"DDOST","RANGAP1"
"DDOST","RPL4"
"DDOST","RPL7"
"DDOST","RPL8"
"DDOST","RPL10"
"DDOST","RPL11"
"DDOST","RPL15"
"DDOST","RPL18"
"DDOST","RPL30"
"DDOST","RPL27A"
"DDOST","RPL32"
"DDOST","RPL37"
"DDOST","RPL37A"
"DDOST","RPL41"
"DDOST","RPLP0"
"DDOST","RPLP2"
"DDOST","RPN1"
"DDOST","RPS2"
"DDOST","RPS9"
"DDOST","RPS23"
"DDOST","SH3GL1"
"DDOST","SLC1A5"
"DDOST","SLC3A2"
"DDOST","SMARCD3"
"DDOST","STAT3"
"DDOST","SURF4"
"DDOST","TBCA"
"DDOST","UQCRC2"
"DDOST","SLC39A7"
"DDOST","CLPP"
"DDOST","RBM10"
"DDOST","RFXANK"
"DDOST","RPL14"
"DDOST","ZBED1"
"DDOST","MTA2"
"DDOST","ATP6V1F"
"DDOST","ARPC5"
"DDOST","ARPC1B"
"DDOST","PRMT5"
"DDOST","TUBGCP2"
"DDOST","OS9"
"DDOST","WDR6"
"DDOST","RPL35"
"DDOST","NUP210"
"DDOST","RPL13A"
"DDOST","KPNA6"
"DDOST","HSPBP1"
"DDOST","GSPT2"
"DDOST","DHRS7B"
"DDOST","TIMM13"
"DDOST","CPSF1"
"DDOST","SEC61A1"
"DDOST","GEMIN4"
"DDOST","PPAN"
"DDOST","XAB2"
"DDOST","PLSCR3"
"DDOST","THOC2"
"DDOST","LSM2"
"DDOST","SMAP1"
"DDOST","MRPL17"
"DDOST","SMYD3"
"DDOST","MUS81"
"DDOST","SLC44A4"
"DDOST","ZNF598"
"DDOST","ORMDL3"
"DDOST","FTSJ3"
"DDOST","TRAPPC5"
"DDOST","TUBB"
"DDOST","POLR2J2"
"DDOST","RNF149"
"DDX11","GTF2H4"
"DDX11","INCENP"
"DDX11","KIFC1"
"DDX11","MARS"
"DDX11","NONO"
"DDX11","PLK1"
"DDX11","PSMA4"
"DDX11","PSMC4"
"DDX11","RPL4"
"DDX11","RRM2"
"DDX11","SET"
"DDX11","HDAC3"
"DDX11","PKMYT1"
"DDX11","H2AFY"
"DDX11","MYBBP1A"
"DDX11","POLD3"
"DDX11","NUDC"
"DDX11","RPL35"
"DDX11","DNAJC9"
"DDX11","CPSF1"
"DDX11","EXOSC3"
"DDX11","PPAN"
"DDX11","EXOSC5"
"DDX11","CHTF18"
"DDX11","MUS81"
"DDX11","KLHDC3"
"DDX11","FTSJ3"
"TIMM8A","MARS"
"TIMM8A","MDH2"
"TIMM8A","NDUFB7"
"TIMM8A","NDUFB10"
"TIMM8A","NDUFV1"
"TIMM8A","PSMA4"
"TIMM8A","RPL36AL"
"TIMM8A","RPL37"
"TIMM8A","RPS23"
"TIMM8A","SDHC"
"TIMM8A","SET"
"TIMM8A","SURF4"
"TIMM8A","UQCRC2"
"TIMM8A","RPL14"
"TIMM8A","COX5A"
"TIMM8A","JOSD1"
"TIMM8A","RPL35"
"TIMM8A","TIMM13"
"TIMM8A","UQCRQ"
"TIMM8A","LSM2"
"TIMM8A","MRPL17"
"TIMM8A","CHCHD4"
"DLX5","MSX1"
"DYNC1H1","DNM2"
"DYNC1H1","EEF2"
"DYNC1H1","FLII"
"DYNC1H1","GNAI2"
"DYNC1H1","GNB1"
"DYNC1H1","GNL1"
"DYNC1H1","HLA-DRB1"
"DYNC1H1","KIFC1"
"DYNC1H1","MARS"
"DYNC1H1","MDH2"
"DYNC1H1","PCBP1"
"DYNC1H1","PCNT"
"DYNC1H1","PEPD"
"DYNC1H1","PLK1"
"DYNC1H1","PSMA4"
"DYNC1H1","PSMA7"
"DYNC1H1","PSMB4"
"DYNC1H1","PSMC4"
"DYNC1H1","RPL4"
"DYNC1H1","RPL8"
"DYNC1H1","RPL18"
"DYNC1H1","RPL30"
"DYNC1H1","RPLP0"
"DYNC1H1","RPLP2"
"DYNC1H1","TPM2"
"DYNC1H1","RPL14"
"DYNC1H1","ENTPD4"
"DYNC1H1","PRMT5"
"DYNC1H1","MYBBP1A"
"DYNC1H1","NUDC"
"DYNC1H1","TUBGCP2"
"DYNC1H1","RPL35"
"DYNC1H1","GABARAP"
"DYNC1H1","PSME4"
"DYNC1H1","GSPT2"
"DYNC1H1","TIMM13"
"DYNC1H1","CPSF1"
"DYNC1H1","PYCR2"
"DYNC1H1","DYNC1LI1"
"DYNC1H1","PPAN"
"DYNC1H1","THOC2"
"DYNC1H1","KLC2"
"DYNC1H1","ZNF598"
"DYNC1H1","OSBPL1A"
"DYNC1H1","TRAPPC5"
"DYNC1H1","TUBB"
"DYNC1H1","TUBB2B"
"DNM2","HCK"
"DNM2","PPIB"
"DNM2","RPS2"
"DNM2","SH3GL1"
"DNM2","VAV1"
"DNM2","PSTPIP1"
"DNM2","MPHOSPH6"
"DNM2","KLC2"
"TSC22D3","NFKB2"
"ECE1","IGF2R"
"ECE1","LAMP1"
"ECE1","DNAJC5"
"ECHS1","GSS"
"ECHS1","HINT1"
"ECHS1","IDH2"
"ECHS1","MDH2"
"ECHS1","NDUFB10"
"ECHS1","NDUFV1"
"ECHS1","PGK1"
"ECHS1","RPS2"
"ECHS1","SDHC"
"ECHS1","STAT3"
"ECHS1","UBE2V1"
"ECHS1","UGP2"
"ECHS1","UQCRC2"
"ECHS1","CLPP"
"ECHS1","COX5A"
"ECHS1","CCS"
"ECHS1","TXN2"
"ECHS1","DHRS7B"
"ECHS1","UQCRQ"
"ECHS1","ACAD9"
"ECHS1","CNDP2"
"ECHS1","MRPS24"
"ECHS1","DDA1"
"PHC1","EEF1G"
"PHC1","HDAC3"
"PHC1","MTA1"
"PHC1","ANAPC2"
"PHC1","PCGF6"
"PHC1","KLHDC3"
"EEF1G","EEF2"
"EEF1G","EIF5A"
"EEF1G","FRG1"
"EEF1G","GTF2H4"
"EEF1G","NPM1"
"EEF1G","P2RY11"
"EEF1G","PFDN1"
"EEF1G","PPIB"
"EEF1G","PSMB4"
"EEF1G","RPL4"
"EEF1G","RPL7"
"EEF1G","RPL8"
"EEF1G","RPL11"
"EEF1G","RPL18"
"EEF1G","RPL37A"
"EEF1G","RPLP0"
"EEF1G","RPLP2"
"EEF1G","RPS2"
"EEF1G","RPS23"
"EEF1G","PIAS1"
"EEF1G","MTA1"
"EEF1G","MYBBP1A"
"EEF1G","NUDC"
"EEF1G","RPL35"
"EEF1G","CPSF1"
"EEF1G","PPAN"
"EEF1G","EXOSC5"
"EEF1G","XAB2"
"EEF1G","LSM2"
"EEF1G","MUS81"
"EEF1G","FTSJ3"
"EEF1G","TSEN54"
"EEF2","EIF4A2"
"EEF2","EIF4EBP1"
"EEF2","EIF5A"
"EEF2","FAU"
"EEF2","FLII"
"EEF2","GLUD2"
"EEF2","GNB1"
"EEF2","GNB2"
"EEF2","GNL1"
"EEF2","HINT1"
"EEF2","IDH2"
"EEF2","MARS"
"EEF2","MDH2"
"EEF2","MSN"
"EEF2","MYL6"
"EEF2","NDUFV1"
"EEF2","NONO"
"EEF2","NPM1"
"EEF2","P2RY11"
"EEF2","PCBP1"
"EEF2","PCBP2"
"EEF2","PGK1"
"EEF2","POLR2L"
"EEF2","PPIB"
"EEF2","PSMA4"
"EEF2","PSMA7"
"EEF2","PSMB4"
"EEF2","PSMC4"
"EEF2","RAB5C"
"EEF2","RANGAP1"
"EEF2","RPL4"
"EEF2","RPL7"
"EEF2","RPL8"
"EEF2","RPL10"
"EEF2","RPL11"
"EEF2","RPL15"
"EEF2","RPL18"
"EEF2","RPL30"
"EEF2","RPL27A"
"EEF2","RPL32"
"EEF2","RPL36AL"
"EEF2","RPL37"
"EEF2","RPL37A"
"EEF2","RPL41"
"EEF2","RPLP0"
"EEF2","RPLP2"
"EEF2","MRPS12"
"EEF2","RPN1"
"EEF2","RPS2"
"EEF2","RPS9"
"EEF2","RPS21"
"EEF2","RPS23"
"EEF2","RRM2"
"EEF2","SET"
"EEF2","SH3GL1"
"EEF2","STAT3"
"EEF2","SURF4"
"EEF2","TSC2"
"EEF2","UGP2"
"EEF2","UQCRC2"
"EEF2","CLPP"
"EEF2","HIST1H2AC"
"EEF2","EIF4G3"
"EEF2","SQSTM1"
"EEF2","RPL14"
"EEF2","RAB11B"
"EEF2","ATP6V1F"
"EEF2","COX5A"
"EEF2","ENTPD4"
"EEF2","ARPC1B"
"EEF2","NPM3"
"EEF2","PRMT5"
"EEF2","MYBBP1A"
"EEF2","NUDC"
"EEF2","RPL35"
"EEF2","GABARAP"
"EEF2","EXOSC7"
"EEF2","WDTC1"
"EEF2","DNAJC9"
"EEF2","HARS2"
"EEF2","RPL13A"
"EEF2","KPNA6"
"EEF2","HSPBP1"
"EEF2","GSPT2"
"EEF2","TXN2"
"EEF2","DHRS7B"
"EEF2","TIMM13"
"EEF2","ANAPC2"
"EEF2","CPSF1"
"EEF2","PYCR2"
"EEF2","SEC61A1"
"EEF2","VPS28"
"EEF2","ISYNA1"
"EEF2","DPH5"
"EEF2","LSM7"
"EEF2","MRPL16"
"EEF2","PPAN"
"EEF2","XAB2"
"EEF2","THOC2"
"EEF2","LSM2"
"EEF2","MRPL17"
"EEF2","MRPS24"
"EEF2","PDCL3"
"EEF2","MUS81"
"EEF2","RHOT2"
"EEF2","ZNF598"
"EEF2","FTSJ3"
"EEF2","TRAPPC5"
"EEF2","HIPK4"
"EEF2","TUBB"
"EEF2","MRPL21"
"EEF2","HIST1H2AA"
"EEF2","POLR2J2"
"EEF2","TUBB2B"
"EGR1","HRAS"
"EGR1","IFIT2"
"EGR1","IRF2"
"EGR1","IRF3"
"EGR1","IRF7"
"EGR1","NPM1"
"EGR1","PITX1"
"EGR1","SP1"
"EGR1","SRF"
"EGR1","STAT3"
"EGR1","GDF15"
"EIF4A2","EIF4EBP1"
"EIF4A2","EIF5A"
"EIF4A2","GNAI2"
"EIF4A2","GNB1"
"EIF4A2","GNB2"
"EIF4A2","GNL1"
"EIF4A2","GTF2H4"
"EIF4A2","MARS"
"EIF4A2","MDH2"
"EIF4A2","MYL6"
"EIF4A2","NONO"
"EIF4A2","NPM1"
"EIF4A2","P2RY11"
"EIF4A2","PCBP1"
"EIF4A2","PCBP2"
"EIF4A2","PFDN1"
"EIF4A2","PFDN2"
"EIF4A2","PGK1"
"EIF4A2","PLK1"
"EIF4A2","PPIB"
"EIF4A2","PSMA4"
"EIF4A2","PSMA7"
"EIF4A2","PSMB4"
"EIF4A2","PSMC4"
"EIF4A2","RANGAP1"
"EIF4A2","RPL4"
"EIF4A2","RPL7"
"EIF4A2","RPL8"
"EIF4A2","RPL10"
"EIF4A2","RPL11"
"EIF4A2","RPL15"
"EIF4A2","RPL18"
"EIF4A2","RPL30"
"EIF4A2","RPL27A"
"EIF4A2","RPL32"
"EIF4A2","RPL36AL"
"EIF4A2","RPL37"
"EIF4A2","RPL37A"
"EIF4A2","RPL41"
"EIF4A2","RPLP0"
"EIF4A2","RPLP2"
"EIF4A2","RPN1"
"EIF4A2","RPS2"
"EIF4A2","RPS9"
"EIF4A2","RPS23"
"EIF4A2","SURF4"
"EIF4A2","HIST1H2AC"
"EIF4A2","EIF4G3"
"EIF4A2","RPL14"
"EIF4A2","PRMT5"
"EIF4A2","RPL35"
"EIF4A2","HARS2"
"EIF4A2","RPL13A"
"EIF4A2","KPNA6"
"EIF4A2","GSPT2"
"EIF4A2","CPSF1"
"EIF4A2","PYCR2"
"EIF4A2","CAB39"
"EIF4A2","PRMT8"
"EIF4A2","PPAN"
"EIF4A2","THOC2"
"EIF4A2","SMAP1"
"EIF4A2","MUS81"
"EIF4A2","ZNF598"
"EIF4A2","FTSJ3"
"EIF4A2","TRAPPC5"
"EIF4A2","TUBB"
"EIF4EBP1","RPLP0"
"EIF4EBP1","TSC2"
"EIF4EBP1","PIM2"
"EIF5A","EMD"
"EIF5A","GNB1"
"EIF5A","GNB2"
"EIF5A","GNL1"
"EIF5A","GTF2H4"
"EIF5A","HINT1"
"EIF5A","IDH2"
"EIF5A","KIFC1"
"EIF5A","MARS"
"EIF5A","MDH2"
"EIF5A","MYL6"
"EIF5A","NDUFV1"
"EIF5A","NONO"
"EIF5A","NPM1"
"EIF5A","P2RY11"
"EIF5A","PCBP1"
"EIF5A","PCBP2"
"EIF5A","PEPD"
"EIF5A","PFDN2"
"EIF5A","PGK1"
"EIF5A","PLK1"
"EIF5A","POLR2L"
"EIF5A","POR"
"EIF5A","PPIB"
"EIF5A","PPP2R5A"
"EIF5A","PSMA4"
"EIF5A","PSMA7"
"EIF5A","PSMB4"
"EIF5A","PSMC4"
"EIF5A","RAB5B"
"EIF5A","RAB5C"
"EIF5A","RANGAP1"
"EIF5A","RPL4"
"EIF5A","RPL7"
"EIF5A","RPL8"
"EIF5A","RPL10"
"EIF5A","RPL11"
"EIF5A","RPL15"
"EIF5A","RPL18"
"EIF5A","RPL30"
"EIF5A","RPL27A"
"EIF5A","RPL32"
"EIF5A","RPL36AL"
"EIF5A","RPL37"
"EIF5A","RPL37A"
"EIF5A","RPLP0"
"EIF5A","RPLP2"
"EIF5A","MRPS12"
"EIF5A","RPN1"
"EIF5A","RPS2"
"EIF5A","RPS9"
"EIF5A","RPS23"
"EIF5A","RRM2"
"EIF5A","SH3GL1"
"EIF5A","SURF4"
"EIF5A","UGP2"
"EIF5A","UQCRC2"
"EIF5A","RPL14"
"EIF5A","MTA1"
"EIF5A","ZBED1"
"EIF5A","ATP6V1F"
"EIF5A","COX5A"
"EIF5A","ARPC5"
"EIF5A","ARPC1B"
"EIF5A","PRMT5"
"EIF5A","ZNHIT1"
"EIF5A","MYBBP1A"
"EIF5A","AGPAT1"
"EIF5A","RPL35"
"EIF5A","GABARAP"
"EIF5A","RPL13A"
"EIF5A","GSPT2"
"EIF5A","TIMM13"
"EIF5A","CPSF1"
"EIF5A","PYCR2"
"EIF5A","SEC61A1"
"EIF5A","FIS1"
"EIF5A","ISYNA1"
"EIF5A","PCBP3"
"EIF5A","MRPL16"
"EIF5A","PPAN"
"EIF5A","EXOSC5"
"EIF5A","XAB2"
"EIF5A","LSM2"
"EIF5A","SMAP1"
"EIF5A","MRPL17"
"EIF5A","PDCL3"
"EIF5A","ZNF598"
"EIF5A","ORMDL3"
"EIF5A","FTSJ3"
"EIF5A","TRAPPC5"
"EIF5A","TUBB"
"EIF5A","POLR2J2"
"ELAVL3","PRMT8"
"ELF4","NPM1"
"ELF4","SET"
"EMD","MYL6"
"EMD","HDAC3"
"EMD","MTA1"
"EMD","RPL35"
"EMD","SEC61A1"
"EMD","LSM2"
"EMD","FATE1"
"EMD","TUBB"
"EPHB3","PTPRU"
"EPHB3","ILKAP"
"EXT2","SURF4"
"EXT2","SEC61A1"
"FANCG","FOXM1"
"FANCG","PLK1"
"FANCG","RTN2"
"FANCG","ZBED1"
"FANCG","FTSJ3"
"FAU","MSN"
"FAU","MYL6"
"FAU","NPM1"
"FAU","PCBP1"
"FAU","PSMB4"
"FAU","RPL4"
"FAU","RPL7"
"FAU","RPL8"
"FAU","RPL10"
"FAU","RPL11"
"FAU","RPL15"
"FAU","RPL18"
"FAU","RPL30"
"FAU","RPL27A"
"FAU","RPL32"
"FAU","RPL36AL"
"FAU","RPL37"
"FAU","RPL37A"
"FAU","RPL41"
"FAU","RPLP0"
"FAU","RPLP2"
"FAU","MRPS12"
"FAU","RPN1"
"FAU","RPS2"
"FAU","RPS9"
"FAU","RPS21"
"FAU","RPS23"
"FAU","SET"
"FAU","SH3GL1"
"FAU","STK24"
"FAU","RPL14"
"FAU","ARPC5"
"FAU","RPL35"
"FAU","GABARAP"
"FAU","RPL13A"
"FAU","VPS28"
"FAU","MRPL16"
"FAU","MRPL17"
"FAU","MRPS24"
"FAU","POLR2J2"
"FGF8","GBX2"
"FGF8","MSX1"
"FGF8","LHX2"
"FHIT","HINT1"
"FHIT","MDH2"
"FOXM1","KIFC1"
"FOXM1","PLK1"
"FOXM1","RRM2"
"FOXM1","SP1"
"FOXM1","STAT3"
"FOXM1","TACC3"
"FLII","GNAI2"
"FLII","HSPB1"
"FLII","RPL7"
"FLII","RPLP2"
"FLII","RPS9"
"FLII","HDAC3"
"FLII","ARPC1B"
"FLII","MYBBP1A"
"FLII","NUDC"
"FRG1","GTF2F1"
"FRG1","MSN"
"FRG1","NPM1"
"FRG1","PCBP1"
"FRG1","PSMA4"
"FRG1","PSMA7"
"FRG1","PSMB4"
"FRG1","RPL4"
"FRG1","RPL11"
"FRG1","RPL18"
"FRG1","RPL32"
"FRG1","RPL36AL"
"FRG1","RPL37"
"FRG1","RPL37A"
"FRG1","RPS9"
"FRG1","RPS23"
"FRG1","RRM2"
"FRG1","SET"
"FRG1","SF3A2"
"FRG1","PIAS1"
"FRG1","HDAC3"
"FRG1","RPL14"
"FRG1","MTA2"
"FRG1","MPHOSPH6"
"FRG1","NUDC"
"FRG1","RPL35"
"FRG1","PSME4"
"FRG1","CPSF1"
"FRG1","EXOSC3"
"FRG1","LSM7"
"FRG1","PAF1"
"FRG1","CTNNBL1"
"FRG1","XAB2"
"FRG1","LSM2"
"FRG1","FTSJ3"
"FSHR","HTR4"
"FSHR","SCTR"
"FSHR","ADM2"
"FTL","MYOG"
"FTL","RPLP0"
"FTL","MPHOSPH6"
"NR5A1","PITX1"
"NR5A1","SMARCD3"
"NR5A1","SP1"
"NR5A1","THRA"
"NR5A1","PIAS1"
"NR5A1","THOC2"
"GATA2","SPI1"
"GATA2","STAT3"
"GATA2","TAL1"
"GATA2","HDAC3"
"GATA2","ZBTB32"
"GATA2","ZFPM1"
"GGT1","GCLM"
"GGT1","GSS"
"GGT1","GSTM1"
"GGT1","CSAD"
"GJA8","LIM2"
"GCLM","GSS"
"GCLM","CNDP2"
"GLUD2","GNB2"
"GLUD2","GYS1"
"GLUD2","IDH2"
"GLUD2","MDH2"
"GLUD2","PGK1"
"GLUD2","PSMA4"
"GLUD2","PSMA7"
"GLUD2","PSMB4"
"GLUD2","PSMC4"
"GLUD2","RRM2"
"GLUD2","SDHC"
"GLUD2","ATP6V1F"
"GLUD2","COX5A"
"GNAI2","GNB1"
"GNAI2","GNB2"
"GNAI2","HCK"
"GNAI2","HRAS"
"GNAI2","KIFC1"
"GNAI2","MYL6"
"GNAI2","NPM1"
"GNAI2","PCBP1"
"GNAI2","PCBP2"
"GNAI2","PGK1"
"GNAI2","PLK1"
"GNAI2","PPIB"
"GNAI2","RPL7"
"GNAI2","RPLP0"
"GNAI2","RPS9"
"GNAI2","SP1"
"GNAI2","ZBED1"
"GNAI2","PTPRU"
"GNAI2","ARPC5"
"GNAI2","ARPC1B"
"GNAI2","RGS14"
"GNAI2","ARHGAP17"
"GNAI2","PDCL3"
"GNAI2","SLC44A4"
"GNAI2","TUBB"
"GNB1","GNB2"
"GNB1","MARS"
"GNB1","MSN"
"GNB1","NONO"
"GNB1","PCBP2"
"GNB1","PEPD"
"GNB1","PGK1"
"GNB1","PLK1"
"GNB1","PPIB"
"GNB1","PPP3CC"
"GNB1","PSMA7"
"GNB1","PSMB4"
"GNB1","PSMC4"
"GNB1","RAB5C"
"GNB1","RPL4"
"GNB1","RPL7"
"GNB1","RPL8"
"GNB1","RPL10"
"GNB1","RPL11"
"GNB1","RPL18"
"GNB1","RPL30"
"GNB1","RPL27A"
"GNB1","RPLP0"
"GNB1","RPLP2"
"GNB1","RPN1"
"GNB1","RPS2"
"GNB1","RPS9"
"GNB1","SH3GL1"
"GNB1","SURF4"
"GNB1","UGP2"
"GNB1","RPL14"
"GNB1","ATP6V1F"
"GNB1","ARPC5"
"GNB1","ARPC1B"
"GNB1","AGPAT1"
"GNB1","CAMKK2"
"GNB1","USP22"
"GNB1","HARS2"
"GNB1","RPL13A"
"GNB1","PYCR2"
"GNB1","SEC61A1"
"GNB1","VPS28"
"GNB1","CAB39"
"GNB1","PPAN"
"GNB1","THOC2"
"GNB1","UBL5"
"GNB1","SMAP1"
"GNB1","YIF1B"
"GNB1","TRAPPC5"
"GNB1","TUBB"
"GNB2","GNL1"
"GNB2","GTF2H4"
"GNB2","MARS"
"GNB2","MYL6"
"GNB2","NONO"
"GNB2","PCBP1"
"GNB2","PGK1"
"GNB2","PLK1"
"GNB2","POR"
"GNB2","PPIB"
"GNB2","PSMA4"
"GNB2","PSMA7"
"GNB2","PSMB4"
"GNB2","PSMC4"
"GNB2","RAB5C"
"GNB2","RPL4"
"GNB2","RPL7"
"GNB2","RPL11"
"GNB2","RPLP0"
"GNB2","RPLP2"
"GNB2","RPN1"
"GNB2","RPS2"
"GNB2","RPS9"
"GNB2","SH3GL1"
"GNB2","STAT3"
"GNB2","STAT5A"
"GNB2","SURF4"
"GNB2","RAB11B"
"GNB2","ATP6V1F"
"GNB2","ARPC5"
"GNB2","ARPC1B"
"GNB2","PRMT5"
"GNB2","CAMKK2"
"GNB2","GABARAP"
"GNB2","HARS2"
"GNB2","RPL13A"
"GNB2","TIMM13"
"GNB2","ANAPC2"
"GNB2","SEC61A1"
"GNB2","FIS1"
"GNB2","VPS28"
"GNB2","PPAN"
"GNB2","LSM2"
"GNB2","UBL5"
"GNB2","SMAP1"
"GNB2","PDCL3"
"GNB2","FTSJ3"
"GNB2","TRAPPC5"
"GNB2","TUBB"
"GNB2","POLR2J2"
"GNB2","TUBB2B"
"GNL1","P2RY11"
"GNL1","RANGAP1"
"GNL1","RPL4"
"GNL1","RPL7"
"GNL1","RPL10"
"GNL1","RPL11"
"GNL1","RPL15"
"GNL1","RPL30"
"GNL1","RPL27A"
"GNL1","RPL32"
"GNL1","RPLP0"
"GNL1","RPLP2"
"GNL1","RPS2"
"GNL1","RPS9"
"GNL1","RPS23"
"GNL1","EIF4G3"
"GNL1","RPL14"
"GNL1","MYBBP1A"
"GNL1","RPL13A"
"GNL1","KPNA6"
"GNL1","GSPT2"
"GNL1","CPSF1"
"GNL1","PRMT8"
"GNL1","PPAN"
"GNL1","SH3GLB2"
"GNL1","ZNF598"
"GNL1","FTSJ3"
"GP9","ITGA2B"
"GP9","VWF"
"UTS2R","FFAR2"
"UTS2R","PLCB2"
"UTS2R","PLCB3"
"UTS2R","RGS2"
"UTS2R","PROK2"
"FFAR2","PLCB2"
"FFAR2","PLCB3"
"FFAR2","RGS2"
"FFAR2","PROK2"
"GRN","HK3"
"GRN","NPM1"
"GRN","IFI30"
"GRN","SEC61A1"
"GRM4","NPY"
"GRM4","CXCR4"
"GRM4","RGS14"
"GRM4","NPW"
"GSS","GSTM1"
"GSS","IRF3"
"GSS","MSN"
"GSS","CNDP2"
"GTF2F1","GTF2H4"
"GTF2F1","IRF2"
"GTF2F1","IRF3"
"GTF2F1","IRF7"
"GTF2F1","PCBP1"
"GTF2F1","PCBP2"
"GTF2F1","POLR2L"
"GTF2F1","PSMA7"
"GTF2F1","PSMB4"
"GTF2F1","SRF"
"GTF2F1","SF3A2"
"GTF2F1","HDAC3"
"GTF2F1","MTA2"
"GTF2F1","PRMT5"
"GTF2F1","NUDC"
"GTF2F1","CPSF1"
"GTF2F1","PAF1"
"GTF2F1","XAB2"
"GTF2F1","MUS81"
"GTF2F1","TUBB"
"GTF2F1","POLR2J2"
"GTF2H4","MARS"
"GTF2H4","NONO"
"GTF2H4","NPM1"
"GTF2H4","P2RY11"
"GTF2H4","POLR2L"
"GTF2H4","PPIB"
"GTF2H4","PSMA4"
"GTF2H4","PSMB4"
"GTF2H4","PSMC4"
"GTF2H4","RPL4"
"GTF2H4","RPLP2"
"GTF2H4","RPN1"
"GTF2H4","RPS2"
"GTF2H4","SH3GL1"
"GTF2H4","USP5"
"GTF2H4","SF3A2"
"GTF2H4","CLPP"
"GTF2H4","HDAC3"
"GTF2H4","ZBED1"
"GTF2H4","PRMT5"
"GTF2H4","ZNHIT1"
"GTF2H4","MYBBP1A"
"GTF2H4","POLD3"
"GTF2H4","RPL35"
"GTF2H4","USP22"
"GTF2H4","HARS2"
"GTF2H4","GSPT2"
"GTF2H4","TIMM13"
"GTF2H4","ANAPC2"
"GTF2H4","CPSF1"
"GTF2H4","PYCR2"
"GTF2H4","PAF1"
"GTF2H4","PPAN"
"GTF2H4","XAB2"
"GTF2H4","MUS81"
"GTF2H4","FTSJ3"
"GTF2H4","TRAPPC5"
"GTF2H4","TUBB"
"GTF2H4","POLR2J2"
"GYS1","MDH2"
"GYS1","UGP2"
"GYS1","GABARAP"
"GYS1","DNAJC9"
"GYS1","SLC44A4"
"HBD","HBE1"
"HBD","HBQ1"
"HBD","HBZ"
"HBD","CYGB"
"HBE1","HBQ1"
"HBE1","HBZ"
"HBZ","SP1"
"HCFC1","IRF2"
"HCFC1","NONO"
"HCFC1","SP1"
"HCFC1","SAP30"
"HCFC1","MTA1"
"HCFC1","MTA2"
"HCFC1","SIN3B"
"HCFC1","ANAPC2"
"HCFC1","SUDS3"
"HCK","HRAS"
"HCK","IL6R"
"HCK","IRF2"
"HCK","MSN"
"HCK","PLAUR"
"HCK","RPL10"
"HCK","SOS1"
"HCK","STAT3"
"HCK","VAV1"
"HCK","ADAM15"
"HCK","PSTPIP1"
"HCK","ARPC1B"
"HCK","TNK2"
"HCK","SH3BP1"
"HCK","ILKAP"
"HINT1","MDH2"
"HINT1","NDUFB7"
"HINT1","NDUFB10"
"HINT1","NDUFV1"
"HINT1","P2RY11"
"HINT1","PGK1"
"HINT1","POLR2L"
"HINT1","PPIB"
"HINT1","PSMA4"
"HINT1","PSMA7"
"HINT1","PSMB4"
"HINT1","PSMC4"
"HINT1","RPL11"
"HINT1","RPL32"
"HINT1","RPL36AL"
"HINT1","RPS2"
"HINT1","RPS9"
"HINT1","RPS23"
"HINT1","SP1"
"HINT1","TBCA"
"HINT1","UQCRC2"
"HINT1","CLPP"
"HINT1","SAP30"
"HINT1","HDAC3"
"HINT1","RPL14"
"HINT1","MTA2"
"HINT1","ATP6V1F"
"HINT1","NUDC"
"HINT1","RPL35"
"HINT1","DNAJC9"
"HINT1","RPL13A"
"HINT1","TXN2"
"HINT1","TIMM13"
"HINT1","UQCRQ"
"HINT1","CHCHD2"
"HINT1","LSM7"
"HINT1","MRPL16"
"HINT1","PPAN"
"HINT1","UBL5"
"HINT1","MRPL17"
"HINT1","MRPL21"
"HK3","UGP2"
"HLA-DMA","HLA-DQA2"
"HLA-DMA","HLA-DRA"
"HLA-DMA","HLA-DRB1"
"HLA-DMA","HLA-G"
"HLA-DMA","VAMP8"
"HLA-DMA","IFI30"
"HLA-DQA2","HLA-DRB1"
"HLA-DQA2","HLA-G"
"HLA-DRA","HLA-DRB1"
"HLA-DRB1","HLA-G"
"HLA-DRB1","IRF2"
"HLA-DRB1","IRF3"
"HLA-DRB1","IRF7"
"HLA-DRB1","MSN"
"HLA-DRB1","CXCR4"
"HLA-DRB1","IFI30"
"HLA-DRB1","OSBPL1A"
"HLA-G","KIR2DL1"
"HLA-G","SEC61A1"
"HMGN2","RPL4"
"HMGN2","RPL7"
"HMGN2","RPL8"
"HMGN2","RPLP0"
"HMGN2","RPLP2"
"HMGN2","RPS2"
"TLX1","PPP2R5A"
"HOXC4","NCK2"
"HRAS","ITGB4"
"HRAS","NPM1"
"HRAS","PRKCG"
"HRAS","RAB5B"
"HRAS","SOS1"
"HRAS","STK11"
"HRAS","TP73"
"HRAS","TSC2"
"HRAS","VAV1"
"HRAS","SOCS1"
"HRAS","SLC9A3R2"
"HRAS","RASGRP2"
"HRAS","RABAC1"
"HRAS","RGS14"
"HRAS","FRS3"
"DNAJB2","FIS1"
"HSPB1","NPM1"
"HSPB1","PSMA4"
"HSPB1","PSMA7"
"HSPB1","PSMB4"
"HSPB1","PSMC4"
"HSPB1","STAT3"
"HSPB1","TNF"
"HSPB1","UNG"
"HSPB1","SQSTM1"
"HSPB1","PSME4"
"HTR3A","HTR4"
"HTR4","SCTR"
"HTR4","ADM2"
"IDH2","MDH2"
"IDH2","NDUFB10"
"IDH2","NDUFV1"
"IDH2","PEPD"
"IDH2","PPIB"
"IDH2","PSMA4"
"IDH2","PSMA7"
"IDH2","PSMC4"
"IDH2","RPL4"
"IDH2","RPL11"
"IDH2","RPLP0"
"IDH2","RPLP2"
"IDH2","MRPS12"
"IDH2","RPS2"
"IDH2","RPS9"
"IDH2","SDHC"
"IDH2","UGP2"
"IDH2","UQCRC2"
"IDH2","CLPP"
"IDH2","RPL14"
"IDH2","COX5A"
"IDH2","CCS"
"IDH2","RPL35"
"IDH2","GABARAP"
"IDH2","TIMM13"
"IDH2","FIS1"
"IDH2","MRPL17"
"IDH2","TRAPPC5"
"IDH2","TUBB"
"IFIT2","IRF2"
"IFIT2","IRF3"
"IFIT2","IRF7"
"IGF2R","LAMP1"
"IGF2R","MSN"
"IGF2R","PLAUR"
"IGF2R","RPL8"
"IGF2R","RPN1"
"IGF2R","SLC1A5"
"IGF2R","VAMP8"
"IGF2R","RPL14"
"IGF2R","TGOLN2"
"IGF2R","SEC61A1"
"IL6R","SOS1"
"IL6R","STAT3"
"IL6R","PIAS1"
"IL7R","ITGA2B"
"IL7R","MSN"
"IL7R","SPI1"
"IL7R","STAT3"
"IL7R","STAT5A"
"IL13","STAT4"
"INCENP","KIFC1"
"INCENP","PLK1"
"INCENP","RANGAP1"
"INCENP","TACC3"
"INCENP","POLD3"
"INCENP","NUDC"
"INCENP","CENPH"
"INCENP","TUBB"
"IRF2","IRF3"
"IRF2","IRF7"
"IRF2","SPI1"
"IRF2","CXCR4"
"IRF2","IFI30"
"IRF2","FOXK1"
"IRF2","IRF2BP2"
"IRF3","IRF7"
"IRF3","PITX1"
"IRF3","PPIB"
"IRF3","STAT3"
"IRF3","KHSRP"
"IRF3","SOCS1"
"IRF3","RIPK1"
"IRF3","HDAC3"
"IRF3","IFI30"
"IRF7","UBE2V1"
"IRF7","RIPK1"
"IRF7","IFI30"
"ITGA2B","ITGB4"
"ITGA2B","PF4"
"ITGA2B","SOS1"
"ITGA2B","STAT5A"
"ITGA2B","VWF"
"ITGA2B","GIT1"
"ITGB4","LAMA5"
"KIFC1","P2RY11"
"KIFC1","PCBP1"
"KIFC1","PCNT"
"KIFC1","PLK1"
"KIFC1","POLR2L"
"KIFC1","PPIB"
"KIFC1","PSMA4"
"KIFC1","PSMC4"
"KIFC1","RANGAP1"
"KIFC1","RPL4"
"KIFC1","RPL18"
"KIFC1","RPLP0"
"KIFC1","RPLP2"
"KIFC1","RPN1"
"KIFC1","RPS9"
"KIFC1","RRM2"
"KIFC1","SH3GL1"
"KIFC1","TBCA"
"KIFC1","HDAC3"
"KIFC1","PKMYT1"
"KIFC1","NUBP2"
"KIFC1","TACC3"
"KIFC1","POLD3"
"KIFC1","NUDC"
"KIFC1","TUBGCP2"
"KIFC1","DNAJC9"
"KIFC1","TIMM13"
"KIFC1","PPAN"
"KIFC1","CHTF18"
"KIFC1","MUS81"
"KIFC1","TRAPPC5"
"KIFC1","TUBB"
"KIFC1","TUBB2B"
"LAMA5","RAPSN"
"LAMA5","SPARC"
"LAMA5","CRTAP"
"LAMP1","PPIB"
"LAMP1","RAB5B"
"LAMP1","RAB5C"
"LAMP1","RPN1"
"LAMP1","SLC3A2"
"LAMP1","STAT3"
"LAMP1","VAMP8"
"LAMP1","GABARAP"
"LAMP1","SEC61A1"
"LAMP1","VPS37C"
"LIMK2","POR"
"LIMK2","ILKAP"
"FADS3","FADS2"
"LSS","POR"
"LSS","FADS2"
"LSS","AGPAT1"
"MARS","MDH2"
"MARS","NFKB2"
"MARS","NONO"
"MARS","P2RY11"
"MARS","PCBP1"
"MARS","PCBP2"
"MARS","PLK1"
"MARS","POLR2L"
"MARS","PSMA4"
"MARS","PSMA7"
"MARS","PSMB4"
"MARS","PSMC4"
"MARS","RANGAP1"
"MARS","RPL4"
"MARS","RPL7"
"MARS","RPL8"
"MARS","RPL10"
"MARS","RPL11"
"MARS","RPL15"
"MARS","RPL18"
"MARS","RPL30"
"MARS","RPL27A"
"MARS","RPL32"
"MARS","RPL36AL"
"MARS","RPL37"
"MARS","RPLP0"
"MARS","RPLP2"
"MARS","RPN1"
"MARS","RPS2"
"MARS","RPS9"
"MARS","RPS23"
"MARS","UQCRC2"
"MARS","CLPP"
"MARS","EIF4G3"
"MARS","RPL14"
"MARS","ZBED1"
"MARS","ATP6V1F"
"MARS","NUBP2"
"MARS","PRMT5"
"MARS","MYBBP1A"
"MARS","AGPAT1"
"MARS","NUDC"
"MARS","TUBGCP2"
"MARS","WDR6"
"MARS","RPL35"
"MARS","PDAP1"
"MARS","PSME4"
"MARS","SIN3B"
"MARS","HARS2"
"MARS","RPL13A"
"MARS","KPNA6"
"MARS","HSPBP1"
"MARS","GSPT2"
"MARS","TIMM13"
"MARS","CPSF1"
"MARS","PYCR2"
"MARS","SEC61A1"
"MARS","EXOSC3"
"MARS","PCBP3"
"MARS","PAF1"
"MARS","MRPL16"
"MARS","PRMT8"
"MARS","PPAN"
"MARS","EXOSC5"
"MARS","XAB2"
"MARS","THOC2"
"MARS","LSM2"
"MARS","SMAP1"
"MARS","CHTF18"
"MARS","PDCL3"
"MARS","MUS81"
"MARS","ZNF598"
"MARS","FTSJ3"
"MARS","TRAPPC5"
"MARS","TUBB"
"MARS","POLR2J2"
"MCL1","STAT3"
"MCL1","STAT5A"
"MCL1","HRK"
"MCL1","BBC3"
"MDH2","NDUFA3"
"MDH2","NDUFB7"
"MDH2","NDUFB10"
"MDH2","NDUFV1"
"MDH2","PCBP1"
"MDH2","PEPD"
"MDH2","PGK1"
"MDH2","PPIB"
"MDH2","PSMA4"
"MDH2","PSMB4"
"MDH2","PSMC4"
"MDH2","RPL4"
"MDH2","RPLP0"
"MDH2","RPLP2"
"MDH2","MRPS12"
"MDH2","RPS2"
"MDH2","RPS9"
"MDH2","SDHC"
"MDH2","SET"
"MDH2","UGP2"
"MDH2","UQCRC2"
"MDH2","CLPP"
"MDH2","NIPSNAP1"
"MDH2","RPL14"
"MDH2","COX7A2L"
"MDH2","RAB11B"
"MDH2","COX5A"
"MDH2","PRMT5"
"MDH2","NUDC"
"MDH2","RPL35"
"MDH2","PDAP1"
"MDH2","TXN2"
"MDH2","TIMM13"
"MDH2","UQCRQ"
"MDH2","CPSF1"
"MDH2","PYCR2"
"MDH2","FIS1"
"MDH2","CHCHD2"
"MDH2","VPS28"
"MDH2","ISYNA1"
"MDH2","NDUFB11"
"MDH2","MRPL17"
"MDH2","MRPS24"
"MDH2","PDCL3"
"MDH2","CHCHD4"
"MDH2","TUBB"
"MEF2D","MYOG"
"MEF2D","PPP3CC"
"MEF2D","SP1"
"MEF2D","HDAC3"
"MEF2D","PRMT5"
"MFNG","LHX2"
"MSI1","PRMT8"
"MSN","MYL6"
"MSN","NPM1"
"MSN","PGK1"
"MSN","PPIB"
"MSN","RAB5C"
"MSN","RPL4"
"MSN","RPL7"
"MSN","RPL8"
"MSN","RPL11"
"MSN","RPL27A"
"MSN","RPLP2"
"MSN","RPN1"
"MSN","RPS2"
"MSN","RPS9"
"MSN","RPS23"
"MSN","SELL"
"MSN","SET"
"MSN","SPN"
"MSN","STAT3"
"MSN","STAT5A"
"MSN","TMSB4X"
"MSN","CXCR4"
"MSN","STK24"
"MSN","RPL14"
"MSN","SLC9A3R2"
"MSN","ARPC5"
"MSN","ARPC1B"
"MSN","RPL35"
"MSN","FTSJ3"
"MSX1","SP1"
"MSX1","PIAS1"
"MSX1","LHX2"
"MYL2","MYL3"
"MYL2","TNNI1"
"MYL2","TNNI2"
"MYL2","TNNT3"
"MYL2","TPM2"
"MYL2","TCAP"
"MYL3","TNNI1"
"MYL3","TNNI2"
"MYL3","TNNT3"
"MYL3","TPM2"
"MYL3","TCAP"
"MYL6","NPM1"
"MYL6","PCBP1"
"MYL6","PGK1"
"MYL6","PPIB"
"MYL6","RAB5C"
"MYL6","RPL4"
"MYL6","RPL7"
"MYL6","RPL8"
"MYL6","RPL11"
"MYL6","RPL15"
"MYL6","RPL18"
"MYL6","RPL27A"
"MYL6","RPL36AL"
"MYL6","RPLP0"
"MYL6","RPLP2"
"MYL6","RPS2"
"MYL6","RPS9"
"MYL6","RPS23"
"MYL6","TMSB4X"
"MYL6","RBM10"
"MYL6","RPL14"
"MYL6","RAB11B"
"MYL6","ARPC5"
"MYL6","RPL35"
"MYL6","GABARAP"
"MYL6","RPL13A"
"MYL6","TXN2"
"MYL6","SEC61A1"
"MYL6","VPS28"
"MYL6","TUBB"
"MYOG","SP1"
"MYOG","SRF"
"MYOG","TFAP4"
"MYOG","PRMT5"
"MYOG","NES"
"MYOG","CCDC28A"
"MYT1","PLK1"
"MYT1","SIN3B"
"NDUFA3","NDUFB7"
"NDUFA3","NDUFB10"
"NDUFA3","NDUFV1"
"NDUFA3","UQCRC2"
"NDUFA3","COX5A"
"NDUFA3","UQCRQ"
"NDUFA3","FIS1"
"NDUFA3","NDUFB11"
"NDUFA3","NDUFS7"
"NDUFB7","NDUFB10"
"NDUFB7","NDUFV1"
"NDUFB7","PSMB4"
"NDUFB7","MRPS12"
"NDUFB7","SDHC"
"NDUFB7","UQCRC2"
"NDUFB7","CLPP"
"NDUFB7","COX7A2L"
"NDUFB7","COX5A"
"NDUFB7","ZNHIT1"
"NDUFB7","NUDC"
"NDUFB7","TIMM13"
"NDUFB7","UQCRQ"
"NDUFB7","FIS1"
"NDUFB7","CHCHD2"
"NDUFB7","NDUFB11"
"NDUFB7","MRPL17"
"NDUFB7","MRPS24"
"NDUFB7","RHOT2"
"NDUFB7","POLR2J2"
"NDUFB7","NDUFS7"
"NDUFB10","NDUFV1"
"NDUFB10","PSMA7"
"NDUFB10","MRPS12"
"NDUFB10","SDHC"
"NDUFB10","UQCRC2"
"NDUFB10","CLPP"
"NDUFB10","NIPSNAP1"
"NDUFB10","COX7A2L"
"NDUFB10","ATP6V1F"
"NDUFB10","COX5A"
"NDUFB10","ZNHIT1"
"NDUFB10","TXN2"
"NDUFB10","TIMM13"
"NDUFB10","UQCRQ"
"NDUFB10","CHCHD2"
"NDUFB10","NDUFB11"
"NDUFB10","MRPL16"
"NDUFB10","MRPL17"
"NDUFB10","MRPS24"
"NDUFB10","RHOT2"
"NDUFB10","MRPL52"
"NDUFB10","CHCHD4"
"NDUFB10","NDUFS7"
"NDUFV1","PFDN1"
"NDUFV1","PGK1"
"NDUFV1","PSMA4"
"NDUFV1","PSMA7"
"NDUFV1","PSMB4"
"NDUFV1","PSMC4"
"NDUFV1","RPL4"
"NDUFV1","RPL8"
"NDUFV1","RPL18"
"NDUFV1","RPL36AL"
"NDUFV1","RPLP0"
"NDUFV1","MRPS12"
"NDUFV1","SDHC"
"NDUFV1","UGP2"
"NDUFV1","UQCRC2"
"NDUFV1","CLPP"
"NDUFV1","NIPSNAP1"
"NDUFV1","RPL14"
"NDUFV1","COX7A2L"
"NDUFV1","ATP6V1F"
"NDUFV1","COX5A"
"NDUFV1","CCS"
"NDUFV1","NUDC"
"NDUFV1","RPL35"
"NDUFV1","DNAJC9"
"NDUFV1","RPL13A"
"NDUFV1","HSPBP1"
"NDUFV1","TXN2"
"NDUFV1","TIMM13"
"NDUFV1","UQCRQ"
"NDUFV1","ANAPC2"
"NDUFV1","FIS1"
"NDUFV1","CHCHD2"
"NDUFV1","NDUFB11"
"NDUFV1","MRPL16"
"NDUFV1","MRPL17"
"NDUFV1","MRPS24"
"NDUFV1","ALKBH7"
"NDUFV1","RHOT2"
"NDUFV1","CHCHD4"
"NDUFV1","MRPL21"
"NDUFV1","POLR2J2"
"NDUFV1","NDUFS7"
"NFATC4","PPP3CC"
"NFKB2","NFKBIB"
"NFKB2","RELB"
"NFKB2","RPL7"
"NFKB2","RPL11"
"NFKB2","RPL18"
"NFKB2","RPL30"
"NFKB2","RPLP0"
"NFKB2","RPLP2"
"NFKB2","SP1"
"NFKB2","USP2"
"NFKB2","TNIP1"
"NFKB2","MYBBP1A"
"NFKB2","TUBGCP2"
"NFKB2","GEMIN4"
"NFKB2","TUBB"
"NFKBIB","POLR2L"
"NFKBIB","RPL7"
"NFKBIB","RPL11"
"NFKBIB","RPL30"
"NFKBIB","RPLP0"
"NFKBIB","S100A8"
"NFKBIB","RIPK1"
"NFKBIB","CCDC28A"
"NFKBIB","TUBB"
"NQO2","RELB"
"NQO2","DGCR6"
"NQO2","IL32"
"NONO","NPM1"
"NONO","P2RY11"
"NONO","PCBP1"
"NONO","PCBP2"
"NONO","PGK1"
"NONO","PLK1"
"NONO","POLR2L"
"NONO","PPIB"
"NONO","PSMA4"
"NONO","PSMA7"
"NONO","PSMB4"
"NONO","PSMC4"
"NONO","RELB"
"NONO","RPL4"
"NONO","RPL7"
"NONO","RPL8"
"NONO","RPL10"
"NONO","RPL11"
"NONO","RPL15"
"NONO","RPL30"
"NONO","RPL27A"
"NONO","RPL32"
"NONO","RPL37"
"NONO","RPLP0"
"NONO","RPLP2"
"NONO","RPN1"
"NONO","RPS2"
"NONO","RPS9"
"NONO","RPS23"
"NONO","RRM2"
"NONO","SET"
"NONO","SPI1"
"NONO","SURF4"
"NONO","TBCA"
"NONO","TPM2"
"NONO","RBM10"
"NONO","STK24"
"NONO","PIAS1"
"NONO","KHSRP"
"NONO","HDAC3"
"NONO","RPL14"
"NONO","ZBED1"
"NONO","MTA2"
"NONO","ARPC1B"
"NONO","MYBBP1A"
"NONO","NUDC"
"NONO","WDR6"
"NONO","RPL35"
"NONO","EXOSC7"
"NONO","PSME4"
"NONO","SIN3B"
"NONO","USP22"
"NONO","RPL13A"
"NONO","ANAPC2"
"NONO","CPSF1"
"NONO","SEC61A1"
"NONO","GEMIN4"
"NONO","EXOSC3"
"NONO","LSM7"
"NONO","UBE2R2"
"NONO","MRPL16"
"NONO","ARHGAP17"
"NONO","PPAN"
"NONO","EXOSC5"
"NONO","XAB2"
"NONO","THOC2"
"NONO","LSM2"
"NONO","PDCL3"
"NONO","GEMIN7"
"NONO","FTSJ3"
"NONO","TUBB"
"NONO","POLR2J2"
"NONO","TSEN54"
"NPY","CXCR4"
"NPY","RGS14"
"NPY","NPW"
"NPM1","NUMA1"
"NPM1","P2RY11"
"NPM1","PCBP1"
"NPM1","PCBP2"
"NPM1","PLK1"
"NPM1","PLP2"
"NPM1","PSMA4"
"NPM1","PSMA7"
"NPM1","PSMB4"
"NPM1","PSMC4"
"NPM1","RPL4"
"NPM1","RPL7"
"NPM1","RPL8"
"NPM1","RPL10"
"NPM1","RPL11"
"NPM1","RPL15"
"NPM1","RPL18"
"NPM1","RPL30"
"NPM1","RPL27A"
"NPM1","RPL32"
"NPM1","RPL36AL"
"NPM1","RPL37"
"NPM1","RPL37A"
"NPM1","RPL41"
"NPM1","RPLP0"
"NPM1","RPLP2"
"NPM1","RPS2"
"NPM1","RPS9"
"NPM1","RPS23"
"NPM1","SET"
"NPM1","DYRK2"
"NPM1","NIPSNAP1"
"NPM1","PIAS1"
"NPM1","HDAC3"
"NPM1","SQSTM1"
"NPM1","RPL14"
"NPM1","MTA2"
"NPM1","ARPC5"
"NPM1","NPM3"
"NPM1","PRMT5"
"NPM1","MYBBP1A"
"NPM1","NUDC"
"NPM1","RPL35"
"NPM1","PDAP1"
"NPM1","EXOSC7"
"NPM1","NUP210"
"NPM1","DNAJC9"
"NPM1","RPL13A"
"NPM1","PADI4"
"NPM1","CPSF1"
"NPM1","GEMIN4"
"NPM1","EXOSC3"
"NPM1","CTNNBL1"
"NPM1","PPAN"
"NPM1","THOC2"
"NPM1","LSM2"
"NPM1","CENPH"
"NPM1","KCTD17"
"NPM1","OSBPL1A"
"NPM1","FTSJ3"
"NPM1","MRPL52"
"NPM1","CHCHD4"
"NPM1","TUBB"
"P2RY11","PCBP1"
"P2RY11","PCBP2"
"P2RY11","PFDN2"
"P2RY11","PLK1"
"P2RY11","POLR2L"
"P2RY11","PSMA4"
"P2RY11","PSMA7"
"P2RY11","PSMC4"
"P2RY11","RANGAP1"
"P2RY11","RPL4"
"P2RY11","RPL7"
"P2RY11","RPL10"
"P2RY11","RPL11"
"P2RY11","RPL15"
"P2RY11","RPL18"
"P2RY11","RPL30"
"P2RY11","RPL27A"
"P2RY11","RPL32"
"P2RY11","RPL37"
"P2RY11","RPLP0"
"P2RY11","RPLP2"
"P2RY11","RPN1"
"P2RY11","RPS2"
"P2RY11","RPS9"
"P2RY11","RPS23"
"P2RY11","RRM2"
"P2RY11","SH3GL1"
"P2RY11","TBCA"
"P2RY11","HIST1H2AC"
"P2RY11","RPL14"
"P2RY11","POM121"
"P2RY11","PRMT5"
"P2RY11","MYBBP1A"
"P2RY11","TUBGCP2"
"P2RY11","HARS2"
"P2RY11","RPL13A"
"P2RY11","KPNA6"
"P2RY11","GSPT2"
"P2RY11","TIMM13"
"P2RY11","ANAPC2"
"P2RY11","CPSF1"
"P2RY11","PYCR2"
"P2RY11","EXOSC3"
"P2RY11","DPH5"
"P2RY11","PAF1"
"P2RY11","KLHDC4"
"P2RY11","CTNNBL1"
"P2RY11","PRMT8"
"P2RY11","EXOSC5"
"P2RY11","XAB2"
"P2RY11","LSM2"
"P2RY11","MRPL17"
"P2RY11","CHTF18"
"P2RY11","MUS81"
"P2RY11","ZNF598"
"P2RY11","FTSJ3"
"P2RY11","TRAPPC5"
"P2RY11","TUBB"
"P2RY11","POLR2J2"
"PAM","TSC2"
"PCBP1","PCBP2"
"PCBP1","PGK1"
"PCBP1","PLK1"
"PCBP1","POLR2L"
"PCBP1","PPIB"
"PCBP1","PSMA4"
"PCBP1","PSMA7"
"PCBP1","PSMB4"
"PCBP1","PSMC4"
"PCBP1","RAB5C"
"PCBP1","RPL4"
"PCBP1","RPL7"
"PCBP1","RPL8"
"PCBP1","RPL10"
"PCBP1","RPL11"
"PCBP1","RPL15"
"PCBP1","RPL18"
"PCBP1","RPL30"
"PCBP1","RPL27A"
"PCBP1","RPL32"
"PCBP1","RPL36AL"
"PCBP1","RPL37"
"PCBP1","RPLP0"
"PCBP1","RPLP2"
"PCBP1","RPN1"
"PCBP1","RPS2"
"PCBP1","RPS9"
"PCBP1","RPS23"
"PCBP1","RRM2"
"PCBP1","SET"
"PCBP1","SH3GL1"
"PCBP1","SP1"
"PCBP1","STAT3"
"PCBP1","SURF4"
"PCBP1","TBCA"
"PCBP1","UGP2"
"PCBP1","UQCRC2"
"PCBP1","USP5"
"PCBP1","SF3A2"
"PCBP1","CLPP"
"PCBP1","RBM10"
"PCBP1","STK24"
"PCBP1","BAZ1B"
"PCBP1","RPL14"
"PCBP1","ZBED1"
"PCBP1","MTA2"
"PCBP1","ATP6V1F"
"PCBP1","COX5A"
"PCBP1","ARPC5"
"PCBP1","ARPC1B"
"PCBP1","PRMT5"
"PCBP1","MYBBP1A"
"PCBP1","POLD3"
"PCBP1","NUDC"
"PCBP1","TUBGCP2"
"PCBP1","WDR6"
"PCBP1","RPL35"
"PCBP1","DHX30"
"PCBP1","EXOSC7"
"PCBP1","PSME4"
"PCBP1","SIN3B"
"PCBP1","USP22"
"PCBP1","HARS2"
"PCBP1","RPL13A"
"PCBP1","HSPBP1"
"PCBP1","GSPT2"
"PCBP1","TIMM13"
"PCBP1","ANAPC2"
"PCBP1","CPSF1"
"PCBP1","PYCR2"
"PCBP1","EXOSC3"
"PCBP1","VPS28"
"PCBP1","ISYNA1"
"PCBP1","LSM7"
"PCBP1","PCBP3"
"PCBP1","PAF1"
"PCBP1","ARHGAP17"
"PCBP1","PPAN"
"PCBP1","EXOSC5"
"PCBP1","XAB2"
"PCBP1","PLSCR3"
"PCBP1","THOC2"
"PCBP1","LSM2"
"PCBP1","CHTF18"
"PCBP1","PDCL3"
"PCBP1","MUS81"
"PCBP1","REEP4"
"PCBP1","ZNF598"
"PCBP1","FTSJ3"
"PCBP1","TRAPPC5"
"PCBP1","TUBB"
"PCBP1","TSEN54"
"PCBP2","POLR2L"
"PCBP2","PPIB"
"PCBP2","PSMA4"
"PCBP2","PSMA7"
"PCBP2","PSMC4"
"PCBP2","RPL4"
"PCBP2","RPL7"
"PCBP2","RPL8"
"PCBP2","RPL10"
"PCBP2","RPL11"
"PCBP2","RPL15"
"PCBP2","RPL30"
"PCBP2","RPL27A"
"PCBP2","RPL32"
"PCBP2","RPL37A"
"PCBP2","RPLP0"
"PCBP2","RPLP2"
"PCBP2","RPN1"
"PCBP2","RPS2"
"PCBP2","RPS9"
"PCBP2","RRM2"
"PCBP2","SH3GL1"
"PCBP2","SF3A2"
"PCBP2","KHSRP"
"PCBP2","BAZ1B"
"PCBP2","RPL14"
"PCBP2","MTA1"
"PCBP2","MTA2"
"PCBP2","PRMT5"
"PCBP2","MYBBP1A"
"PCBP2","TUBGCP2"
"PCBP2","RPL35"
"PCBP2","SIN3B"
"PCBP2","HARS2"
"PCBP2","RPL13A"
"PCBP2","GSPT2"
"PCBP2","TIMM13"
"PCBP2","ANAPC2"
"PCBP2","CPSF1"
"PCBP2","GEMIN4"
"PCBP2","EXOSC3"
"PCBP2","PPAN"
"PCBP2","EXOSC5"
"PCBP2","XAB2"
"PCBP2","THOC2"
"PCBP2","LSM2"
"PCBP2","MUS81"
"PCBP2","ZNF598"
"PCBP2","FTSJ3"
"PCBP2","TSEN54"
"PCNT","PLK1"
"PCNT","MTA2"
"PCNT","TUBGCP2"
"PCNT","DYNC1LI1"
"PEPD","PPIB"
"PEPD","PSMA4"
"PEPD","PSMC4"
"PEPD","RPLP0"
"PEPD","RPS9"
"PEPD","GSPT2"
"PEPD","TIMM13"
"PEPD","ARHGAP17"
"PEPD","CNDP2"
"PF4","SPARC"
"PF4","TMSB4X"
"PF4","VEGFB"
"PF4","VWF"
"PFDN1","PFDN2"
"PFDN1","PSMA4"
"PFDN1","RPL4"
"PFDN1","RPL7"
"PFDN1","RPL11"
"PFDN1","RPL15"
"PFDN1","RPL18"
"PFDN1","RPL27A"
"PFDN1","RPL32"
"PFDN1","RPL36AL"
"PFDN1","RPL37"
"PFDN1","RPLP0"
"PFDN1","RPLP2"
"PFDN1","RPS23"
"PFDN1","SH3GL1"
"PFDN1","RPL14"
"PFDN1","NUBP2"
"PFDN1","PRMT5"
"PFDN1","RPL35"
"PFDN1","TIMM13"
"PFDN1","GIT1"
"PFDN1","LSM2"
"PFDN1","MRPS24"
"PFDN1","CHCHD4"
"PFDN1","TUBB2B"
"PFDN2","PGK1"
"PFDN2","POLR2L"
"PFDN2","PSMA4"
"PFDN2","PSMA7"
"PFDN2","PSMB4"
"PFDN2","PSMC4"
"PFDN2","RPL4"
"PFDN2","RPL11"
"PFDN2","RPLP2"
"PFDN2","RPS9"
"PFDN2","TBCA"
"PFDN2","ZNHIT1"
"PFDN2","RPL35"
"PFDN2","GSPT2"
"PFDN2","TIMM13"
"PFDN2","PAF1"
"PFDN2","PPAN"
"PFDN2","TUBB"
"PFDN2","TUBB2B"
"PGK1","PPIB"
"PGK1","PSMA4"
"PGK1","PSMA7"
"PGK1","PSMB4"
"PGK1","PSMC4"
"PGK1","RAB5C"
"PGK1","RPL4"
"PGK1","RPL7"
"PGK1","RPL8"
"PGK1","RPL10"
"PGK1","RPL11"
"PGK1","RPL15"
"PGK1","RPL30"
"PGK1","RPL27A"
"PGK1","RPL32"
"PGK1","RPL36AL"
"PGK1","RPLP0"
"PGK1","RPLP2"
"PGK1","RPN1"
"PGK1","RPS2"
"PGK1","RPS9"
"PGK1","RPS23"
"PGK1","UGP2"
"PGK1","UQCRC2"
"PGK1","RPL14"
"PGK1","COX5A"
"PGK1","ENTPD4"
"PGK1","NUDC"
"PGK1","RPL35"
"PGK1","HARS2"
"PGK1","RPL13A"
"PGK1","PYCR2"
"PGK1","MRPL16"
"PGK1","PPAN"
"PGK1","SH3GLB2"
"PGK1","DDA1"
"PGK1","TRAPPC5"
"PGK1","TUBB"
"PGK1","POLR2J2"
"PGK1","TUBB2B"
"PHF1","TFCP2"
"PITX1","ZBTB32"
"PLAUR","PLP2"
"PLAUR","TBCA"
"PLAUR","VTN"
"PLCB2","PLCB3"
"PLCB2","SLC9A3R2"
"PLCB2","PIP5K1C"
"PLCB2","PROK2"
"PLCB3","PRKCG"
"PLCB3","SLC9A3R2"
"PLCB3","PIP5K1C"
"PLCB3","PROK2"
"PLK1","POLR2L"
"PLK1","PPIB"
"PLK1","PSMA4"
"PLK1","PSMA7"
"PLK1","PSMB4"
"PLK1","PSMC4"
"PLK1","RANGAP1"
"PLK1","RPL4"
"PLK1","RPL18"
"PLK1","RPLP2"
"PLK1","RPN1"
"PLK1","RPS9"
"PLK1","RRM2"
"PLK1","SNCB"
"PLK1","TSC2"
"PLK1","HIST1H2AC"
"PLK1","HDAC3"
"PLK1","PKMYT1"
"PLK1","ZBED1"
"PLK1","MTA2"
"PLK1","PRMT5"
"PLK1","TACC3"
"PLK1","MYBBP1A"
"PLK1","POLD3"
"PLK1","NUDC"
"PLK1","TUBGCP2"
"PLK1","PSME4"
"PLK1","KPNA6"
"PLK1","TIMM13"
"PLK1","ANAPC2"
"PLK1","GEMIN4"
"PLK1","DYNC1LI1"
"PLK1","CALML5"
"PLK1","PPAN"
"PLK1","EXOSC5"
"PLK1","XAB2"
"PLK1","CHTF18"
"PLK1","CENPH"
"PLK1","MUS81"
"PLK1","BRSK1"
"PLK1","CNTROB"
"PLK1","TUBB"
"PLK1","HIST1H2AA"
"PLP2","POR"
"PLP2","TBXAS1"
"PLP2","SEC61A1"
"PLP2","TUBB"
"POLR2L","POR"
"POLR2L","PPIB"
"POLR2L","PSMA4"
"POLR2L","PSMA7"
"POLR2L","PSMB4"
"POLR2L","PSMC4"
"POLR2L","RPL4"
"POLR2L","RPL7"
"POLR2L","RPL10"
"POLR2L","RPL11"
"POLR2L","RPL15"
"POLR2L","RPL30"
"POLR2L","RPL27A"
"POLR2L","RPL32"
"POLR2L","RPL36AL"
"POLR2L","RPL37"
"POLR2L","RPL37A"
"POLR2L","RPLP0"
"POLR2L","RPLP2"
"POLR2L","MRPS12"
"POLR2L","RPN1"
"POLR2L","RPS2"
"POLR2L","RPS9"
"POLR2L","RPS23"
"POLR2L","RRM2"
"POLR2L","SMARCD3"
"POLR2L","TBCA"
"POLR2L","SF3A2"
"POLR2L","HIST1H2AC"
"POLR2L","RPL14"
"POLR2L","ATP6V1F"
"POLR2L","ENTPD4"
"POLR2L","ARPC5"
"POLR2L","ARPC1B"
"POLR2L","PRMT5"
"POLR2L","MYBBP1A"
"POLR2L","NUDC"
"POLR2L","RPL35"
"POLR2L","USP22"
"POLR2L","HARS2"
"POLR2L","RPL13A"
"POLR2L","TIMM13"
"POLR2L","ANAPC2"
"POLR2L","CPSF1"
"POLR2L","SEC61A1"
"POLR2L","EXOSC3"
"POLR2L","FIS1"
"POLR2L","LSM7"
"POLR2L","PAF1"
"POLR2L","PPAN"
"POLR2L","EXOSC5"
"POLR2L","XAB2"
"POLR2L","THOC2"
"POLR2L","LSM2"
"POLR2L","UBL5"
"POLR2L","SMAP1"
"POLR2L","MUS81"
"POLR2L","YIF1B"
"POLR2L","FTSJ3"
"POLR2L","TRAPPC5"
"POLR2L","HIST1H2AA"
"POLR2L","POLR2J2"
"POR","PPIB"
"POR","RPL4"
"POR","SURF4"
"POR","SLC39A7"
"POR","ATP6V1F"
"POR","ENTPD4"
"POR","PYCR2"
"POR","SEC61A1"
"POU3F1","POU3F4"
"POU3F4","SIX3"
"PPIB","PSMA4"
"PPIB","PSMA7"
"PPIB","PSMB4"
"PPIB","PSMC4"
"PPIB","RAB5B"
"PPIB","RAB5C"
"PPIB","RANGAP1"
"PPIB","RPL4"
"PPIB","RPL7"
"PPIB","RPL8"
"PPIB","RPL10"
"PPIB","RPL11"
"PPIB","RPL15"
"PPIB","RPL18"
"PPIB","RPL30"
"PPIB","RPL27A"
"PPIB","RPL32"
"PPIB","RPL36AL"
"PPIB","RPL37"
"PPIB","RPL37A"
"PPIB","RPLP0"
"PPIB","RPLP2"
"PPIB","MRPS12"
"PPIB","RPN1"
"PPIB","RPS2"
"PPIB","RPS9"
"PPIB","RPS23"
"PPIB","RRM2"
"PPIB","SET"
"PPIB","SLC3A2"
"PPIB","SMARCD3"
"PPIB","SP1"
"PPIB","STAT3"
"PPIB","STAT5A"
"PPIB","SURF4"
"PPIB","TBCA"
"PPIB","UGP2"
"PPIB","SLC39A7"
"PPIB","STK24"
"PPIB","HDAC3"
"PPIB","RPL14"
"PPIB","ZBED1"
"PPIB","ATP6V1F"
"PPIB","ENTPD4"
"PPIB","ARPC5"
"PPIB","ARPC1B"
"PPIB","TNIP1"
"PPIB","NPM3"
"PPIB","PRMT5"
"PPIB","ZNHIT1"
"PPIB","CRTAP"
"PPIB","MYBBP1A"
"PPIB","RABAC1"
"PPIB","NUDC"
"PPIB","OS9"
"PPIB","RPL35"
"PPIB","GABARAP"
"PPIB","USP22"
"PPIB","HARS2"
"PPIB","RPL13A"
"PPIB","TXN2"
"PPIB","TIMM13"
"PPIB","ANAPC2"
"PPIB","CPSF1"
"PPIB","PYCR2"
"PPIB","SEC61A1"
"PPIB","FIS1"
"PPIB","ISYNA1"
"PPIB","DPH5"
"PPIB","PAF1"
"PPIB","UBE2R2"
"PPIB","ARHGAP17"
"PPIB","QRSL1"
"PPIB","CNDP2"
"PPIB","XAB2"
"PPIB","LSM2"
"PPIB","FKBP10"
"PPIB","MRPL17"
"PPIB","PDCL3"
"PPIB","MUS81"
"PPIB","SLC44A4"
"PPIB","FTSJ3"
"PPIB","TRAPPC5"
"PPIB","TUBB"
"PPIB","MRPL21"
"PPIB","POLR2J2"
"PPP2R5A","PSMA4"
"PPP2R5A","PSMA7"
"PPP2R5A","PSMC4"
"PPP2R5A","RPL7"
"PPP2R5A","RPLP2"
"PPP2R5A","SET"
"PPP2R5A","EIF4G3"
"PPP3CC","RPLP2"
"PPP3CC","GSPT2"
"PPP3CC","BIN2"
"PPP3CC","ARHGAP17"
"PPP3CC","PPAN"
"PPP3CC","PDCL3"
"PPP3CC","PPP1R1B"
"PRKCG","RGS2"
"PRRG2","FATE1"
"PSMA4","PSMA7"
"PSMA4","PSMB4"
"PSMA4","PSMC4"
"PSMA4","RAB5C"
"PSMA4","RANGAP1"
"PSMA4","RPL4"
"PSMA4","RPL7"
"PSMA4","RPL8"
"PSMA4","RPL10"
"PSMA4","RPL11"
"PSMA4","RPL15"
"PSMA4","RPL18"
"PSMA4","RPL30"
"PSMA4","RPL27A"
"PSMA4","RPL32"
"PSMA4","RPL36AL"
"PSMA4","RPL37"
"PSMA4","RPL37A"
"PSMA4","RPLP0"
"PSMA4","RPLP2"
"PSMA4","RPN1"
"PSMA4","RPS2"
"PSMA4","RPS9"
"PSMA4","RPS23"
"PSMA4","RRM2"
"PSMA4","SET"
"PSMA4","SH3GL1"
"PSMA4","SURF4"
"PSMA4","TBCA"
"PSMA4","UBE2V1"
"PSMA4","UGP2"
"PSMA4","UQCRC2"
"PSMA4","ZNF35"
"PSMA4","CLPP"
"PSMA4","RBM10"
"PSMA4","HIST1H2AC"
"PSMA4","STK24"
"PSMA4","EIF4G3"
"PSMA4","HDAC3"
"PSMA4","RPL14"
"PSMA4","PKMYT1"
"PSMA4","ZBED1"
"PSMA4","MTA2"
"PSMA4","ATP6V1F"
"PSMA4","COX5A"
"PSMA4","ARPC5"
"PSMA4","ARPC1B"
"PSMA4","NUBP2"
"PSMA4","NPM3"
"PSMA4","PRMT5"
"PSMA4","ZNHIT1"
"PSMA4","MYBBP1A"
"PSMA4","NUDC"
"PSMA4","TUBGCP2"
"PSMA4","RPL35"
"PSMA4","PDAP1"
"PSMA4","GABARAP"
"PSMA4","EXOSC7"
"PSMA4","PSME4"
"PSMA4","DNAJC9"
"PSMA4","SIN3B"
"PSMA4","USP22"
"PSMA4","HARS2"
"PSMA4","RPL13A"
"PSMA4","KPNA6"
"PSMA4","HSPBP1"
"PSMA4","GSPT2"
"PSMA4","TXN2"
"PSMA4","DHRS7B"
"PSMA4","TIMM13"
"PSMA4","ANAPC2"
"PSMA4","CPSF1"
"PSMA4","PYCR2"
"PSMA4","SEC61A1"
"PSMA4","GEMIN4"
"PSMA4","EXOSC3"
"PSMA4","FIS1"
"PSMA4","VPS28"
"PSMA4","CAB39"
"PSMA4","PAF1"
"PSMA4","MRPL16"
"PSMA4","CTNNBL1"
"PSMA4","PRMT8"
"PSMA4","PPAN"
"PSMA4","SH3GLB2"
"PSMA4","EXOSC5"
"PSMA4","XAB2"
"PSMA4","PLSCR3"
"PSMA4","THOC2"
"PSMA4","LSM2"
"PSMA4","UBL5"
"PSMA4","SMAP1"
"PSMA4","MRPL17"
"PSMA4","CHTF18"
"PSMA4","SMYD3"
"PSMA4","PDCL3"
"PSMA4","MUS81"
"PSMA4","SLC44A4"
"PSMA4","RHOT2"
"PSMA4","YIF1B"
"PSMA4","ZNF598"
"PSMA4","KLHDC3"
"PSMA4","FTSJ3"
"PSMA4","TRAPPC5"
"PSMA4","TUBB"
"PSMA4","HIST1H2AA"
"PSMA4","POLR2J2"
"PSMA7","PSMB4"
"PSMA7","PSMC4"
"PSMA7","RPL4"
"PSMA7","RPL7"
"PSMA7","RPL8"
"PSMA7","RPL10"
"PSMA7","RPL11"
"PSMA7","RPL15"
"PSMA7","RPL18"
"PSMA7","RPL30"
"PSMA7","RPL27A"
"PSMA7","RPL32"
"PSMA7","RPL36AL"
"PSMA7","RPL37"
"PSMA7","RPL37A"
"PSMA7","RPLP0"
"PSMA7","RPLP2"
"PSMA7","RPN1"
"PSMA7","RPS2"
"PSMA7","RPS9"
"PSMA7","RPS23"
"PSMA7","RRM2"
"PSMA7","SET"
"PSMA7","SH3GL1"
"PSMA7","SURF4"
"PSMA7","TBCA"
"PSMA7","UBE2V1"
"PSMA7","UGP2"
"PSMA7","UQCRC2"
"PSMA7","CLPP"
"PSMA7","RBM10"
"PSMA7","STK24"
"PSMA7","HDAC3"
"PSMA7","SQSTM1"
"PSMA7","RPL14"
"PSMA7","ZBED1"
"PSMA7","ATP6V1F"
"PSMA7","ARPC1B"
"PSMA7","ZNHIT1"
"PSMA7","MYBBP1A"
"PSMA7","NUDC"
"PSMA7","TUBGCP2"
"PSMA7","RPL35"
"PSMA7","PDAP1"
"PSMA7","GABARAP"
"PSMA7","EXOSC7"
"PSMA7","PSME4"
"PSMA7","DNAJC9"
"PSMA7","HARS2"
"PSMA7","RPL13A"
"PSMA7","GSPT2"
"PSMA7","TIMM13"
"PSMA7","ANAPC2"
"PSMA7","CPSF1"
"PSMA7","PYCR2"
"PSMA7","SEC61A1"
"PSMA7","GEMIN4"
"PSMA7","EXOSC3"
"PSMA7","CHCHD2"
"PSMA7","VPS28"
"PSMA7","CAB39"
"PSMA7","PAF1"
"PSMA7","MRPL16"
"PSMA7","CTNNBL1"
"PSMA7","PPAN"
"PSMA7","EXOSC5"
"PSMA7","XAB2"
"PSMA7","LSM2"
"PSMA7","UBL5"
"PSMA7","KLC2"
"PSMA7","MRPS24"
"PSMA7","PDCL3"
"PSMA7","MUS81"
"PSMA7","SLC44A4"
"PSMA7","ZNF598"
"PSMA7","FTSJ3"
"PSMA7","MRPL52"
"PSMA7","TRAPPC5"
"PSMA7","TUBB"
"PSMA7","POLR2J2"
"PSMB4","PSMC4"
"PSMB4","RPL4"
"PSMB4","RPL7"
"PSMB4","RPL8"
"PSMB4","RPL10"
"PSMB4","RPL11"
"PSMB4","RPL15"
"PSMB4","RPL18"
"PSMB4","RPL27A"
"PSMB4","RPL32"
"PSMB4","RPL36AL"
"PSMB4","RPL37"
"PSMB4","RPL37A"
"PSMB4","RPLP0"
"PSMB4","RPLP2"
"PSMB4","RPN1"
"PSMB4","RPS2"
"PSMB4","RPS9"
"PSMB4","RPS23"
"PSMB4","RRM2"
"PSMB4","SDHC"
"PSMB4","SET"
"PSMB4","SURF4"
"PSMB4","TBCA"
"PSMB4","UQCRC2"
"PSMB4","CLPP"
"PSMB4","RBM10"
"PSMB4","HDAC3"
"PSMB4","SQSTM1"
"PSMB4","RPL14"
"PSMB4","ZBED1"
"PSMB4","ATP6V1F"
"PSMB4","COX5A"
"PSMB4","ARPC5"
"PSMB4","ARPC1B"
"PSMB4","NUBP2"
"PSMB4","MPHOSPH6"
"PSMB4","PRMT5"
"PSMB4","ZNHIT1"
"PSMB4","MYBBP1A"
"PSMB4","NUDC"
"PSMB4","RPL35"
"PSMB4","EXOSC7"
"PSMB4","PSME4"
"PSMB4","DNAJC9"
"PSMB4","HARS2"
"PSMB4","RPL13A"
"PSMB4","GSPT2"
"PSMB4","DHRS7B"
"PSMB4","TIMM13"
"PSMB4","ANAPC2"
"PSMB4","CPSF1"
"PSMB4","PYCR2"
"PSMB4","SEC61A1"
"PSMB4","DYNC1LI1"
"PSMB4","VPS28"
"PSMB4","LSM7"
"PSMB4","CAB39"
"PSMB4","PAF1"
"PSMB4","UBE2R2"
"PSMB4","MRPL16"
"PSMB4","ARHGAP17"
"PSMB4","CTNNBL1"
"PSMB4","XAB2"
"PSMB4","PLSCR3"
"PSMB4","LSM2"
"PSMB4","UBL5"
"PSMB4","PDCL3"
"PSMB4","MUS81"
"PSMB4","SLC44A4"
"PSMB4","ZNF598"
"PSMB4","FTSJ3"
"PSMB4","MRPL52"
"PSMB4","TRAPPC5"
"PSMB4","POLR2J2"
"PSMC4","RAB5C"
"PSMC4","RPL4"
"PSMC4","RPL7"
"PSMC4","RPL8"
"PSMC4","RPL10"
"PSMC4","RPL11"
"PSMC4","RPL15"
"PSMC4","RPL18"
"PSMC4","RPL30"
"PSMC4","RPL27A"
"PSMC4","RPL32"
"PSMC4","RPL36AL"
"PSMC4","RPL37"
"PSMC4","RPLP0"
"PSMC4","RPLP2"
"PSMC4","MRPS12"
"PSMC4","RPN1"
"PSMC4","RPS2"
"PSMC4","RPS9"
"PSMC4","RPS23"
"PSMC4","RRM2"
"PSMC4","SET"
"PSMC4","SURF4"
"PSMC4","TBCA"
"PSMC4","UGP2"
"PSMC4","USP5"
"PSMC4","CLPP"
"PSMC4","STK24"
"PSMC4","RFXANK"
"PSMC4","EIF4G3"
"PSMC4","HDAC3"
"PSMC4","RPL14"
"PSMC4","ZBED1"
"PSMC4","ATP6V1F"
"PSMC4","COX5A"
"PSMC4","ARPC5"
"PSMC4","ARPC1B"
"PSMC4","PRMT5"
"PSMC4","MYBBP1A"
"PSMC4","RABAC1"
"PSMC4","NUDC"
"PSMC4","TUBGCP2"
"PSMC4","RPL35"
"PSMC4","GABARAP"
"PSMC4","EXOSC7"
"PSMC4","PSME4"
"PSMC4","SIN3B"
"PSMC4","USP22"
"PSMC4","HARS2"
"PSMC4","RPL13A"
"PSMC4","GSPT2"
"PSMC4","TIMM13"
"PSMC4","ANAPC2"
"PSMC4","CPSF1"
"PSMC4","PYCR2"
"PSMC4","SEC61A1"
"PSMC4","EXOSC3"
"PSMC4","FIS1"
"PSMC4","CAB39"
"PSMC4","PAF1"
"PSMC4","KLHDC4"
"PSMC4","UBE2R2"
"PSMC4","ARHGAP17"
"PSMC4","CTNNBL1"
"PSMC4","PRMT8"
"PSMC4","PPAN"
"PSMC4","EXOSC5"
"PSMC4","XAB2"
"PSMC4","PLSCR3"
"PSMC4","THOC2"
"PSMC4","LSM2"
"PSMC4","SMAP1"
"PSMC4","MRPL17"
"PSMC4","CHTF18"
"PSMC4","PDCL3"
"PSMC4","MUS81"
"PSMC4","SLC44A4"
"PSMC4","RHOT2"
"PSMC4","KLHDC3"
"PSMC4","FTSJ3"
"PSMC4","TRAPPC5"
"PSMC4","TUBB"
"PSMC4","POLR2J2"
"PSMC4","TSEN54"
"PSMC4","SERINC2"
"PTMS","NUBP2"
"RAB5B","RAB5C"
"RAB5B","RPN1"
"RAB5B","SH3GL1"
"RAB5B","SP1"
"RAB5B","DYRK1B"
"RAB5B","RAB11B"
"RAB5B","ATP6V1F"
"RAB5B","ENTPD4"
"RAB5B","RABAC1"
"RAB5B","SH3BP1"
"RAB5B","GSPT2"
"RAB5B","TIMM13"
"RAB5B","SEC61A1"
"RAB5B","ARHGAP17"
"RAB5B","PDXP"
"RAB5B","SMAP1"
"RAB5B","YIF1B"
"RAB5B","CHCHD4"
"RAB5B","SERINC2"
"RAB5C","RPL4"
"RAB5C","RPLP0"
"RAB5C","RPLP2"
"RAB5C","MRPS12"
"RAB5C","RPN1"
"RAB5C","SH3GL1"
"RAB5C","SURF4"
"RAB5C","DYRK1B"
"RAB5C","RAB11B"
"RAB5C","ATP6V1F"
"RAB5C","ARPC5"
"RAB5C","ABCA7"
"RAB5C","RABAC1"
"RAB5C","SH3BP1"
"RAB5C","GSPT2"
"RAB5C","TIMM13"
"RAB5C","PYCR2"
"RAB5C","SEC61A1"
"RAB5C","FIS1"
"RAB5C","VPS28"
"RAB5C","ARHGAP17"
"RAB5C","PDXP"
"RAB5C","SMAP1"
"RAB5C","YIF1B"
"RAB5C","SERINC2"
"RANGAP1","RPL7"
"RANGAP1","RPL11"
"RANGAP1","RPL15"
"RANGAP1","RPL27A"
"RANGAP1","RPL37A"
"RANGAP1","RPS9"
"RANGAP1","RRM2"
"RANGAP1","SF3A2"
"RANGAP1","HDAC3"
"RANGAP1","RPL14"
"RANGAP1","ARPC1B"
"RANGAP1","MYBBP1A"
"RANGAP1","NUDC"
"RANGAP1","NUP210"
"RANGAP1","DNAJC9"
"RANGAP1","HARS2"
"RANGAP1","RPL13A"
"RANGAP1","TIMM13"
"RANGAP1","DYNC1LI1"
"RANGAP1","PPAN"
"RANGAP1","CENPH"
"RANGAP1","TUBB"
"RANGAP1","TUBB2B"
"RELB","RPL30"
"RELB","RPLP0"
"RELB","RPLP2"
"RELB","TNF"
"RELB","USP11"
"RELB","HDAC3"
"RELB","KPNA6"
"RELB","TUBB"
"RGS2","NIPSNAP1"
"RGS2","PROK2"
"RPL4","RPL7"
"RPL4","RPL8"
"RPL4","RPL10"
"RPL4","RPL11"
"RPL4","RPL15"
"RPL4","RPL18"
"RPL4","RPL30"
"RPL4","RPL27A"
"RPL4","RPL32"
"RPL4","RPL36AL"
"RPL4","RPL37"
"RPL4","RPL37A"
"RPL4","RPL41"
"RPL4","RPLP0"
"RPL4","RPLP2"
"RPL4","MRPS12"
"RPL4","RPN1"
"RPL4","RPS2"
"RPL4","RPS9"
"RPL4","RPS21"
"RPL4","RPS23"
"RPL4","RRM2"
"RPL4","SET"
"RPL4","SMARCD3"
"RPL4","STAT3"
"RPL4","STAT5A"
"RPL4","SURF4"
"RPL4","TBCA"
"RPL4","UQCRC2"
"RPL4","CLPP"
"RPL4","RBM10"
"RPL4","HIST1H2AC"
"RPL4","STK24"
"RPL4","DYRK2"
"RPL4","PIAS1"
"RPL4","EIF4G3"
"RPL4","HDAC3"
"RPL4","RPL14"
"RPL4","MTA2"
"RPL4","IL32"
"RPL4","ATP6V1F"
"RPL4","COX5A"
"RPL4","PQBP1"
"RPL4","ARPC5"
"RPL4","ARPC1B"
"RPL4","PRMT5"
"RPL4","MYBBP1A"
"RPL4","RABAC1"
"RPL4","NUDC"
"RPL4","WDR6"
"RPL4","RPL35"
"RPL4","PDAP1"
"RPL4","EXOSC7"
"RPL4","PSME4"
"RPL4","NUP210"
"RPL4","DNAJC9"
"RPL4","SMG6"
"RPL4","USP22"
"RPL4","HARS2"
"RPL4","RPL13A"
"RPL4","KPNA6"
"RPL4","HSPBP1"
"RPL4","GSPT2"
"RPL4","TIMM13"
"RPL4","ANAPC2"
"RPL4","CPSF1"
"RPL4","PYCR2"
"RPL4","SEC61A1"
"RPL4","GEMIN4"
"RPL4","EXOSC3"
"RPL4","VPS28"
"RPL4","DPH5"
"RPL4","PAF1"
"RPL4","KLHDC4"
"RPL4","UBE2R2"
"RPL4","MRPL16"
"RPL4","ARHGAP17"
"RPL4","PRMT8"
"RPL4","PPAN"
"RPL4","EXOSC5"
"RPL4","XAB2"
"RPL4","THOC2"
"RPL4","LSM2"
"RPL4","SMAP1"
"RPL4","MRPL17"
"RPL4","MRPS24"
"RPL4","PDCL3"
"RPL4","MUS81"
"RPL4","FTSJ3"
"RPL4","TRAPPC5"
"RPL4","TUBB"
"RPL4","MRPL21"
"RPL4","HIST1H2AA"
"RPL4","POLR2J2"
"RPL4","TSEN54"
"RPL4","RNF149"
"RPL4","TUBB2B"
"RPL7","RPL8"
"RPL7","RPL10"
"RPL7","RPL11"
"RPL7","RPL15"
"RPL7","RPL18"
"RPL7","RPL30"
"RPL7","RPL27A"
"RPL7","RPL32"
"RPL7","RPL36AL"
"RPL7","RPL37"
"RPL7","RPL37A"
"RPL7","RPL41"
"RPL7","RPLP0"
"RPL7","RPLP2"
"RPL7","MRPS12"
"RPL7","RPN1"
"RPL7","RPS2"
"RPL7","RPS9"
"RPL7","RPS21"
"RPL7","RPS23"
"RPL7","RRM2"
"RPL7","SET"
"RPL7","SH3GL1"
"RPL7","UQCRC2"
"RPL7","CLPP"
"RPL7","RBM10"
"RPL7","HIST1H2AC"
"RPL7","STK24"
"RPL7","DYRK2"
"RPL7","PIAS1"
"RPL7","RPL14"
"RPL7","ZBED1"
"RPL7","MTA2"
"RPL7","ARPC5"
"RPL7","PRMT5"
"RPL7","MYBBP1A"
"RPL7","WDR6"
"RPL7","RPL35"
"RPL7","PDAP1"
"RPL7","EXOSC7"
"RPL7","DNAJC9"
"RPL7","SMG6"
"RPL7","HARS2"
"RPL7","RPL13A"
"RPL7","GSPT2"
"RPL7","DHRS7B"
"RPL7","TIMM13"
"RPL7","CPSF1"
"RPL7","PYCR2"
"RPL7","SEC61A1"
"RPL7","VPS28"
"RPL7","DPH5"
"RPL7","MRPL16"
"RPL7","PRMT8"
"RPL7","PPAN"
"RPL7","THOC2"
"RPL7","LSM2"
"RPL7","MRPL17"
"RPL7","MRPS24"
"RPL7","PDCL3"
"RPL7","MUS81"
"RPL7","FTSJ3"
"RPL7","TRAPPC5"
"RPL7","TUBB"
"RPL7","MRPL21"
"RPL7","HIST1H2AA"
"RPL7","POLR2J2"
"RPL7","TUBB2B"
"RPL8","RPL10"
"RPL8","RPL11"
"RPL8","RPL15"
"RPL8","RPL18"
"RPL8","RPL30"
"RPL8","RPL27A"
"RPL8","RPL32"
"RPL8","RPL36AL"
"RPL8","RPL37"
"RPL8","RPL37A"
"RPL8","RPL41"
"RPL8","RPLP0"
"RPL8","RPLP2"
"RPL8","MRPS12"
"RPL8","RPN1"
"RPL8","RPS2"
"RPL8","RPS9"
"RPL8","RPS21"
"RPL8","RPS23"
"RPL8","RRM2"
"RPL8","SET"
"RPL8","SLC1A5"
"RPL8","TBCA"
"RPL8","UQCRC2"
"RPL8","CLPP"
"RPL8","RBM10"
"RPL8","HIST1H2AC"
"RPL8","STK24"
"RPL8","PIAS1"
"RPL8","HDAC3"
"RPL8","RPL14"
"RPL8","MTA2"
"RPL8","COX5A"
"RPL8","ARPC1B"
"RPL8","NUBP2"
"RPL8","PRMT5"
"RPL8","MYBBP1A"
"RPL8","NUDC"
"RPL8","RPL35"
"RPL8","PDAP1"
"RPL8","GABARAP"
"RPL8","EXOSC7"
"RPL8","DNAJC9"
"RPL8","SMG6"
"RPL8","HARS2"
"RPL8","RPL13A"
"RPL8","GSPT2"
"RPL8","TXN2"
"RPL8","DHRS7B"
"RPL8","CPSF1"
"RPL8","PYCR2"
"RPL8","SEC61A1"
"RPL8","GEMIN4"
"RPL8","VPS28"
"RPL8","DPH5"
"RPL8","KLHDC4"
"RPL8","DUSP23"
"RPL8","MRPL16"
"RPL8","CHDH"
"RPL8","PPAN"
"RPL8","THOC2"
"RPL8","MRPL17"
"RPL8","MRPS24"
"RPL8","FTSJ3"
"RPL8","MRPL52"
"RPL8","TUBB"
"RPL8","MRPL21"
"RPL8","HIST1H2AA"
"RPL8","POLR2J2"
"RPL8","RNF149"
"RPL8","TUBB2B"
"RPL10","RPL11"
"RPL10","RPL15"
"RPL10","RPL18"
"RPL10","RPL30"
"RPL10","RPL27A"
"RPL10","RPL32"
"RPL10","RPL36AL"
"RPL10","RPL37"
"RPL10","RPL37A"
"RPL10","RPL41"
"RPL10","RPLP0"
"RPL10","RPLP2"
"RPL10","MRPS12"
"RPL10","RPN1"
"RPL10","RPS2"
"RPL10","RPS9"
"RPL10","RPS21"
"RPL10","RPS23"
"RPL10","HIST1H2AC"
"RPL10","RPL14"
"RPL10","PRMT5"
"RPL10","MYBBP1A"
"RPL10","RPL35"
"RPL10","HARS2"
"RPL10","RPL13A"
"RPL10","GSPT2"
"RPL10","TIMM13"
"RPL10","PYCR2"
"RPL10","SEC61A1"
"RPL10","EXOSC3"
"RPL10","PPAN"
"RPL10","EXOSC5"
"RPL10","MRPL17"
"RPL10","FTSJ3"
"RPL10","TRAPPC5"
"RPL10","TUBB"
"RPL10","HIST1H2AA"
"RPL10","POLR2J2"
"RPL11","RPL15"
"RPL11","RPL18"
"RPL11","RPL30"
"RPL11","RPL27A"
"RPL11","RPL32"
"RPL11","RPL36AL"
"RPL11","RPL37"
"RPL11","RPL37A"
"RPL11","RPL41"
"RPL11","RPLP0"
"RPL11","RPLP2"
"RPL11","MRPS12"
"RPL11","RPN1"
"RPL11","RPS2"
"RPL11","RPS9"
"RPL11","RPS21"
"RPL11","RPS23"
"RPL11","RRM2"
"RPL11","SET"
"RPL11","SH3GL1"
"RPL11","STAT3"
"RPL11","SURF4"
"RPL11","TBCA"
"RPL11","RBM10"
"RPL11","HIST1H2AC"
"RPL11","PIAS1"
"RPL11","HDAC3"
"RPL11","RPL14"
"RPL11","ZBED1"
"RPL11","MTA2"
"RPL11","ARPC5"
"RPL11","ARPC1B"
"RPL11","PRMT5"
"RPL11","MYBBP1A"
"RPL11","NUDC"
"RPL11","TUBGCP2"
"RPL11","RPL35"
"RPL11","EXOSC7"
"RPL11","DNAJC9"
"RPL11","SMG6"
"RPL11","HARS2"
"RPL11","RPL13A"
"RPL11","GSPT2"
"RPL11","TIMM13"
"RPL11","CPSF1"
"RPL11","PYCR2"
"RPL11","SEC61A1"
"RPL11","GEMIN4"
"RPL11","EXOSC3"
"RPL11","PAIP2"
"RPL11","DPH5"
"RPL11","LSM7"
"RPL11","MRPL16"
"RPL11","ARHGAP17"
"RPL11","CTNNBL1"
"RPL11","PRMT8"
"RPL11","PPAN"
"RPL11","EXOSC5"
"RPL11","XAB2"
"RPL11","THOC2"
"RPL11","LSM2"
"RPL11","MRPL17"
"RPL11","MRPS24"
"RPL11","PDCL3"
"RPL11","MUS81"
"RPL11","SLC44A4"
"RPL11","FTSJ3"
"RPL11","TRAPPC5"
"RPL11","TUBB"
"RPL11","MRPL21"
"RPL11","HIST1H2AA"
"RPL11","POLR2J2"
"RPL11","RNF149"
"RPL15","RPL18"
"RPL15","RPL30"
"RPL15","RPL27A"
"RPL15","RPL32"
"RPL15","RPL36AL"
"RPL15","RPL37"
"RPL15","RPL37A"
"RPL15","RPL41"
"RPL15","RPLP0"
"RPL15","RPLP2"
"RPL15","RPN1"
"RPL15","RPS2"
"RPL15","RPS9"
"RPL15","RPS21"
"RPL15","RPS23"
"RPL15","RRM2"
"RPL15","SET"
"RPL15","HIST1H2AC"
"RPL15","RPL14"
"RPL15","PRMT5"
"RPL15","MYBBP1A"
"RPL15","RPL35"
"RPL15","GABARAP"
"RPL15","EXOSC7"
"RPL15","DNAJC9"
"RPL15","SMG6"
"RPL15","HARS2"
"RPL15","RPL13A"
"RPL15","GSPT2"
"RPL15","TIMM13"
"RPL15","PYCR2"
"RPL15","SEC61A1"
"RPL15","GEMIN4"
"RPL15","MRPL16"
"RPL15","PRMT8"
"RPL15","PPAN"
"RPL15","MRPL17"
"RPL15","FTSJ3"
"RPL15","TRAPPC5"
"RPL15","TUBB"
"RPL15","MRPL21"
"RPL15","HIST1H2AA"
"RPL15","POLR2J2"
"RPL18","RPL30"
"RPL18","RPL27A"
"RPL18","RPL32"
"RPL18","RPL36AL"
"RPL18","RPL37"
"RPL18","RPL37A"
"RPL18","RPL41"
"RPL18","RPLP0"
"RPL18","RPLP2"
"RPL18","RPN1"
"RPL18","RPS2"
"RPL18","RPS9"
"RPL18","RPS21"
"RPL18","RPS23"
"RPL18","RRM2"
"RPL18","SET"
"RPL18","HIST1H2AC"
"RPL18","PIAS1"
"RPL18","RPL14"
"RPL18","MTA2"
"RPL18","ATP6V1F"
"RPL18","COX5A"
"RPL18","ARPC5"
"RPL18","ARPC1B"
"RPL18","PRMT5"
"RPL18","MYBBP1A"
"RPL18","RPL35"
"RPL18","GABARAP"
"RPL18","EXOSC7"
"RPL18","DNAJC9"
"RPL18","HARS2"
"RPL18","RPL13A"
"RPL18","HSPBP1"
"RPL18","GSPT2"
"RPL18","DHRS7B"
"RPL18","TIMM13"
"RPL18","CPSF1"
"RPL18","PYCR2"
"RPL18","SEC61A1"
"RPL18","GEMIN4"
"RPL18","EXOSC3"
"RPL18","DPH5"
"RPL18","PRMT8"
"RPL18","PPAN"
"RPL18","THOC2"
"RPL18","MRPL17"
"RPL18","FTSJ3"
"RPL18","MRPL52"
"RPL18","TUBB"
"RPL18","MRPL21"
"RPL30","RPL27A"
"RPL30","RPL32"
"RPL30","RPL36AL"
"RPL30","RPL37"
"RPL30","RPL37A"
"RPL30","RPL41"
"RPL30","RPLP0"
"RPL30","RPLP2"
"RPL30","MRPS12"
"RPL30","RPN1"
"RPL30","RPS2"
"RPL30","RPS9"
"RPL30","RPS21"
"RPL30","RPS23"
"RPL30","SET"
"RPL30","HIST1H2AC"
"RPL30","PIAS1"
"RPL30","EIF4G3"
"RPL30","RPL14"
"RPL30","ZBED1"
"RPL30","ARPC5"
"RPL30","MYBBP1A"
"RPL30","RPL35"
"RPL30","EXOSC7"
"RPL30","SMG6"
"RPL30","HARS2"
"RPL30","RPL13A"
"RPL30","GSPT2"
"RPL30","TIMM13"
"RPL30","PYCR2"
"RPL30","MRPL16"
"RPL30","ARHGAP17"
"RPL30","PPAN"
"RPL30","PDCL3"
"RPL30","MUS81"
"RPL30","FTSJ3"
"RPL30","TRAPPC5"
"RPL30","TUBB"
"RPL30","POLR2J2"
"RPL27A","RPL32"
"RPL27A","RPL36AL"
"RPL27A","RPL37"
"RPL27A","RPL37A"
"RPL27A","RPL41"
"RPL27A","RPLP0"
"RPL27A","RPLP2"
"RPL27A","MRPS12"
"RPL27A","RPN1"
"RPL27A","RPS2"
"RPL27A","RPS9"
"RPL27A","RPS21"
"RPL27A","RPS23"
"RPL27A","SET"
"RPL27A","RBM10"
"RPL27A","HIST1H2AC"
"RPL27A","RPL14"
"RPL27A","PRMT5"
"RPL27A","MYBBP1A"
"RPL27A","RPL35"
"RPL27A","PDAP1"
"RPL27A","DNAJC9"
"RPL27A","SMG6"
"RPL27A","HARS2"
"RPL27A","RPL13A"
"RPL27A","GSPT2"
"RPL27A","TIMM13"
"RPL27A","PYCR2"
"RPL27A","SEC61A1"
"RPL27A","VPS28"
"RPL27A","DPH5"
"RPL27A","MRPL16"
"RPL27A","PRMT8"
"RPL27A","PPAN"
"RPL27A","THOC2"
"RPL27A","MRPL17"
"RPL27A","MUS81"
"RPL27A","FTSJ3"
"RPL27A","TRAPPC5"
"RPL27A","TUBB"
"RPL27A","MRPL21"
"RPL27A","HIST1H2AA"
"RPL27A","POLR2J2"
"RPL27A","TUBB2B"
"RPL32","RPL36AL"
"RPL32","RPL37"
"RPL32","RPL37A"
"RPL32","RPL41"
"RPL32","RPLP0"
"RPL32","RPLP2"
"RPL32","MRPS12"
"RPL32","RPN1"
"RPL32","RPS2"
"RPL32","RPS9"
"RPL32","RPS21"
"RPL32","RPS23"
"RPL32","SET"
"RPL32","HIST1H2AC"
"RPL32","RPL14"
"RPL32","PSTPIP1"
"RPL32","ARPC1B"
"RPL32","PRMT5"
"RPL32","MYBBP1A"
"RPL32","RPL35"
"RPL32","GABARAP"
"RPL32","DNAJC9"
"RPL32","SMG6"
"RPL32","HARS2"
"RPL32","RPL13A"
"RPL32","GSPT2"
"RPL32","TIMM13"
"RPL32","CPSF1"
"RPL32","PYCR2"
"RPL32","SEC61A1"
"RPL32","EXOSC3"
"RPL32","VPS28"
"RPL32","DPH5"
"RPL32","LSM7"
"RPL32","MRPL16"
"RPL32","PPAN"
"RPL32","THOC2"
"RPL32","MRPL17"
"RPL32","MRPS24"
"RPL32","PDCL3"
"RPL32","MUS81"
"RPL32","FTSJ3"
"RPL32","MRPL52"
"RPL32","TRAPPC5"
"RPL32","TUBB"
"RPL32","MRPL21"
"RPL32","HIST1H2AA"
"RPL32","POLR2J2"
"RPL36AL","RPL37"
"RPL36AL","RPL37A"
"RPL36AL","RPL41"
"RPL36AL","RPLP0"
"RPL36AL","RPLP2"
"RPL36AL","MRPS12"
"RPL36AL","RPS2"
"RPL36AL","RPS9"
"RPL36AL","RPS21"
"RPL36AL","RPS23"
"RPL36AL","TBCA"
"RPL36AL","HIST1H2AC"
"RPL36AL","RPL14"
"RPL36AL","ATP6V1F"
"RPL36AL","ARPC5"
"RPL36AL","ARPC1B"
"RPL36AL","NUBP2"
"RPL36AL","MYBBP1A"
"RPL36AL","NUDC"
"RPL36AL","RPL35"
"RPL36AL","EXOSC7"
"RPL36AL","DNAJC9"
"RPL36AL","HARS2"
"RPL36AL","RPL13A"
"RPL36AL","TIMM13"
"RPL36AL","SEC61A1"
"RPL36AL","EXOSC3"
"RPL36AL","DPH5"
"RPL36AL","MRPL16"
"RPL36AL","PRMT8"
"RPL36AL","PPAN"
"RPL36AL","MRPL17"
"RPL36AL","FTSJ3"
"RPL36AL","MRPL21"
"RPL37","RPL37A"
"RPL37","RPL41"
"RPL37","RPLP0"
"RPL37","RPLP2"
"RPL37","RPN1"
"RPL37","RPS2"
"RPL37","RPS9"
"RPL37","RPS21"
"RPL37","RPS23"
"RPL37","SET"
"RPL37","TBCA"
"RPL37","HIST1H2AC"
"RPL37","SQSTM1"
"RPL37","RPL14"
"RPL37","RPL35"
"RPL37","DNAJC9"
"RPL37","SMG6"
"RPL37","HARS2"
"RPL37","RPL13A"
"RPL37","GSPT2"
"RPL37","TIMM13"
"RPL37","LSM7"
"RPL37","MRPL16"
"RPL37","PPAN"
"RPL37","LSM2"
"RPL37","MRPL17"
"RPL37","MRPS24"
"RPL37","MRPL21"
"RPL37","HIST1H2AA"
"RPL37A","RPL41"
"RPL37A","RPLP0"
"RPL37A","RPLP2"
"RPL37A","MRPS12"
"RPL37A","RPN1"
"RPL37A","RPS2"
"RPL37A","RPS9"
"RPL37A","RPS21"
"RPL37A","RPS23"
"RPL37A","HIST1H2AC"
"RPL37A","RPL14"
"RPL37A","PSTPIP1"
"RPL37A","MYBBP1A"
"RPL37A","RPL35"
"RPL37A","GABARAP"
"RPL37A","EXOSC7"
"RPL37A","DNAJC9"
"RPL37A","SMG6"
"RPL37A","HARS2"
"RPL37A","RPL13A"
"RPL37A","GSPT2"
"RPL37A","SEC61A1"
"RPL37A","EXOSC3"
"RPL37A","DPH5"
"RPL37A","MRPL16"
"RPL37A","EXOSC5"
"RPL37A","MRPL17"
"RPL37A","MRPS24"
"RPL37A","FTSJ3"
"RPL41","RPLP0"
"RPL41","RPLP2"
"RPL41","RPN1"
"RPL41","RPS2"
"RPL41","RPS9"
"RPL41","RPS21"
"RPL41","RPS23"
"RPL41","RPL14"
"RPL41","RPL35"
"RPL41","SMG6"
"RPL41","RPL13A"
"RPLP0","RPLP2"
"RPLP0","MRPS12"
"RPLP0","RPN1"
"RPLP0","RPS2"
"RPLP0","RPS9"
"RPLP0","RPS21"
"RPLP0","RPS23"
"RPLP0","RRM2"
"RPLP0","SET"
"RPLP0","SH3GL1"
"RPLP0","SLC1A5"
"RPLP0","SURF4"
"RPLP0","UNG"
"RPLP0","CLPP"
"RPLP0","RBM10"
"RPLP0","HIST1H2AC"
"RPLP0","STK24"
"RPLP0","DYRK2"
"RPLP0","HDAC3"
"RPLP0","RPL14"
"RPLP0","MTA1"
"RPLP0","ZBED1"
"RPLP0","MTA2"
"RPLP0","ATP6V1F"
"RPLP0","ARPC5"
"RPLP0","ARPC1B"
"RPLP0","PRMT5"
"RPLP0","IFI30"
"RPLP0","MYBBP1A"
"RPLP0","NUDC"
"RPLP0","RPL35"
"RPLP0","GABARAP"
"RPLP0","PPRC1"
"RPLP0","NUP210"
"RPLP0","DNAJC9"
"RPLP0","SMG6"
"RPLP0","HARS2"
"RPLP0","RPL13A"
"RPLP0","HSPBP1"
"RPLP0","GSPT2"
"RPLP0","TIMM13"
"RPLP0","CPSF1"
"RPLP0","PYCR2"
"RPLP0","SEC61A1"
"RPLP0","GEMIN4"
"RPLP0","EXOSC3"
"RPLP0","LSM7"
"RPLP0","PAF1"
"RPLP0","MRPL16"
"RPLP0","ARHGAP17"
"RPLP0","CTNNBL1"
"RPLP0","PRMT8"
"RPLP0","PPAN"
"RPLP0","EXOSC5"
"RPLP0","XAB2"
"RPLP0","THOC2"
"RPLP0","LSM2"
"RPLP0","MRPL17"
"RPLP0","MRPS24"
"RPLP0","PDCL3"
"RPLP0","MUS81"
"RPLP0","ZNF598"
"RPLP0","FTSJ3"
"RPLP0","TRAPPC5"
"RPLP0","TUBB"
"RPLP0","HIST1H2AA"
"RPLP0","POLR2J2"
"RPLP0","TUBB2B"
"RPLP2","MRPS12"
"RPLP2","RPN1"
"RPLP2","RPS2"
"RPLP2","RPS9"
"RPLP2","RPS21"
"RPLP2","RPS23"
"RPLP2","RRM2"
"RPLP2","SET"
"RPLP2","SH3GL1"
"RPLP2","SURF4"
"RPLP2","TBCA"
"RPLP2","UQCRC2"
"RPLP2","USP5"
"RPLP2","CLPP"
"RPLP2","HIST1H2AC"
"RPLP2","STK24"
"RPLP2","RFXANK"
"RPLP2","HDAC3"
"RPLP2","RPL14"
"RPLP2","ZBED1"
"RPLP2","MTA2"
"RPLP2","ATP6V1F"
"RPLP2","COX5A"
"RPLP2","ARPC5"
"RPLP2","ARPC1B"
"RPLP2","PRMT5"
"RPLP2","MYBBP1A"
"RPLP2","RABAC1"
"RPLP2","NUDC"
"RPLP2","TUBGCP2"
"RPLP2","RPL35"
"RPLP2","GABARAP"
"RPLP2","NUP210"
"RPLP2","SMG6"
"RPLP2","HARS2"
"RPLP2","RPL13A"
"RPLP2","HSPBP1"
"RPLP2","GSPT2"
"RPLP2","TIMM13"
"RPLP2","ANAPC2"
"RPLP2","CPSF1"
"RPLP2","PYCR2"
"RPLP2","SEC61A1"
"RPLP2","EXOSC3"
"RPLP2","FIS1"
"RPLP2","VPS28"
"RPLP2","BIN2"
"RPLP2","LSM7"
"RPLP2","PAF1"
"RPLP2","KLHDC4"
"RPLP2","UBE2R2"
"RPLP2","MRPL16"
"RPLP2","ARHGAP17"
"RPLP2","CNDP2"
"RPLP2","PRMT8"
"RPLP2","PPAN"
"RPLP2","EXOSC5"
"RPLP2","XAB2"
"RPLP2","PLSCR3"
"RPLP2","THOC2"
"RPLP2","LSM2"
"RPLP2","MRPL17"
"RPLP2","CHTF18"
"RPLP2","MRPS24"
"RPLP2","PDCL3"
"RPLP2","MUS81"
"RPLP2","FTSJ3"
"RPLP2","MRPL52"
"RPLP2","TRAPPC5"
"RPLP2","TUBB"
"RPLP2","MRPL21"
"RPLP2","HIST1H2AA"
"RPLP2","POLR2J2"
"RPLP2","TSEN54"
"MRPS12","RPS2"
"MRPS12","RPS9"
"MRPS12","UQCRC2"
"MRPS12","CLPP"
"MRPS12","RPL14"
"MRPS12","COX5A"
"MRPS12","NUDC"
"MRPS12","RPL35"
"MRPS12","RPL13A"
"MRPS12","TXN2"
"MRPS12","TIMM13"
"MRPS12","UQCRQ"
"MRPS12","SEC61A1"
"MRPS12","MRPL16"
"MRPS12","MRPL17"
"MRPS12","MRPS24"
"MRPS12","MUS81"
"MRPS12","MRPL52"
"MRPS12","TRAPPC5"
"RPN1","RPS2"
"RPN1","RPS9"
"RPN1","RPS23"
"RPN1","RRM2"
"RPN1","SET"
"RPN1","SH3GL1"
"RPN1","SLC1A5"
"RPN1","SURF4"
"RPN1","TBCA"
"RPN1","UGP2"
"RPN1","UQCRC2"
"RPN1","SLC39A7"
"RPN1","RPL14"
"RPN1","ZBED1"
"RPN1","RAB11B"
"RPN1","ATP6V1F"
"RPN1","ENTPD4"
"RPN1","ARPC5"
"RPN1","ARPC1B"
"RPN1","PRMT5"
"RPN1","MYBBP1A"
"RPN1","AGPAT1"
"RPN1","TUBGCP2"
"RPN1","OS9"
"RPN1","RPL35"
"RPN1","NUP210"
"RPN1","HARS2"
"RPN1","RPL13A"
"RPN1","GSPT2"
"RPN1","DHRS7B"
"RPN1","TIMM13"
"RPN1","CPSF1"
"RPN1","PYCR2"
"RPN1","SEC61A1"
"RPN1","EXOSC3"
"RPN1","VPS28"
"RPN1","UBE2R2"
"RPN1","PPAN"
"RPN1","XAB2"
"RPN1","SIGIRR"
"RPN1","MRPL17"
"RPN1","CHTF18"
"RPN1","PDCL3"
"RPN1","MUS81"
"RPN1","SLC44A4"
"RPN1","YIF1B"
"RPN1","TRAPPC5"
"RPN1","TUBB"
"RPN1","POLR2J2"
"RPN1","TUBB2B"
"RPS2","RPS9"
"RPS2","RPS21"
"RPS2","RPS23"
"RPS2","RRM2"
"RPS2","SET"
"RPS2","TBCA"
"RPS2","TMSB4X"
"RPS2","UQCRC2"
"RPS2","CLPP"
"RPS2","RBM10"
"RPS2","HIST1H2AC"
"RPS2","STK24"
"RPS2","DYRK2"
"RPS2","PIAS1"
"RPS2","VAMP8"
"RPS2","HDAC3"
"RPS2","RPL14"
"RPS2","MTA1"
"RPS2","ZBED1"
"RPS2","MTA2"
"RPS2","ARPC1B"
"RPS2","PRMT5"
"RPS2","MYBBP1A"
"RPS2","RPL35"
"RPS2","GABARAP"
"RPS2","EXOSC7"
"RPS2","SMG6"
"RPS2","HARS2"
"RPS2","RPL13A"
"RPS2","GSPT2"
"RPS2","TXN2"
"RPS2","TIMM13"
"RPS2","PYCR2"
"RPS2","SEC61A1"
"RPS2","GEMIN4"
"RPS2","EXOSC3"
"RPS2","CHCHD2"
"RPS2","ISYNA1"
"RPS2","DPH5"
"RPS2","LSM7"
"RPS2","MRPL16"
"RPS2","ARHGAP17"
"RPS2","PRMT8"
"RPS2","PPAN"
"RPS2","EXOSC5"
"RPS2","XAB2"
"RPS2","THOC2"
"RPS2","MRPL17"
"RPS2","MRPS24"
"RPS2","PDCL3"
"RPS2","MUS81"
"RPS2","ANP32E"
"RPS2","RHOT2"
"RPS2","FTSJ3"
"RPS2","MRPL52"
"RPS2","TRAPPC5"
"RPS2","TUBB"
"RPS2","MRPL21"
"RPS2","HIST1H2AA"
"RPS2","POLR2J2"
"RPS2","RNF149"
"RPS9","RPS21"
"RPS9","RPS23"
"RPS9","RRM2"
"RPS9","SET"
"RPS9","STAT3"
"RPS9","TBCA"
"RPS9","RBM10"
"RPS9","HIST1H2AC"
"RPS9","STK24"
"RPS9","EIF4G3"
"RPS9","HDAC3"
"RPS9","RPL14"
"RPS9","ZBED1"
"RPS9","MTA2"
"RPS9","ATP6V1F"
"RPS9","COX5A"
"RPS9","ARPC5"
"RPS9","ARPC1B"
"RPS9","PRMT5"
"RPS9","MYBBP1A"
"RPS9","WDR6"
"RPS9","RPL35"
"RPS9","EXOSC7"
"RPS9","DNAJC9"
"RPS9","HARS2"
"RPS9","RPL13A"
"RPS9","GSPT2"
"RPS9","TIMM13"
"RPS9","ANAPC2"
"RPS9","CPSF1"
"RPS9","PYCR2"
"RPS9","SEC61A1"
"RPS9","GEMIN4"
"RPS9","EXOSC3"
"RPS9","ISYNA1"
"RPS9","LSM7"
"RPS9","MRPL16"
"RPS9","ARHGAP17"
"RPS9","PRMT8"
"RPS9","PPAN"
"RPS9","EXOSC5"
"RPS9","XAB2"
"RPS9","THOC2"
"RPS9","LSM2"
"RPS9","MRPL17"
"RPS9","CHTF18"
"RPS9","MUS81"
"RPS9","FTSJ3"
"RPS9","TRAPPC5"
"RPS9","TUBB"
"RPS9","HIST1H2AA"
"RPS9","POLR2J2"
"RPS9","TSEN54"
"RPS9","RNF149"
"RPS21","RPS23"
"RPS21","RPL14"
"RPS21","RPL35"
"RPS21","RPL13A"
"RPS23","RRM2"
"RPS23","SET"
"RPS23","TBCA"
"RPS23","RBM10"
"RPS23","HIST1H2AC"
"RPS23","STK24"
"RPS23","PIAS1"
"RPS23","RPL14"
"RPS23","ATP6V1F"
"RPS23","ARPC5"
"RPS23","ARPC1B"
"RPS23","PRMT5"
"RPS23","MYBBP1A"
"RPS23","RPL35"
"RPS23","GABARAP"
"RPS23","EXOSC7"
"RPS23","DNAJC9"
"RPS23","SMG6"
"RPS23","HARS2"
"RPS23","RPL13A"
"RPS23","GSPT2"
"RPS23","TIMM13"
"RPS23","UQCRQ"
"RPS23","CPSF1"
"RPS23","PYCR2"
"RPS23","SEC61A1"
"RPS23","EXOSC3"
"RPS23","CHCHD2"
"RPS23","VPS28"
"RPS23","DPH5"
"RPS23","MRPL16"
"RPS23","PRMT8"
"RPS23","PPAN"
"RPS23","LSM2"
"RPS23","MRPL17"
"RPS23","MRPS24"
"RPS23","FTSJ3"
"RPS23","MRPL21"
"RPS23","HIST1H2AA"
"RPS23","POLR2J2"
"RRM2","SET"
"RRM2","SH3GL1"
"RRM2","STK24"
"RRM2","KHSRP"
"RRM2","RPL14"
"RRM2","POLD3"
"RRM2","NUDC"
"RRM2","RPL35"
"RRM2","DNAJC9"
"RRM2","PPAN"
"RRM2","LSM2"
"RRM2","CENPH"
"RRM2","MUS81"
"RRM2","SLC44A4"
"RRM2","TUBB"
"S100A8","S100A12"
"S100A8","S100A14"
"SALL2","TFAP4"
"SCTR","DCXR"
"SCTR","ADM2"
"SDHC","UQCRC2"
"SDHC","CLPP"
"SDHC","COX7A2L"
"SDHC","COX5A"
"SDHC","TXN2"
"SDHC","DHRS7B"
"SDHC","TIMM13"
"SDHC","UQCRQ"
"SDHC","CHCHD2"
"SDHC","NDUFB11"
"SDHC","ARHGAP17"
"SDHC","MRPL17"
"SELL","TNF"
"SELL","CXCR4"
"SET","SMARCD3"
"SET","TBCA"
"SET","UGP2"
"SET","KHSRP"
"SET","TNFSF13"
"SET","HDAC3"
"SET","TAF1C"
"SET","RPL14"
"SET","MTA1"
"SET","MTA2"
"SET","ARPC5"
"SET","PRMT5"
"SET","MYBBP1A"
"SET","NUDC"
"SET","RPL35"
"SET","PDAP1"
"SET","EXOSC7"
"SET","NUP210"
"SET","DNAJC9"
"SET","HARS2"
"SET","RPL13A"
"SET","TIMM13"
"SET","ANAPC2"
"SET","CPSF1"
"SET","EXOSC3"
"SET","DPH5"
"SET","PAF1"
"SET","PPAN"
"SET","EXOSC5"
"SET","XAB2"
"SET","LSM2"
"SET","MUS81"
"SET","FTSJ3"
"SH3GL1","SURF4"
"SH3GL1","RPL14"
"SH3GL1","MTA1"
"SH3GL1","ARPC5"
"SH3GL1","CRTAP"
"SH3GL1","GABARAP"
"SH3GL1","TIMM13"
"SH3GL1","ANAPC2"
"SH3GL1","CPSF1"
"SH3GL1","VPS28"
"SH3GL1","BIN2"
"SH3GL1","UBE2R2"
"SH3GL1","PPAN"
"SH3GL1","SH3GLB2"
"SH3GL1","PLSCR3"
"SH3GL1","LSM2"
"SH3GL1","RHOT2"
"SIX3","MTA1"
"SIX3","LHX2"
"SLAMF1","TNFRSF13B"
"SLC1A5","SLC3A2"
"SLC1A5","RPL35"
"SLC1A5","SEC61A1"
"SLC3A2","STAT3"
"SLC34A1","SLC9A3R2"
"SMARCD3","SP1"
"SMARCD3","STK11"
"SMARCD3","TBX5"
"SMARCD3","KHSRP"
"SMARCD3","HDAC3"
"SMARCD3","MYBBP1A"
"SMARCD3","SIN3B"
"SMARCD3","PAF1"
"SMARCD3","MUS81"
"SMARCD3","KLHDC3"
"SIGLEC1","SPN"
"SOS1","THPO"
"SOS1","VWF"
"SOS1","NCK2"
"SOS1","RHOBTB1"
"SOS1","FRS3"
"SOS1","ARHGAP17"
"SOS1","ARHGAP9"
"SOS1","RHOT2"
"SP1","SRF"
"SP1","STAT3"
"SP1","TAL1"
"SP1","TFAP4"
"SP1","ZNF35"
"SP1","HDAC3"
"SP1","BBC3"
"SP1","THOC2"
"SPARC","TMSB4X"
"SPARC","VEGFB"
"SPARC","VWF"
"SPARC","STAB1"
"SPI1","STAT3"
"SPI1","STAT5A"
"SPI1","TNF"
"SPI1","VAV1"
"SPI1","HDAC3"
"SPI1","ZFPM1"
"SRF","HDAC3"
"SRMS","ILKAP"
"STAT3","STAT4"
"STAT3","STAT5A"
"STAT3","THPO"
"STAT3","ZNF148"
"STAT3","CXCR4"
"STAT3","PIAS1"
"STAT3","SOCS1"
"STAT3","HDAC3"
"STAT3","DIRAS3"
"STAT3","MTA1"
"STAT3","PIAS3"
"STAT3","RPL35"
"STAT3","USP22"
"STAT3","KPNA6"
"STAT3","SEC61A1"
"STAT3","TUBB"
"STAT4","PIAS1"
"STAT5A","THPO"
"STAT5A","CXCR4"
"STAT5A","PIAS1"
"STAT5A","SOCS1"
"STAT5A","HDAC3"
"STAT5A","SQSTM1"
"STAT5A","PIAS3"
"STAT5A","ZFPM1"
"STK11","TSC2"
"STK11","USP11"
"STK11","WDR6"
"STK11","CAB39"
"STK11","ILKAP"
"STK11","BRSK1"
"SURF4","SLC39A7"
"SURF4","RPL14"
"SURF4","ENTPD4"
"SURF4","ARPC1B"
"SURF4","RABAC1"
"SURF4","KPNA6"
"SURF4","GSPT2"
"SURF4","TIMM13"
"SURF4","SEC61A1"
"SURF4","EXOSC3"
"SURF4","VPS28"
"SURF4","PLSCR3"
"SURF4","UBL5"
"SURF4","SMAP1"
"SURF4","YIF1B"
"SURF4","ZNF598"
"SURF4","ORMDL3"
"SURF4","TRAPPC5"
"TBCA","HDAC3"
"TBCA","ARPC5"
"TBCA","MPHOSPH6"
"TBCA","NUDC"
"TBCA","RPL35"
"TBCA","TIMM13"
"TBCA","PPAN"
"TBCA","XAB2"
"TBCA","LSM2"
"TBCA","UBL5"
"TBCA","MUS81"
"TBCA","TRAPPC5"
"TBCA","TUBB"
"TBCA","TUBB2B"
"TBX5","ALX4"
"TFAP4","TFCP2"
"TFAP4","NUDC"
"TFAP4","SIN3B"
"TFCP2","GABARAP"
"THRA","HDAC3"
"TMSB4X","VEGFB"
"TMSB4X","VWF"
"TNF","RIPK1"
"TNF","TNIP1"
"TNNI1","TNNI2"
"TNNI1","TNNT2"
"TNNI1","TNNT3"
"TNNI1","TPM2"
"TNNI1","TCAP"
"TNNI2","TNNT2"
"TNNI2","TNNT3"
"TNNI2","TPM2"
"TNNI2","TCAP"
"TNNT2","TPM2"
"TNNT3","TPM2"
"TNNT3","TCAP"
"TP73","PIAS1"
"TP73","TNK2"
"TPM2","TCAP"
"TRAF5","RIPK1"
"TRAF5","TNFSF13"
"TRAF5","TNFRSF13B"
"TSC2","TMEM115"
"TSC2","KLC2"
"TYRO3","TNIP1"
"TYRO3","ILKAP"
"UBE2V1","RIPK1"
"UGP2","ENTPD4"
"UGP2","NUDC"
"UGP2","GSPT2"
"UGP2","PYCR2"
"UGP2","CAB39"
"UGP2","SMAP1"
"UGP2","SLC44A4"
"UNG","DNAJC9"
"UNG","APEX2"
"UNG","MRPL16"
"UNG","CTNNBL1"
"UNG","CHCHD4"
"UNG","TUBB"
"UQCRC2","CLPP"
"UQCRC2","NIPSNAP1"
"UQCRC2","COX7A2L"
"UQCRC2","COX5A"
"UQCRC2","RPL35"
"UQCRC2","DHRS7B"
"UQCRC2","TIMM13"
"UQCRC2","UQCRQ"
"UQCRC2","SEC61A1"
"UQCRC2","CHCHD2"
"UQCRC2","NDUFB11"
"UQCRC2","UBE2R2"
"UQCRC2","QRSL1"
"UQCRC2","MRPL17"
"UQCRC2","MRPS24"
"UQCRC2","CHCHD4"
"UQCRC2","NDUFS7"
"VAV1","CXCR4"
"VAV1","SOCS1"
"VAV1","LAT"
"VAV1","TUBB"
"VEGFB","VWF"
"VWF","ADAMTS13"
"VWF","WDTC1"
"WNT3","WNT10B"
"WNT3","WNT11"
"WNT10B","WNT11"
"WNT10B","HDAC3"
"ZNF35","ZNF598"
"ZNF148","HDAC3"
"ZP2","ZP3"
"CXCR4","SOCS1"
"CXCR4","RGS14"
"CXCR4","NPW"
"SLC39A7","SEC61A1"
"RASSF7","NCK2"
"SF3A2","RBM10"
"SF3A2","PQBP1"
"SF3A2","CPSF1"
"SF3A2","CTNNBL1"
"SF3A2","XAB2"
"SF3A2","LSM2"
"SF3A2","MUS81"
"SF3A2","FTSJ3"
"CLPP","NIPSNAP1"
"CLPP","MTA1"
"CLPP","COX5A"
"CLPP","NUDC"
"CLPP","RPL35"
"CLPP","DNAJC9"
"CLPP","HARS2"
"CLPP","HSPBP1"
"CLPP","TXN2"
"CLPP","TIMM13"
"CLPP","CPSF1"
"CLPP","SEC61A1"
"CLPP","NDUFB11"
"CLPP","MRPL16"
"CLPP","EXOSC5"
"CLPP","LSM2"
"CLPP","MRPL17"
"CLPP","MRPS24"
"CLPP","ALKBH7"
"CLPP","MRPL52"
"CLPP","TUBB"
"CLPP","NDUFS7"
"DGCR6","ZBED1"
"USP11","DYRK1B"
"USP11","KPNA6"
"USP11","SEC61A1"
"RBM10","RPL14"
"RBM10","POM121"
"RBM10","PRMT5"
"RBM10","MYBBP1A"
"RBM10","RPL35"
"RBM10","PDAP1"
"RBM10","USP22"
"RBM10","RPL13A"
"RBM10","CPSF1"
"RBM10","LSM7"
"RBM10","PAF1"
"RBM10","XAB2"
"RBM10","FTSJ3"
"RBM10","TUBB"
"HIST1H2AC","RPL14"
"HIST1H2AC","PRMT5"
"HIST1H2AC","MYBBP1A"
"HIST1H2AC","RPL35"
"HIST1H2AC","RPL13A"
"HIST1H2AC","GSPT2"
"HIST1H2AC","CPSF1"
"HIST1H2AC","PRMT8"
"HIST1H2AC","PPAN"
"HIST1H2AC","XAB2"
"HIST1H2AC","LSM2"
"HIST1H2AC","MRPL17"
"HIST1H2AC","TUBB"
"HIST1H2AC","HIST1H2AA"
"STK24","RPL14"
"STK24","RPL35"
"STK24","CAB39"
"STK24","TUBB"
"NCK2","ARPC5"
"NCK2","ARPC1B"
"NCK2","TNK2"
"NCK2","GIT1"
"TPST2","GABARAP"
"TPST2","RNF149"
"NIPSNAP1","SQSTM1"
"NIPSNAP1","COX5A"
"PPFIA3","PTPRU"
"PPFIA3","GIT1"
"PIAS1","RPL14"
"PIAS1","WAC"
"KHSRP","NUDC"
"KHSRP","EXOSC7"
"KHSRP","CPSF1"
"KHSRP","EXOSC3"
"KHSRP","EXOSC5"
"KHSRP","XAB2"
"SOCS1","PIM2"
"EIF4G3","PRMT5"
"EIF4G3","MYBBP1A"
"EIF4G3","KPNA6"
"EIF4G3","GSPT2"
"EIF4G3","CPSF1"
"EIF4G3","PPAN"
"EIF4G3","XAB2"
"EIF4G3","THOC2"
"EIF4G3","ZNF598"
"VAMP8","IFI30"
"VAMP8","GABARAP"
"VAMP8","SEC61A1"
"VAMP8","BET1L"
"RIPK1","SQSTM1"
"RIPK1","USP2"
"RIPK1","TRPC4AP"
"RIPK1","ILKAP"
"RIPK1","TUBB"
"TNFSF13","TNFRSF13B"
"SAP30","HDAC3"
"SAP30","MTA1"
"SAP30","MTA2"
"SAP30","SIN3B"
"SAP30","SUDS3"
"SAP30","RCOR2"
"HDAC3","BAZ1B"
"HDAC3","RPL14"
"HDAC3","MTA1"
"HDAC3","MTA2"
"HDAC3","PRMT5"
"HDAC3","MYBBP1A"
"HDAC3","NUDC"
"HDAC3","TUBGCP2"
"HDAC3","RPL35"
"HDAC3","PDAP1"
"HDAC3","DHX30"
"HDAC3","EXOSC7"
"HDAC3","SIN3B"
"HDAC3","USP22"
"HDAC3","CPSF1"
"HDAC3","LSM2"
"HDAC3","SUDS3"
"HDAC3","MUS81"
"HDAC3","KLHDC3"
"HDAC3","FTSJ3"
"HDAC3","TUBB"
"HDAC3","HIST1H2AA"
"SQSTM1","LIMD1"
"SQSTM1","TNK2"
"SQSTM1","GABARAP"
"SQSTM1","GEMIN4"
"MCM3AP","PRMT5"
"MCM3AP","CPSF1"
"MCM3AP","CTNNBL1"
"FOXH1","DRAP1"
"FOXH1","ALX4"
"PGLYRP1","HSPBP1"
"LIMD1","ZNF598"
"TAF1C","MTA1"
"TAF1C","MTA2"
"BAZ1B","MYBBP1A"
"BAZ1B","SIN3B"
"BAZ1B","USP22"
"BAZ1B","ZNF598"
"RPL14","ARPC5"
"RPL14","ARPC1B"
"RPL14","PRMT5"
"RPL14","MYBBP1A"
"RPL14","RPL35"
"RPL14","PDAP1"
"RPL14","GABARAP"
"RPL14","EXOSC7"
"RPL14","NUP210"
"RPL14","DNAJC9"
"RPL14","SMG6"
"RPL14","HARS2"
"RPL14","RPL13A"
"RPL14","GSPT2"
"RPL14","TIMM13"
"RPL14","CPSF1"
"RPL14","PYCR2"
"RPL14","SEC61A1"
"RPL14","GEMIN4"
"RPL14","VPS28"
"RPL14","DPH5"
"RPL14","LSM7"
"RPL14","MRPL16"
"RPL14","PRMT8"
"RPL14","PPAN"
"RPL14","THOC2"
"RPL14","MRPL17"
"RPL14","MRPS24"
"RPL14","PDCL3"
"RPL14","MUS81"
"RPL14","ZNF598"
"RPL14","FTSJ3"
"RPL14","MRPL52"
"RPL14","TRAPPC5"
"RPL14","TUBB"
"RPL14","MRPL21"
"RPL14","HIST1H2AA"
"RPL14","POLR2J2"
"PSTPIP1","ARPC1B"
"PSTPIP1","RPL35"
"PSTPIP1","TUBB"
"CLDN6","TJP3"
"PKMYT1","POLD3"
"PKMYT1","CPSF1"
"PIGQ","PIGL"
"USP2","TRIM46"
"USP2","PCGF6"
"USP2","ZNF598"
"MTA1","MTA2"
"MTA1","POLD3"
"MTA1","NUDC"
"MTA1","SIN3B"
"MTA1","USP22"
"MTA1","TIMM13"
"MTA1","CPSF1"
"MTA1","SUDS3"
"MTA1","ZFPM1"
"MTA1","FOXK1"
"MTA1","RCOR2"
"KCNQ4","KCNH3"
"DYRK1B","WDR6"
"DYRK1B","FOXK1"
"COX7A2L","COX5A"
"COX7A2L","TIMM13"
"COX7A2L","UQCRQ"
"COX7A2L","NDUFB11"
"ZBED1","ARPC1B"
"ZBED1","ANAPC2"
"ZBED1","PAF1"
"ZBED1","LRRC20"
"ZBED1","EXOSC5"
"ZBED1","LSM2"
"ZBED1","MUS81"
"ZBED1","FTSJ3"
"ZBED1","TUBB"
"ZBED1","POLR2J2"
"MTA2","MPHOSPH6"
"MTA2","PRMT5"
"MTA2","POLD3"
"MTA2","NUDC"
"MTA2","RPL35"
"MTA2","SIN3B"
"MTA2","XAB2"
"MTA2","ZFPM1"
"MTA2","TUBB"
"MTA2","RCOR2"
"MTA2","TSEN54"
"RAB11B","RABAC1"
"RAB11B","GSPT2"
"RAB11B","YIF1B"
"ATP6V1F","ENTPD4"
"ATP6V1F","NUDC"
"ATP6V1F","GABARAP"
"ATP6V1F","GSPT2"
"ATP6V1F","TIMM13"
"ATP6V1F","PYCR2"
"ATP6V1F","ARHGAP17"
"ATP6V1F","PPAN"
"ATP6V1F","SMAP1"
"ATP6V1F","PDCL3"
"ATP6V1F","TRAPPC5"
"COX5A","RPL35"
"COX5A","GABARAP"
"COX5A","WDTC1"
"COX5A","HSPBP1"
"COX5A","DHRS7B"
"COX5A","TIMM13"
"COX5A","UQCRQ"
"COX5A","FIS1"
"COX5A","CHCHD2"
"COX5A","NDUFB11"
"COX5A","UBE2R2"
"COX5A","MRPL16"
"COX5A","MRPL17"
"COX5A","MRPS24"
"COX5A","TRAPPC5"
"COX5A","NDUFS7"
"LPXN","POM121"
"FADS2","PLA2G2F"
"ENTPD4","RABAC1"
"ENTPD4","SIN3B"
"ENTPD4","SEC61A1"
"ENTPD4","NT5M"
"ENTPD4","SMAP1"
"ENTPD4","TRAPPC5"
"LPIN2","ARHGAP17"
"POM121","MYBBP1A"
"POM121","PPAN"
"POM121","TUBB"
"RHOBTB1","ARHGEF16"
"RHOBTB1","ARHGAP17"
"RHOBTB1","ARHGAP9"
"RHOBTB1","FGD3"
"RHOBTB1","RHOT2"
"CCS","TIMM13"
"CCS","VPS28"
"CCS","NDUFB11"
"TSSC4","XAB2"
"ARPC5","ARPC4"
"ARPC5","ARPC1B"
"ARPC5","GABARAP"
"ARPC5","RPL13A"
"ARPC5","PDCL3"
"ARPC5","EFHD2"
"ARPC5","TUBB"
"ARPC4","ARPC1B"
"ARPC1B","RPL35"
"ARPC1B","RPL13A"
"ARPC1B","CPSF1"
"ARPC1B","PYCR2"
"ARPC1B","ARHGAP17"
"ARPC1B","PLSCR3"
"ARPC1B","PDCL3"
"ARPC1B","EFHD2"
"ARPC1B","MUS81"
"ARPC1B","TRAPPC5"
"ARPC1B","TUBB"
"NUBP2","NUDC"
"NUBP2","TIMM13"
"NUBP2","UBE2R2"
"NUBP2","MRPL16"
"MPHOSPH6","EXOSC7"
"MPHOSPH6","EXOSC3"
"MPHOSPH6","EXOSC5"
"TNIP1","RABAC1"
"NPM3","TXN2"
"NPM3","FTSJ3"
"PIAS3","GEMIN4"
"PRMT5","MYBBP1A"
"PRMT5","NUDC"
"PRMT5","TUBGCP2"
"PRMT5","RPL35"
"PRMT5","PDAP1"
"PRMT5","EXOSC7"
"PRMT5","NUP210"
"PRMT5","DNAJC9"
"PRMT5","SIN3B"
"PRMT5","RPL13A"
"PRMT5","GSPT2"
"PRMT5","TIMM13"
"PRMT5","CPSF1"
"PRMT5","PYCR2"
"PRMT5","GEMIN4"
"PRMT5","DPH5"
"PRMT5","CTNNBL1"
"PRMT5","PRMT8"
"PRMT5","PPAN"
"PRMT5","EXOSC5"
"PRMT5","XAB2"
"PRMT5","THOC2"
"PRMT5","LSM2"
"PRMT5","GEMIN7"
"PRMT5","MUS81"
"PRMT5","BRSK1"
"PRMT5","ZNF598"
"PRMT5","KLHDC3"
"PRMT5","FTSJ3"
"PRMT5","TRAPPC5"
"PRMT5","TUBB"
"PRMT5","HIST1H2AA"
"PRMT5","FOXK1"
"IFI30","GABARAP"
"ZNHIT1","TIMM13"
"ZNHIT1","VPS28"
"CRTAP","SH3GLB2"
"CRTAP","FKBP10"
"MYBBP1A","NUDC"
"MYBBP1A","TUBGCP2"
"MYBBP1A","WDR6"
"MYBBP1A","RPL35"
"MYBBP1A","DHX30"
"MYBBP1A","EXOSC7"
"MYBBP1A","SIN3B"
"MYBBP1A","RPL13A"
"MYBBP1A","TIMM13"
"MYBBP1A","ANAPC2"
"MYBBP1A","CPSF1"
"MYBBP1A","PYCR2"
"MYBBP1A","GEMIN4"
"MYBBP1A","EXOSC3"
"MYBBP1A","PAF1"
"MYBBP1A","PPAN"
"MYBBP1A","EXOSC5"
"MYBBP1A","XAB2"
"MYBBP1A","CHTF18"
"MYBBP1A","GEMIN7"
"MYBBP1A","MUS81"
"MYBBP1A","ZNF598"
"MYBBP1A","FTSJ3"
"MYBBP1A","TRAPPC5"
"MYBBP1A","TUBB"
"AGPAT1","TUBB"
"RABAC1","TMEM115"
"RABAC1","TXN2"
"RABAC1","SNX15"
"RABAC1","SH3GLB2"
"RABAC1","NDRG2"
"RABAC1","YIF1B"
"RABAC1","TRAPPC5"
"DRAP1","HSPBP1"
"RGS14","NPW"
"POLD3","DNAJC9"
"POLD3","CENPH"
"POLD3","FTSJ3"
"NUDC","TUBGCP2"
"NUDC","RPL35"
"NUDC","GABARAP"
"NUDC","EXOSC7"
"NUDC","WDTC1"
"NUDC","DNAJC9"
"NUDC","USP22"
"NUDC","HSPBP1"
"NUDC","TRPC4AP"
"NUDC","TIMM13"
"NUDC","ANAPC2"
"NUDC","CPSF1"
"NUDC","EXOSC3"
"NUDC","DYNC1LI1"
"NUDC","PAF1"
"NUDC","MRPL16"
"NUDC","EXOSC5"
"NUDC","XAB2"
"NUDC","LSM2"
"NUDC","CENPH"
"NUDC","DDA1"
"NUDC","THOC6"
"NUDC","MUS81"
"NUDC","FTSJ3"
"NUDC","MRPL52"
"NUDC","CHCHD4"
"NUDC","TUBB"
"TUBGCP2","PPAN"
"TUBGCP2","CHTF18"
"TUBGCP2","MUS81"
"TUBGCP2","TRAPPC5"
"TUBGCP2","TUBB"
"TUBGCP2","TUBB2B"
"OS9","NUP210"
"OS9","SEC61A1"
"PIM2","ILKAP"
"WDR6","TIMM13"
"WDR6","CPSF1"
"WDR6","FTSJ3"
"WDR6","HIPK4"
"RPL35","PDAP1"
"RPL35","GABARAP"
"RPL35","EXOSC7"
"RPL35","NUP210"
"RPL35","DNAJC9"
"RPL35","SMG6"
"RPL35","HARS2"
"RPL35","RPL13A"
"RPL35","HSPBP1"
"RPL35","GSPT2"
"RPL35","TXN2"
"RPL35","TIMM13"
"RPL35","ANAPC2"
"RPL35","CPSF1"
"RPL35","PYCR2"
"RPL35","SEC61A1"
"RPL35","GEMIN4"
"RPL35","EXOSC3"
"RPL35","VPS28"
"RPL35","LSM7"
"RPL35","PAF1"
"RPL35","MRPL16"
"RPL35","CTNNBL1"
"RPL35","EXOSC5"
"RPL35","XAB2"
"RPL35","THOC2"
"RPL35","LSM2"
"RPL35","MRPL17"
"RPL35","MRPS24"
"RPL35","FTSJ3"
"RPL35","TUBB"
"RPL35","MRPL21"
"RPL35","HIST1H2AA"
"RPL35","POLR2J2"
"RPL35","RNF149"
"RPL35","TUBB2B"
"PDAP1","TIMM13"
"GABARAP","TBC1D2B"
"GABARAP","TXN2"
"GABARAP","SEC61A1"
"GABARAP","FIS1"
"GABARAP","VPS28"
"GABARAP","UBE2R2"
"GABARAP","TUBB"
"DHX30","CPSF1"
"EXOSC7","TIMM13"
"EXOSC7","CPSF1"
"EXOSC7","EXOSC3"
"EXOSC7","DPH5"
"EXOSC7","PAF1"
"EXOSC7","PPAN"
"EXOSC7","EXOSC5"
"EXOSC7","XAB2"
"EXOSC7","LSM2"
"EXOSC7","MUS81"
"EXOSC7","FTSJ3"
"WDTC1","DDA1"
"PSME4","USP22"
"PSME4","ANAPC2"
"PSME4","SEC61A1"
"PSME4","ARHGAP17"
"PSME4","MUS81"
"PSME4","ZNF598"
"NUP210","RPL13A"
"NUP210","CPSF1"
"NUP210","GEMIN4"
"NUP210","EXOSC5"
"NUP210","GEMIN7"
"DNAJC9","HARS2"
"DNAJC9","PYCR2"
"DNAJC9","DPH5"
"DNAJC9","ANP32E"
"DNAJC9","FTSJ3"
"DNAJC9","MRPL21"
"SMG6","RPL13A"
"SMG6","KLHDC3"
"SIN3B","USP22"
"SIN3B","KPNA6"
"SIN3B","CPSF1"
"SIN3B","XAB2"
"SIN3B","THOC2"
"SIN3B","SUDS3"
"SIN3B","MUS81"
"SIN3B","KLF16"
"SIN3B","ZNF598"
"SIN3B","FOXK1"
"SIN3B","RCOR2"
"USP22","SH3BP1"
"USP22","GSPT2"
"USP22","TIMM13"
"USP22","ARHGAP17"
"USP22","ATXN7L3"
"USP22","PDXP"
"USP22","MUS81"
"USP22","TRAPPC5"
"USP22","ATXN7L2"
"PIP5K1C","GIT1"
"HARS2","RPL13A"
"HARS2","GSPT2"
"HARS2","CPSF1"
"HARS2","PYCR2"
"HARS2","KLHDC4"
"HARS2","MRPL16"
"HARS2","PPAN"
"HARS2","XAB2"
"HARS2","PDCL3"
"HARS2","MUS81"
"HARS2","ZNF598"
"HARS2","FTSJ3"
"HARS2","TRAPPC5"
"HARS2","TUBB"
"HARS2","TUBB2B"
"RPL13A","GSPT2"
"RPL13A","TIMM13"
"RPL13A","CPSF1"
"RPL13A","PYCR2"
"RPL13A","SEC61A1"
"RPL13A","GEMIN4"
"RPL13A","LSM7"
"RPL13A","MRPL16"
"RPL13A","PRMT8"
"RPL13A","PPAN"
"RPL13A","XAB2"
"RPL13A","THOC2"
"RPL13A","MRPL17"
"RPL13A","PDCL3"
"RPL13A","MUS81"
"RPL13A","FTSJ3"
"RPL13A","TRAPPC5"
"RPL13A","TUBB"
"RPL13A","MRPL21"
"RPL13A","HIST1H2AA"
"RPL13A","POLR2J2"
"RPL13A","RNF149"
"SH3BP1","UBL5"
"KPNA6","GSPT2"
"KPNA6","PYCR2"
"KPNA6","EXOSC3"
"KPNA6","PPAN"
"KPNA6","EXOSC5"
"KPNA6","THOC2"
"KPNA6","PDCL3"
"KPNA6","MUS81"
"HSPBP1","DHRS7B"
"HSPBP1","TIMM13"
"HSPBP1","TUBB"
"GSPT2","TIMM13"
"GSPT2","CPSF1"
"GSPT2","PYCR2"
"GSPT2","EXOSC3"
"GSPT2","PCBP3"
"GSPT2","KLHDC4"
"GSPT2","UBE2R2"
"GSPT2","PRMT8"
"GSPT2","PPAN"
"GSPT2","EXOSC5"
"GSPT2","XAB2"
"GSPT2","THOC2"
"GSPT2","LSM2"
"GSPT2","SMAP1"
"GSPT2","PDCL3"
"GSPT2","FTSJ3"
"GSPT2","POLR2J2"
"BRI3","NDFIP1"
"TXN2","TIMM13"
"TXN2","MRPS24"
"TXN2","ALKBH7"
"DHRS7B","SEC61A1"
"TRPC4AP","DDA1"
"TIMM13","UQCRQ"
"TIMM13","ANAPC2"
"TIMM13","CPSF1"
"TIMM13","PYCR2"
"TIMM13","SEC61A1"
"TIMM13","EXOSC3"
"TIMM13","FIS1"
"TIMM13","VPS28"
"TIMM13","LSM7"
"TIMM13","CAB39"
"TIMM13","NDUFB11"
"TIMM13","PAF1"
"TIMM13","MRPL16"
"TIMM13","PRMT8"
"TIMM13","PPAN"
"TIMM13","SH3GLB2"
"TIMM13","EXOSC5"
"TIMM13","XAB2"
"TIMM13","THOC2"
"TIMM13","LSM2"
"TIMM13","UBL5"
"TIMM13","MRPL17"
"TIMM13","MRPS24"
"TIMM13","MUS81"
"TIMM13","RHOT2"
"TIMM13","YIF1B"
"TIMM13","ZNF598"
"TIMM13","SDSL"
"TIMM13","FTSJ3"
"TIMM13","MRPL52"
"TIMM13","TRAPPC5"
"TIMM13","CHCHD4"
"TIMM13","TUBB"
"TIMM13","MRPL21"
"TIMM13","POLR2J2"
"TIMM13","NDUFS7"
"ZBTB32","ZNF490"
"UQCRQ","FIS1"
"UQCRQ","CHCHD2"
"UQCRQ","NDUFB11"
"UQCRQ","MRPL17"
"UQCRQ","MRPS24"
"UQCRQ","MRPL52"
"UQCRQ","NDUFS7"
"INVS","ANAPC2"
"ARHGEF16","ARHGAP17"
"ARHGEF16","ARHGAP9"
"ARHGEF16","RHOT2"
"APEX2","MUS81"
"ANAPC2","CPSF1"
"ANAPC2","VPS28"
"ANAPC2","PAF1"
"ANAPC2","PPAN"
"ANAPC2","SH3GLB2"
"ANAPC2","XAB2"
"ANAPC2","THOC2"
"ANAPC2","PDCL3"
"ANAPC2","MUS81"
"ANAPC2","PCGF6"
"ANAPC2","ZNF598"
"ANAPC2","FTSJ3"
"ANAPC2","TRAPPC5"
"CPSF1","PYCR2"
"CPSF1","PAF1"
"CPSF1","CTNNBL1"
"CPSF1","PPAN"
"CPSF1","SH3GLB2"
"CPSF1","EXOSC5"
"CPSF1","XAB2"
"CPSF1","LSM2"
"CPSF1","CHTF18"
"CPSF1","MUS81"
"CPSF1","ZNF598"
"CPSF1","KLHDC3"
"CPSF1","FTSJ3"
"CPSF1","TRAPPC5"
"CPSF1","TUBB"
"CPSF1","TSEN54"
"PYCR2","SEC61A1"
"PYCR2","PRMT8"
"PYCR2","PPAN"
"PYCR2","XAB2"
"PYCR2","THOC2"
"PYCR2","PDCL3"
"PYCR2","ZNF598"
"PYCR2","FTSJ3"
"PYCR2","TRAPPC5"
"PYCR2","TUBB"
"PYCR2","POLR2J2"
"PYCR2","TUBB2B"
"SEC61A1","MRPL16"
"SEC61A1","MRPL17"
"SEC61A1","TUBB"
"GEMIN4","GEMIN7"
"GEMIN4","MUS81"
"DHH","CDON"
"EXOSC3","PPAN"
"EXOSC3","EXOSC5"
"EXOSC3","XAB2"
"EXOSC3","LSM2"
"EXOSC3","MUS81"
"EXOSC3","ZNF598"
"EXOSC3","FTSJ3"
"FIS1","PDCL3"
"FIS1","RHOT2"
"CHCHD2","MRPL16"
"CHCHD2","MRPL21"
"DYNC1LI1","KLC2"
"VPS28","VPS37C"
"VPS28","ARHGAP17"
"KCNK9","UNC93A"
"BIN2","ARHGAP17"
"SCLY","CNDP2"
"DPH5","PRMT8"
"DPH5","PPAN"
"DPH5","FTSJ3"
"LSM7","LSM2"
"LSM7","UBL5"
"LSM7","POLR2J2"
"CAB39","SMAP1"
"CAB39","BRSK1"
"NDUFB11","MRPL17"
"NDUFB11","MRPS24"
"NDUFB11","FATE1"
"NDUFB11","NDUFS7"
"PAF1","UBE2R2"
"PAF1","CTNNBL1"
"PAF1","PPAN"
"PAF1","XAB2"
"PAF1","MUS81"
"PAF1","FTSJ3"
"PAF1","TRAPPC5"
"PAF1","RCOR2"
"KLHDC4","PPAN"
"KLHDC4","MUS81"
"KLHDC4","FTSJ3"
"KLHDC4","TRAPPC5"
"UBE2R2","SH3GLB2"
"UBE2R2","MUS81"
"UBE2R2","ZNF598"
"UBE2R2","TRAPPC5"
"UBE2R2","DTX3L"
"MRPL16","QRSL1"
"MRPL16","MRPL17"
"MRPL16","MRPS24"
"MRPL16","MARCKSL1"
"MRPL16","MRPL52"
"MRPL16","TUBB"
"MRPL16","MRPL21"
"MRPL16","POLR2J2"
"ARHGAP17","SH3GLB2"
"ARHGAP17","UBL5"
"ARHGAP17","SMAP1"
"ARHGAP17","FGD3"
"ARHGAP17","RHOT2"
"ARHGAP17","ZNF598"
"CTNNBL1","PPAN"
"CTNNBL1","XAB2"
"CTNNBL1","FTSJ3"
"PRMT8","PPAN"
"PRMT8","FTSJ3"
"PRMT8","HIST1H2AA"
"PPAN","EXOSC5"
"PPAN","XAB2"
"PPAN","THOC2"
"PPAN","LSM2"
"PPAN","MRPL17"
"PPAN","CHTF18"
"PPAN","SMYD3"
"PPAN","MUS81"
"PPAN","ZNF598"
"PPAN","FTSJ3"
"PPAN","TRAPPC5"
"PPAN","TUBB"
"PPAN","HIST1H2AA"
"PPAN","POLR2J2"
"EXOSC5","XAB2"
"EXOSC5","LSM2"
"EXOSC5","MUS81"
"EXOSC5","ZNF598"
"EXOSC5","FTSJ3"
"EXOSC5","TRAPPC5"
"XAB2","LSM2"
"XAB2","MUS81"
"XAB2","ZNF598"
"XAB2","FTSJ3"
"XAB2","TRAPPC5"
"ATXN7L3","ATXN7L2"
"PDXP","UBL5"
"PLSCR3","PDCL3"
"PLSCR3","MUS81"
"THOC2","LSM2"
"THOC2","THOC6"
"THOC2","MUS81"
"THOC2","ZNF598"
"THOC2","FTSJ3"
"NDRG2","KLC2"
"LSM2","UBL5"
"LSM2","MRPL17"
"LSM2","PDCL3"
"LSM2","MUS81"
"LSM2","FTSJ3"
"LSM2","TRAPPC5"
"LSM2","TUBB"
"LSM2","HIST1H2AA"
"LSM2","POLR2J2"
"UBL5","POLR2J2"
"SMAP1","ZNF598"
"SMAP1","TRAPPC5"
"MRPL17","MRPS24"
"MRPL17","MRPL21"
"MRPL17","HIST1H2AA"
"CHTF18","MUS81"
"ARHGAP9","FGD3"
"ARHGAP9","RHOT2"
"SMYD3","MUS81"
"MRPS24","MRPL52"
"PDCL3","MUS81"
"PDCL3","FTSJ3"
"PDCL3","TUBB"
"PDCL3","POLR2J2"
"PDCL3","TUBB2B"
"MUS81","SLC44A4"
"MUS81","RHOT2"
"MUS81","FTSJ3"
"MUS81","TUBB"
"MUS81","POLR2J2"
"MUS81","TSEN54"
"SLC44A4","YIF1B"
"SLC44A4","SERINC2"
"RBM4B","FTSJ3"
"FGD3","RHOT2"
"RHOT2","CHCHD4"
"RHOT2","NDUFS7"
"FTSJ3","TUBB"
"FTSJ3","TSEN54"
"OR4C46","OR1M1"
"OR4C46","OR6N1"
"OR4C46","OR5A2"
"MRPL52","MRPL21"
"OR1M1","OR6N1"
"OR1M1","OR5A2"
"TRAPPC5","TUBB"
"TRAPPC5","POLR2J2"
"OR6N1","OR5A2"
"TUBB","TUBB2B"
