"PGLYRP1"	"DLG5"	0.026
"PGLYRP1"	"HSPBP1"	0.021
"SCTR"	"HTR4"	0.559
"SCTR"	"FSHR"	0.496
"SCTR"	"GNB1"	0.025
"SCTR"	"ADM2"	0.038
"SCTR"	"GNB2"	0.025
"SCTR"	"ADCY1"	1e-08
"SCTR"	"P2RY11"	0.477
"SCTR"	"GPR20"	0.823
"PIGQ"	"PIGL"	0.129
"RTN4R"	"GNB1"	0.194
"RTN4R"	"HRAS"	0.362
"RTN4R"	"CAB39"	0.166
"RTN4R"	"DIRAS3"	0.657
"RTN4R"	"AKT1"	0.278
"RTN4R"	"GNAI2"	0.32
"RTN4R"	"DIRAS2"	0.577
"RTN4R"	"EEF1G"	0.233
"RTN4R"	"TYRO3"	0.43
"RTN4R"	"GNB2"	0.194
"RTN4R"	"RTN2"	0.657
"RTN4R"	"PPP3CC"	0.202
"RTN4R"	"SH3GL1"	0.241
"RTN4R"	"MCL1"	0.203
"PSMA4"	"EXOSC5"	0.527
"PSMA4"	"ACHE"	0.369
"PSMA4"	"NFKB2"	0.173
"PSMA4"	"PSMA7"	0.718
"PSMA4"	"UQCRQ"	0.19
"PSMA4"	"PSMC4"	0.585
"PSMA4"	"PPIB"	0.24
"PSMA4"	"PPP2R5A"	0.359
"PSMA4"	"CDC25A"	0.446
"PSMA4"	"RPN1"	0.361
"PSMA4"	"PLK1"	0.291
"PSMA4"	"TNF"	0.259
"PSMA4"	"RELB"	0.176
"PSMA4"	"PSMB4"	0.823
"PSMA4"	"ASNA1"	0.39
"PSMA4"	"DHH"	0.292
"PSMA4"	"ANAPC2"	0.657
"PSMA4"	"PSME4"	0.251
"PSMA4"	"OAZ2"	0.328
"PSMA4"	"NFKBIB"	0.328
"GRN"	"HK3"	1e-08
"GRN"	"AKT1"	0.266
"GRN"	"ITGA2B"	0.381
"GRN"	"IFI30"	0.322
"GRN"	"TNF"	0.554
"CD22"	"SELL"	0.341
"CD22"	"FFAR2"	0.256
"CD22"	"CD7"	1e-08
"CD22"	"TNF"	0.399
"CD22"	"CD79A"	0.288
"CD22"	"SPN"	0.119
"CD22"	"CD72"	0.444
"CD22"	"TNFRSF13B"	0.256
"PSMC4"	"NFKB2"	0.173
"PSMC4"	"PSMA7"	0.527
"PSMC4"	"PPP2R5A"	0.359
"PSMC4"	"CDC25A"	0.447
"PSMC4"	"PLK1"	0.291
"PSMC4"	"TNF"	0.259
"PSMC4"	"RELB"	0.176
"PSMC4"	"PSMB4"	0.585
"PSMC4"	"DHH"	0.292
"PSMC4"	"ANAPC2"	0.657
"PSMC4"	"PSME4"	0.251
"PSMC4"	"OAZ2"	0.328
"PSMC4"	"NFKBIB"	0.328
"PSMC4"	"FTSJ3"	0.325
"PSMC4"	"LHX2"	1e-08
"BCL3"	"NFKB2"	0.205
"BCL3"	"STAT3"	0.29
"BCL3"	"AKT1"	0.187
"BCL3"	"PLK1"	0.209
"BCL3"	"RFXANK"	1e-08
"BCL3"	"TNF"	0.279
"BCL3"	"HDAC3"	0.38
"BCL3"	"RELB"	0.202
"PDZD4"	"LAMA5"	1e-08
"HBQ1"	"HBZ"	0.95
"HBQ1"	"ALAS2"	0.497
"HBQ1"	"HBE1"	0.895
"HBQ1"	"ECHS1"	0.217
"HBQ1"	"TH"	0.279
"HBQ1"	"HBD"	0.895
"HBQ1"	"PAH"	0.429
"ITGB4"	"KLC2"	0.459
"ITGB4"	"HRAS"	0.233
"ITGB4"	"VWF"	0.428
"ITGB4"	"PRKCG"	1e-08
"ITGB4"	"AKT1"	0.18
"ITGB4"	"ITGA2B"	0.331
"ITGB4"	"LAMA5"	0.417
"ITGB4"	"CRK"	0.3
"ITGB4"	"EPPK1"	0.212
"ITGB4"	"ACTN4"	0.381
"ITGB4"	"COMP"	0.292
"ITGB4"	"COL9A3"	1e-08
"PPP1R15A"	"PPP2R5A"	0.773
"PPP1R15A"	"TSC2"	0.61
"PPP1R15A"	"ZNF148"	0.163
"PPP1R15A"	"KLF6"	0.186
"TFAP4"	"SP1"	0.74
"TFAP4"	"TPST2"	0.213
"TFAP4"	"SALL2"	0.722
"THPO"	"SPI1"	0.121
"THPO"	"ACHE"	0.099
"THPO"	"VWF"	0.253
"THPO"	"GATA2"	0.131
"THPO"	"SOS1"	0.483
"THPO"	"STAT3"	0.122
"THPO"	"PSMA7"	0.212
"THPO"	"CSF3R"	0.138
"THPO"	"STAT5A"	0.143
"THPO"	"IL7R"	0.15
"THPO"	"GP9"	0.329
"THPO"	"IL6R"	0.334
"THPO"	"CNTFR"	0.442
"THPO"	"AKT1"	0.158
"THPO"	"ITGA2B"	0.265
"THPO"	"CXCR4"	0.122
"THPO"	"ZFPM1"	0.138
"THPO"	"PF4"	0.481
"SEMA4G"	"OBSCN"	0.332
"NDUFB7"	"NDUFB10"	0.999
"NDUFB7"	"NDUFV1"	0.999
"NDUFB7"	"UQCRC2"	0.19
"NDUFB7"	"UQCRQ"	0.437
"NDUFB7"	"COX5A"	0.519
"NDUFB7"	"NDUFB11"	1e-08
"NDUFB7"	"ZNHIT1"	1e-08
"NDUFB7"	"ACAD9"	0.432
"NDUFB7"	"NDUFS7"	0.999
"NDUFB7"	"SDHC"	0.519
"NDUFB7"	"COX7C"	0.474
"NDUFB7"	"NDUFA3"	0.999
"TIMM13"	"CAB39"	0.028
"TIMM13"	"CHCHD4"	0.037
"TIMM13"	"TIMM8A"	0.075
"PDXP"	"ECE1"	0.424
"PDXP"	"SH3GL1"	0.231
"PDXP"	"MCL1"	0.199
"PDXP"	"AMBP"	0.15
"PDXP"	"COMP"	0.26
"PDXP"	"TH"	0.282
"PDXP"	"NDP"	0.218
"PDXP"	"TYRO3"	0.256
"PDXP"	"TNFRSF10C"	1e-08
"JOSD1"	"TIMM8A"	0.657
"NIPSNAP1"	"B3GAT3"	0.657
"NIPSNAP1"	"CHCHD2"	0.657
"TXN2"	"EEF2"	0.657
"TXN2"	"GLRX"	0.184
"TXN2"	"APEX2"	1e-08
"TXN2"	"CLPP"	0.657
"TXN2"	"SEC61A1"	0.657
"TXN2"	"RPL8"	0.098
"TXN2"	"MDH2"	0.098
"TXN2"	"TXNRD2"	0.657
"EFS"	"CRK"	0.429
"GSS"	"TXNRD2"	0.257
"GSS"	"CNDP2"	0.145
"GSS"	"GLRX"	0.111
"GSS"	"GGT1"	0.245
"GSS"	"ALOX5AP"	0.314
"GSS"	"GSTM1"	0.594
"GSS"	"GCLM"	0.199
"SRMS"	"ILKAP"	0.657
"SRMS"	"PPP3CC"	0.338
"SRMS"	"CD79A"	0.316
"PQBP1"	"SF3A2"	0.473
"PQBP1"	"PCBP2"	0.428
"PQBP1"	"GTF2F1"	0.466
"PQBP1"	"POLR2L"	0.148
"PQBP1"	"LSM2"	0.424
"PQBP1"	"CPSF1"	0.344
"PQBP1"	"XAB2"	0.657
"PQBP1"	"CTNNBL1"	0.27
"PQBP1"	"PCBP1"	0.465
"PQBP1"	"LSM7"	0.459
"PQBP1"	"DNM2"	0.302
"PCSK1N"	"CPE"	0.208
"PCSK1N"	"UTS2R"	1e-08
"USP11"	"RBM10"	0.204
"USP11"	"USP5"	0.83
"ACP5"	"CLCN7"	0.023
"ACP5"	"NES"	0.026
"ACP5"	"TNF"	0.033
"ACP5"	"CD207"	0.032
"ACP5"	"VANGL1"	0.047
"MT4"	"MT1X"	0.941
"MMP15"	"TNF"	0.303
"MMP15"	"HLA-G"	0.249
"TSC2"	"STK11"	0.337
"TSC2"	"HRAS"	0.227
"TSC2"	"EIF4EBP1"	0.258
"TSC2"	"AKT1"	0.42
"TSC2"	"CRTC2"	0.289
"TSC2"	"PLK1"	0.343
"TSC2"	"EEF2"	0.36
"TSC2"	"PI3"	0.176
"TSC2"	"CAMKK2"	0.108
"ZP2"	"ZP3"	0.557
"ZP2"	"FGF8"	0.147
"ZP2"	"ALX4"	0.052
"MAZ"	"HRAS"	0.333
"MAZ"	"AKT1"	0.224
"CSK"	"GNB1"	0.364
"CSK"	"HRAS"	0.427
"CSK"	"VWF"	0.363
"CSK"	"STAT3"	0.311
"CSK"	"HLA-DQA2"	1e-08
"CSK"	"ARRB2"	0.318
"CSK"	"RHOG"	0.409
"CSK"	"ILKAP"	0.657
"CSK"	"PPP3CC"	0.306
"CSK"	"ACTN4"	0.258
"CSK"	"AKT1"	0.571
"CSK"	"ITGA2B"	0.45
"CSK"	"HLA-DRA"	0.205
"CSK"	"HCK"	0.551
"CSK"	"PLAUR"	0.284
"CSK"	"DNM2"	0.344
"CSK"	"CD79A"	0.426
"CSK"	"PORCN"	0.332
"CSK"	"ACTA1"	0.206
"CSK"	"HLA-DRB1"	0.029
"CTSH"	"BID"	0.125
"CTSH"	"HLA-DRB1"	0.014
"CTSH"	"HLA-DQA2"	0.322
"CTSH"	"HLA-DRA"	0.149
"EXOSC5"	"RPL7"	0.23
"EXOSC5"	"RPL27A"	0.282
"EXOSC5"	"RPL11"	0.238
"EXOSC5"	"RPLP2"	0.328
"EXOSC5"	"RPS9"	0.209
"EXOSC5"	"RPS2"	0.243
"EXOSC5"	"RPL4"	0.282
"EXOSC5"	"RPL36AL"	0.657
"EXOSC5"	"RPL18"	0.049
"EXOSC5"	"RPL15"	0.271
"EXOSC5"	"RPL13A"	0.053
"EXOSC5"	"MPHOSPH6"	0.657
"EXOSC5"	"RPL41"	0.049
"EXOSC5"	"ZFP36L1"	0.173
"EXOSC5"	"RPLP0"	0.242
"EXOSC5"	"RPL35"	0.053
"EXOSC5"	"RPL30"	0.282
"EXOSC5"	"RPL14"	0.271
"EXOSC5"	"RPL32"	0.049
"EXOSC5"	"KHSRP"	0.291
"EXOSC5"	"KPNA6"	0.272
"EXOSC5"	"RPL8"	0.049
"EXOSC5"	"EXOSC7"	0.576
"EXOSC5"	"EXOSC3"	0.682
"EXOSC5"	"RPL10"	0.235
"EXOSC5"	"RPL37"	0.049
"EXOSC5"	"RPL37A"	0.282
"PAF1"	"GTF2F1"	0.399
"PAF1"	"POLR2L"	0.181
"PAF1"	"CSNK2B"	0.389
"PAF1"	"KLC2"	0.322
"PAF1"	"GTF2H4"	0.182
"PAF1"	"IFIT2"	0.33
"RELB"	"NFKB2"	0.738
"RELB"	"PSMB4"	0.176
"RELB"	"PSME4"	0.163
"RELB"	"PSMA7"	0.187
"RELB"	"STAT3"	0.672
"RELB"	"TRAF5"	0.278
"RELB"	"TNF"	0.456
"RELB"	"NFKBIB"	0.344
"RELB"	"AKT1"	0.233
"RELB"	"ANXA5"	0.199
"RELB"	"DAXX"	0.409
"RELB"	"IRF3"	0.665
"RELB"	"CORT"	0.089
"SF3A2"	"RANGAP1"	0.516
"SF3A2"	"AGPAT1"	0.353
"SF3A2"	"LSM2"	0.65
"SF3A2"	"PCBP2"	0.63
"SF3A2"	"GTF2F1"	0.399
"SF3A2"	"POLR2L"	0.186
"SF3A2"	"RBM10"	0.596
"SF3A2"	"EEF2"	0.605
"SF3A2"	"CPSF1"	0.537
"SF3A2"	"EIF4G3"	0.674
"SF3A2"	"XAB2"	0.657
"SF3A2"	"CTNNBL1"	0.436
"SF3A2"	"LSM7"	0.751
"SF3A2"	"PCBP1"	0.664
"FSD1"	"SRF"	0.176
"FSD1"	"MYOG"	0.177
"FSD1"	"RPS2"	0.14
"CD79A"	"SELL"	0.227
"CD79A"	"SLC3A2"	0.242
"CD79A"	"IL13"	0.657
"CD79A"	"VWF"	0.418
"CD79A"	"IL7R"	0.271
"CD79A"	"CD7"	1e-08
"CD79A"	"AKT1"	0.322
"CD79A"	"CXCR4"	0.191
"CD79A"	"UNG"	0.278
"CD79A"	"GGT1"	0.314
"CD79A"	"COX5A"	0.314
"CD79A"	"TNF"	0.421
"CD79A"	"VAV1"	0.268
"CD79A"	"SPN"	0.17
"CD79A"	"CD72"	0.379
"CD79A"	"HLA-DRB1"	0.043
"CD79A"	"TNFRSF13B"	0.392
"CD79A"	"CFP"	0.392
"CD79A"	"MGAM"	1e-08
"CD79A"	"S100A8"	0.249
"CD79A"	"AMBP"	0.38
"CD79A"	"SOS1"	0.314
"RABAC1"	"RAB5C"	0.332
"DBP"	"CEBPA"	0.58
"DBP"	"BATF"	0.787
"COMP"	"TNFRSF10C"	1e-08
"COMP"	"UNG"	0.261
"COMP"	"HINT1"	0.138
"COMP"	"TYRO3"	0.167
"COMP"	"MICAL1"	0.268
"COMP"	"FOXM1"	0.235
"COMP"	"ITGA2B"	0.237
"COMP"	"NES"	0.521
"COMP"	"TH"	0.292
"COMP"	"ECE1"	0.285
"COMP"	"SH3GL1"	0.235
"COMP"	"MCL1"	0.204
"COMP"	"COL9A3"	0.319
"COMP"	"NDP"	0.222
"COMP"	"ZBTB32"	0.292
"COMP"	"RAB5C"	0.33
"COMP"	"TNIP1"	0.279
"COMP"	"AMBP"	0.219
"DLX5"	"FGF8"	0.016
"DLX5"	"MSX1"	0.443
"DLX5"	"WNT10B"	0.03
"FIS1"	"RHOT2"	0.342
"FIS1"	"DNM2"	0.305
"FIS1"	"ZNHIT1"	0.376
"ACTA2"	"MYL2"	0.245
"ACTA2"	"EGR1"	0.483
"ACTA2"	"MYL6"	0.245
"ACTA2"	"TMSB4X"	0.773
"ACTA2"	"PRKCG"	1e-08
"ACTA2"	"ANXA5"	0.788
"ACTA2"	"GSPT2"	0.245
"ACTA2"	"RHOG"	0.99
"ACTA2"	"DYNC1H1"	0.245
"ACTA2"	"EEF2"	0.99
"ACTA2"	"ACTN4"	0.245
"ACTA2"	"TNNT2"	0.245
"ACTA2"	"HK3"	1e-08
"ACTA2"	"RPL14"	0.245
"ACTA2"	"RPS23"	0.245
"ACTA2"	"CALML5"	0.045
"ACTA2"	"ARPC4"	0.773
"ACTA2"	"VWF"	0.55
"ACTA2"	"OBSCN"	0.623
"ACTA2"	"TUBB"	0.593
"ACTA2"	"SRF"	0.245
"ACTA2"	"DIRAS3"	0.245
"ACTA2"	"ARPC5"	0.245
"ACTA2"	"RPL18"	0.053
"ACTA2"	"AKT1"	0.773
"ACTA2"	"CDC25A"	0.99
"ACTA2"	"MYL3"	0.112
"ACTA2"	"PGK1"	0.245
"ACTA2"	"PLK1"	0.99
"ACTA2"	"CALB2"	0.045
"ACTA2"	"SMARCD3"	0.179
"ACTA2"	"TUBB2B"	0.245
"ACTA2"	"TNF"	0.55
"ACTA2"	"DIRAS2"	0.042
"ACTA2"	"DNAH11"	0.113
"ACTA2"	"HDAC3"	0.773
"ACTA2"	"DNM2"	0.773
"ACTA2"	"SP1"	0.544
"ACTA2"	"FAU"	0.053
"ACTA2"	"ARPC1B"	0.245
"ACTA2"	"RHOBTB1"	0.99
"ACTA2"	"HRAS"	0.245
"ACTA2"	"GABARAP"	0.593
"ACTA2"	"CABP2"	1e-08
"ACTA2"	"TPM2"	0.169
"ACTA2"	"ZNHIT1"	0.544
"WNT3"	"GBX2"	1e-08
"WNT3"	"DHH"	0.313
"WNT3"	"MSX1"	0.113
"WNT3"	"AKT1"	0.227
"WNT3"	"TCF7"	0.215
"WNT3"	"EVX1"	1e-08
"WNT3"	"PORCN"	1e-08
"WNT3"	"WNT10B"	0.845
"WNT3"	"WNT11"	0.65
"WNT3"	"FGF8"	0.224
"PIGL"	"MSX1"	1e-08
"PIGL"	"GYS1"	0.129
"VTN"	"TNF"	0.344
"VTN"	"PLAUR"	0.355
"VTN"	"SPARC"	0.379
"VTN"	"PF4"	0.385
"VTN"	"AMBP"	0.263
"VTN"	"VWF"	0.583
"VTN"	"AKT1"	0.17
"VTN"	"ITGA2B"	0.361
"FRG1"	"TNNT3"	0.46
"SPI1"	"QRSL1"	0.177
"SPI1"	"TAL1"	0.727
"SPI1"	"GATA2"	0.754
"SPI1"	"CSF3R"	0.149
"SPI1"	"STAT3"	0.674
"SPI1"	"STAT5A"	0.509
"SPI1"	"IL7R"	0.152
"SPI1"	"SRF"	0.731
"SPI1"	"IRF2"	0.716
"SPI1"	"NDRG2"	0.657
"SPI1"	"CEBPA"	0.721
"SPI1"	"IL32"	0.657
"SPI1"	"SDHC"	0.087
"SPI1"	"CD53"	0.657
"SPI1"	"PRAM1"	0.201
"SPI1"	"NONO"	0.657
"SPI1"	"CLPP"	0.16
"SPI1"	"HCK"	0.174
"SPI1"	"TNF"	0.401
"SPI1"	"VAV1"	0.406
"SPI1"	"HDAC3"	0.28
"SPI1"	"NPM1"	0.36
"SPI1"	"ZFPM1"	0.807
"MYL2"	"MYL6"	0.41
"MYL2"	"TCAP"	0.454
"MYL2"	"PPP3CC"	0.237
"MYL2"	"TNNT2"	0.567
"MYL2"	"ACTA1"	0.609
"MYL2"	"TPM2"	0.543
"MYL2"	"OBSCN"	0.52
"MYL2"	"MIB2"	0.242
"MYL2"	"AKT1"	0.235
"MYL2"	"PLK1"	0.34
"MYL2"	"MYL3"	0.755
"MYL2"	"CAMK2A"	0.189
"MYL2"	"TNNI1"	0.657
"MYL2"	"TBX5"	0.185
"MYL2"	"TNNI2"	0.493
"MYL2"	"TNNT3"	0.536
"HARS2"	"MARS"	0.699
"HARS2"	"PEPD"	0.324
"SPARC"	"VWF"	0.406
"SPARC"	"VEGFB"	0.225
"SPARC"	"ACTN4"	0.273
"SPARC"	"TMSB4X"	0.26
"SPARC"	"STAB1"	0.277
"SPARC"	"PF4"	0.308
"HAND1"	"SLC25A23"	0.188
"HAND1"	"IRX4"	0.945
"IRX4"	"TBX5"	0.945
"NCK2"	"TNK2"	0.199
"NCK2"	"CRK"	0.576
"NCK2"	"EPHB3"	1e-08
"NCK2"	"GIT1"	0.657
"NCK2"	"ARPC1B"	0.485
"NCK2"	"SOS1"	0.258
"NCK2"	"ARPC5"	0.485
"NDUFS7"	"UQCRC2"	0.348
"NDUFS7"	"RPL11"	0.185
"NDUFS7"	"ACAD9"	0.439
"NDUFS7"	"NDUFB11"	0.657
"NDUFS7"	"SDHC"	0.337
"NDUFS7"	"NDUFA3"	0.999
"NDUFS7"	"NDUFB10"	0.879
"NDUFS7"	"NDUFV1"	0.999
"NDUFS7"	"RHOT2"	0.316
"GRIN3B"	"GRIK5"	0.555
"TPSG1"	"IL13"	1e-08
"RGS2"	"PRKCG"	1e-08
"RGS2"	"TRIM47"	1e-08
"RGS2"	"GNAI2"	0.223
"SELL"	"CD7"	1e-08
"SELL"	"AKT1"	0.334
"SELL"	"ANXA5"	0.413
"SELL"	"ITGA2B"	0.231
"SELL"	"CXCR4"	0.184
"SELL"	"LAMP1"	0.319
"SELL"	"IL6R"	0.205
"SELL"	"TNF"	0.316
"SELL"	"MSN"	0.288
"SELL"	"SPN"	0.092
"SELL"	"NTAN1"	1e-08
"SELL"	"STAT3"	0.198
"SELL"	"ELF4"	0.169
"SELL"	"IL13"	0.657
"SELL"	"VWF"	0.283
"SELL"	"STAT5A"	0.162
"SELL"	"IL7R"	0.168
"GLRX"	"AKT1"	0.132
"GLRX"	"TXNRD2"	0.532
"GLRX"	"MARS"	0.138
"GLRX"	"EEF1G"	0.097
"GLRX"	"RRM2"	0.295
"EGR1"	"IRF2"	0.716
"EGR1"	"IRF7"	0.686
"EGR1"	"CDKN1C"	0.14
"EGR1"	"SDHC"	0.149
"EGR1"	"DAXX"	0.2
"EGR1"	"ALOX5AP"	0.15
"EGR1"	"BST2"	0.345
"EGR1"	"LHX2"	0.945
"EGR1"	"HRAS"	0.287
"EGR1"	"PITX1"	0.675
"EGR1"	"GDF15"	0.167
"EGR1"	"SOCS1"	0.165
"EGR1"	"ADAR"	0.337
"EGR1"	"IER2"	0.61
"EGR1"	"HSPB1"	0.352
"EGR1"	"CAMK2A"	0.168
"EGR1"	"NR5A1"	0.739
"EGR1"	"TNF"	0.508
"EGR1"	"SP1"	0.638
"EGR1"	"HLA-G"	0.174
"EGR1"	"IRF3"	0.619
"EGR1"	"IFIT2"	0.379
"EGR1"	"GATA2"	0.672
"EGR1"	"IFITM1"	0.657
"EGR1"	"STAT3"	0.644
"EGR1"	"SRF"	0.652
"EGR1"	"AKT1"	0.284
"PPP3CC"	"CALB2"	0.073
"PPP3CC"	"PLCB2"	0.319
"PPP3CC"	"CALML5"	0.037
"PPP3CC"	"PPP2R5A"	0.407
"PPP3CC"	"AKT1"	0.232
"PPP3CC"	"MYL3"	0.091
"PPP3CC"	"LIMK2"	0.381
"PPP3CC"	"PLCB3"	0.64
"PPP3CC"	"CAMK2A"	0.396
"PPP3CC"	"PIP5K1C"	0.296
"PPP3CC"	"HCK"	0.317
"PPP3CC"	"BAD"	0.234
"PPP3CC"	"KCNIP2"	0.182
"PPP3CC"	"MEF2D"	0.169
"PPP3CC"	"NFATC4"	0.174
"PPP3CC"	"ANAPC2"	0.657
"PPP3CC"	"PPP1R1B"	0.189
"PPP3CC"	"EPHB3"	0.105
"PPP3CC"	"BIN2"	0.318
"PPP3CC"	"RIPK1"	0.262
"PPP3CC"	"CABP2"	1e-08
"PPP3CC"	"STK11"	0.247
"PPP3CC"	"PIM2"	0.381
"PPP3CC"	"TYRO3"	0.265
"PPP3CC"	"AP2A1"	0.294
"PPP3CC"	"MYL6"	0.345
"PPP3CC"	"PRKCG"	0.131
"PPP3CC"	"CRTC2"	0.331
"GJA8"	"CACNA1H"	0.865
"MYOG"	"SRF"	0.79
"MYOG"	"AKT1"	0.257
"MYOG"	"PRMT5"	0.386
"MYOG"	"NES"	0.044
"MYOG"	"DYRK1B"	0.135
"MYOG"	"TNF"	0.467
"MYOG"	"MEF2D"	0.778
"MYOG"	"SP1"	0.714
"MYOG"	"CTF1"	0.161
"NPY"	"GNB1"	0.14
"NPY"	"FFAR2"	0.391
"NPY"	"ACHE"	0.094
"NPY"	"STAT3"	0.114
"NPY"	"NPW"	0.329
"NPY"	"GNB2"	0.14
"NPY"	"PNMT"	1e-08
"NPY"	"ADCY1"	1e-08
"NPY"	"GNAI2"	0.386
"NPY"	"DBH"	0.017
"NPY"	"CXCR4"	0.352
"NPY"	"CALB2"	0.053
"NPY"	"CORT"	0.72
"NPY"	"GRM4"	0.32
"NPY"	"ASIP"	0.959
"NPY"	"HTR3A"	0.208
"NPY"	"TH"	0.154
"NPY"	"TNF"	0.375
"NPY"	"CD63"	0.329
"NPY"	"PF4"	0.497
"CNTFR"	"IL13"	0.657
"CNTFR"	"STAT3"	0.173
"CNTFR"	"CTF1"	0.414
"CNTFR"	"IL6R"	0.71
"UNG"	"APEX2"	0.131
"UNG"	"GGT1"	0.298
"UNG"	"SH3GL1"	0.275
"UNG"	"CDA"	0.313
"UNG"	"MCL1"	0.226
"UNG"	"RRM2"	0.282
"SEC61A1"	"EEF2"	0.224
"SEC61A1"	"RPL7"	0.194
"SEC61A1"	"PCSK4"	0.657
"SEC61A1"	"RPS21"	0.078
"SEC61A1"	"UQCRC2"	0.236
"SEC61A1"	"RPL27A"	0.216
"SEC61A1"	"RPL11"	0.196
"SEC61A1"	"MRPL16"	0.027
"SEC61A1"	"RPLP2"	0.236
"SEC61A1"	"RPS9"	0.174
"SEC61A1"	"RPS2"	0.208
"SEC61A1"	"RPL10"	0.189
"SEC61A1"	"RPL37"	0.046
"SEC61A1"	"RPL37A"	0.216
"SEC61A1"	"MRPS12"	0.216
"SEC61A1"	"RPL41"	0.047
"SEC61A1"	"DYRK1B"	0.202
"SEC61A1"	"RPLP0"	0.194
"SEC61A1"	"RPL30"	0.216
"SEC61A1"	"RPL14"	0.216
"SEC61A1"	"SURF4"	0.657
"SEC61A1"	"RPL35"	0.049
"SEC61A1"	"RPS23"	0.216
"SEC61A1"	"RPL32"	0.046
"SEC61A1"	"TNF"	0.221
"SEC61A1"	"ASNA1"	0.354
"SEC61A1"	"RPL8"	0.046
"SEC61A1"	"RPL4"	0.216
"SEC61A1"	"DDOST"	0.202
"SEC61A1"	"OS9"	0.657
"SEC61A1"	"MRPL17"	0.095
"SEC61A1"	"RPL36AL"	0.657
"SEC61A1"	"RPL18"	0.046
"SEC61A1"	"RPL15"	0.216
"SEC61A1"	"RPL13A"	0.049
"SEC61A1"	"RPN1"	0.216
"CHPF"	"B3GAT3"	0.522
"CHPF"	"EXT2"	0.559
"PI3"	"TYRO3"	1e-08
"PI3"	"STAT5A"	1e-08
"PI3"	"EIF4EBP1"	1e-08
"PI3"	"ANXA5"	0.126
"PI3"	"SH3GL1"	1e-08
"PI3"	"CTNNBL1"	1e-08
"PI3"	"SERPINB5"	0.469
"PI3"	"ZFYVE1"	1e-08
"PI3"	"MCL1"	1e-08
"PI3"	"ALOX5AP"	1e-08
"PI3"	"HRAS"	1e-08
"PI3"	"STAT3"	1e-08
"PI3"	"WDTC1"	1e-08
"PI3"	"AKT1"	0.072
"PI3"	"TNF"	0.123
"PEPD"	"EIF5A"	0.24
"PEPD"	"CNDP2"	0.962
"PEPD"	"SARDH"	0.149
"TREM1"	"TNF"	0.17
"TREM1"	"KIR2DL1"	0.17
"CLPP"	"MDH2"	0.125
"THOC2"	"CPSF1"	0.617
"THOC2"	"NR5A1"	0.307
"THOC2"	"POM121"	0.286
"SLURP1"	"LY6H"	0.676
"FFAR2"	"PROK2"	0.23
"FFAR2"	"GNAI2"	0.236
"FFAR2"	"P2RY11"	0.573
"FFAR2"	"PLCB2"	1e-08
"FFAR2"	"GNB1"	0.275
"FFAR2"	"PLCB3"	0.247
"FFAR2"	"UTS2R"	0.668
"FFAR2"	"GNB2"	0.275
"CFP"	"ADAMTS13"	0.437
"CFP"	"ADAMTS4"	0.657
"CFP"	"FCN1"	0.511
"CFP"	"ADAMTSL2"	0.657
"COX7C"	"HCFC1"	0.159
"COX7C"	"RPL37A"	1e-08
"COX7C"	"HINT1"	0.252
"COX7C"	"RPS21"	1e-08
"COX7C"	"UQCRC2"	0.185
"COX7C"	"RPL11"	1e-08
"COX7C"	"UQCRQ"	0.766
"COX7C"	"COX5A"	1
"COX7C"	"RPL30"	1e-08
"COX7C"	"RPL35"	1e-08
"COX7C"	"UBL5"	1e-08
"COX7C"	"FAU"	1e-08
"COX7C"	"TBCA"	1e-08
"HSPB1"	"STAT3"	0.504
"HSPB1"	"AKT1"	0.443
"HSPB1"	"ANXA5"	0.326
"HSPB1"	"DAXX"	0.505
"HSPB1"	"PFDN2"	0.396
"HSPB1"	"CRK"	0.319
"HSPB1"	"NDUFV1"	1e-08
"HSPB1"	"MSN"	0.471
"HSPB1"	"ACTA1"	0.291
"HSPB1"	"TNF"	0.543
"DGCR6L"	"PRODH"	0.047
"DGCR6L"	"TBX1"	0.255
"GGT1"	"TBX1"	0.099
"GGT1"	"MGAM"	0.198
"GGT1"	"GCAT"	0.456
"GGT1"	"HRAS"	0.31
"GGT1"	"FOXM1"	0.204
"GGT1"	"AKT1"	0.278
"GGT1"	"TXNRD2"	0.349
"GGT1"	"ITGA2B"	0.322
"GGT1"	"CNDP2"	0.747
"GGT1"	"TNF"	0.233
"GGT1"	"GLUD2"	0.096
"GGT1"	"GSTM1"	0.24
"GGT1"	"GCLM"	0.107
"GGT1"	"RPL27A"	0.235
"GGT1"	"S100A12"	0.207
"GGT1"	"ANXA5"	0.209
"GGT1"	"SDHC"	0.115
"PIAS1"	"DAXX"	0.563
"PIAS1"	"MTA1"	0.52
"PIAS1"	"IL6R"	0.289
"PIAS1"	"RANGAP1"	0.245
"PIAS1"	"STAT3"	0.278
"PIAS1"	"STAT5A"	0.259
"PIAS1"	"STAT4"	0.192
"PIAS1"	"GTF2H4"	0.272
"PIAS1"	"AKT1"	0.329
"PIAS1"	"MSX1"	0.065
"PIAS1"	"UBE2R2"	0.446
"CHRNA10"	"CHRNG"	0.555
"KLF16"	"FOXK1"	0.945
"KLF16"	"SIN3B"	1e-08
"CNGB1"	"CNGA2"	0.847
"PHC1"	"ANAPC2"	0.657
"PHC1"	"HIST1H2AC"	0.106
"PHC1"	"TFCP2"	0.657
"PHC1"	"PRMT5"	0.657
"PHC1"	"PCGF6"	0.657
"BST2"	"LILRA4"	0.286
"BST2"	"IFIT2"	0.541
"BST2"	"RIPK1"	0.344
"BST2"	"IRF3"	0.498
"BST2"	"TREX1"	0.347
"BST2"	"TRIM22"	0.241
"BST2"	"ADAR"	0.44
"BST2"	"IRF7"	0.374
"BST2"	"IRF2"	0.344
"BST2"	"IFITM1"	0.657
"BST2"	"HLA-G"	0.571
"LSM7"	"PCBP2"	0.614
"LSM7"	"KLC2"	0.306
"LSM7"	"GTF2F1"	0.41
"LSM7"	"POLR2L"	0.17
"LSM7"	"LSM2"	0.768
"LSM7"	"CPSF1"	0.507
"LSM7"	"EEF2"	0.595
"LSM7"	"XAB2"	0.657
"LSM7"	"CTNNBL1"	0.357
"LSM7"	"RPL35"	0.549
"LSM7"	"PCBP1"	0.646
"LSM7"	"FAU"	0.959
"ACTN4"	"MYL6"	0.18
"ACTN4"	"GNB2"	0.312
"ACTN4"	"TMSB4X"	0.484
"ACTN4"	"NDUFB10"	0.204
"ACTN4"	"TRIM3"	0.203
"ACTN4"	"APOL1"	0.196
"ACTN4"	"CALML5"	0.041
"ACTN4"	"ACTA1"	0.413
"ACTN4"	"SQSTM1"	0.31
"ACTN4"	"LIMD1"	0.287
"ACTN4"	"TPM2"	0.485
"ACTN4"	"CABP2"	1e-08
"ACTN4"	"SOS1"	0.205
"ACTN4"	"VWF"	0.446
"ACTN4"	"VEGFB"	0.324
"ACTN4"	"MIB2"	0.204
"ACTN4"	"AKT1"	0.332
"ACTN4"	"ITGA2B"	0.304
"ACTN4"	"CALB2"	0.073
"ACTN4"	"SLC9A3R2"	0.352
"ACTN4"	"CAMK2A"	0.319
"ACTN4"	"PIP5K1C"	0.18
"ACTN4"	"DNM2"	0.422
"ACTN4"	"PF4"	0.345
"ACTN4"	"TNNT3"	0.354
"ARPC1B"	"PSMA7"	0.302
"ARPC1B"	"ARPC5"	0.884
"ARPC1B"	"EPHB3"	1e-08
"ARPC1B"	"ARPC4"	0.729
"ARPC1B"	"ACTA1"	0.583
"GDF15"	"TSPAN4"	0.448
"GDF15"	"PITX1"	0.21
"GDF15"	"AKT1"	0.346
"GDF15"	"TNF"	0.617
"TNNI2"	"CHRNG"	0.191
"TNNI2"	"MYL6"	0.239
"TNNI2"	"TCAP"	0.371
"TNNI2"	"MYL3"	0.444
"TNNI2"	"CALB2"	0.073
"TNNI2"	"TNNI1"	0.657
"TNNI2"	"KCNIP2"	0.197
"TNNI2"	"TNNT2"	0.557
"TNNI2"	"ACTA1"	0.402
"TNNI2"	"CALML5"	0.044
"TNNI2"	"CABP2"	1e-08
"TNNI2"	"TNNT3"	0.522
"TNNI2"	"TPM2"	0.501
"TUBGCP2"	"CSNK1E"	0.214
"TUBGCP2"	"TUBB2B"	0.489
"TUBGCP2"	"KIFC1"	0.325
"TUBGCP2"	"PCNT"	0.657
"TUBGCP2"	"TUBB"	0.481
"TUBGCP2"	"KIF25"	0.314
"TUBGCP2"	"DYNC1H1"	0.218
"TUBGCP2"	"PLK1"	0.31
"TUBGCP2"	"NUMA1"	0.565
"HBZ"	"HBD"	0.895
"HBZ"	"PAH"	0.429
"HBZ"	"SP1"	0.216
"HBZ"	"AMBP"	0.278
"HBZ"	"TH"	0.279
"HBZ"	"HBE1"	0.895
"HBZ"	"ECHS1"	0.217
"LAMA5"	"RAPSN"	0.41
"LAMA5"	"ITGA2B"	0.132
"LAMA5"	"ACTA1"	0.273
"PPP1R1B"	"CXCR4"	0.142
"PPP1R1B"	"CALB2"	0.073
"PPP1R1B"	"CSNK2B"	0.459
"PPP1R1B"	"TH"	0.206
"ILKAP"	"EPHB3"	1e-08
"ILKAP"	"RIPK1"	0.657
"ILKAP"	"LIMK2"	0.657
"ILKAP"	"TYRO3"	0.657
"ILKAP"	"STK11"	0.657
"ILKAP"	"PIM2"	0.657
"ILKAP"	"HCK"	0.657
"SCLY"	"HYI"	0.394
"SCLY"	"TXNRD2"	0.392
"HSPBP1"	"BRSK1"	0.187
"HRK"	"BBC3"	0.657
"HRK"	"BAD"	0.657
"HRK"	"MCL1"	0.657
"POM121"	"RANGAP1"	0.23
"POM121"	"INCENP"	0.657
"POM121"	"GEMIN4"	0.657
"POM121"	"NPM1"	0.177
"POM121"	"GEMIN7"	0.657
"POM121"	"CPSF1"	0.289
"CD63"	"VWF"	0.657
"CD63"	"ANXA5"	0.657
"CD63"	"ITGA2B"	0.657
"CD63"	"CXCR4"	0.657
"CD63"	"LAMP1"	0.657
"CD63"	"TGOLN2"	0.657
"CD63"	"SLC29A2"	1e-08
"MPHOSPH6"	"RPL37"	0.098
"MPHOSPH6"	"RPL37A"	0.657
"MPHOSPH6"	"RPL7"	0.657
"MPHOSPH6"	"RPL27A"	0.657
"MPHOSPH6"	"RPL41"	0.098
"MPHOSPH6"	"RPL11"	0.657
"MPHOSPH6"	"RPLP0"	0.657
"MPHOSPH6"	"RPS9"	0.657
"MPHOSPH6"	"RPLP2"	0.657
"MPHOSPH6"	"RPL14"	0.657
"MPHOSPH6"	"RPL30"	0.657
"MPHOSPH6"	"RPL35"	0.098
"MPHOSPH6"	"RPS2"	0.657
"MPHOSPH6"	"RPL18"	0.098
"MPHOSPH6"	"RPL32"	0.098
"MPHOSPH6"	"RPL4"	0.657
"MPHOSPH6"	"RPL36AL"	0.657
"MPHOSPH6"	"RPL15"	0.657
"MPHOSPH6"	"RPL13A"	0.098
"MPHOSPH6"	"RPL8"	0.098
"MPHOSPH6"	"EXOSC3"	0.657
"MPHOSPH6"	"EXOSC7"	0.657
"MPHOSPH6"	"RPL10"	0.657
"CAB39"	"RTN4RL2"	1e-08
"CAB39"	"CAMKK2"	0.269
"CAB39"	"UBL5"	0.223
"CAB39"	"STK11"	0.617
"CAB39"	"OPTC"	1e-08
"CAB39"	"STK24"	0.518
"CAB39"	"BRSK1"	0.314
"CAB39"	"DCXR"	0.176
"CAB39"	"LRG1"	0.657
"CAB39"	"IGFALS"	0.166
"CAB39"	"GP9"	0.657
"RPL35"	"RPS23"	0.795
"RPL35"	"EEF1G"	0.063
"RPL35"	"SLC3A2"	0.383
"RPL35"	"RPL32"	0.934
"RPL35"	"RPL7"	0.748
"RPL35"	"HINT1"	0.023
"RPL35"	"EIF4A2"	0.397
"RPL35"	"SDSL"	0.024
"RPL35"	"EIF5A"	0.485
"RPL35"	"FAU"	0.959
"RPL35"	"RPL8"	0.934
"RPL35"	"EXOSC7"	0.478
"RPL35"	"RPL37"	0.934
"RPL35"	"RPL11"	0.667
"RPL35"	"RPL27A"	0.795
"RPL35"	"RPS21"	0.786
"RPL35"	"RPLP2"	0.452
"RPL35"	"MRPL16"	0.745
"RPL35"	"RPS9"	0.672
"RPL35"	"RPS2"	0.615
"RPL35"	"DDOST"	0.044
"RPL35"	"RPL4"	0.795
"RPL35"	"RPL36AL"	0.098
"RPL35"	"RPL18"	0.934
"RPL35"	"EEF2"	0.428
"RPL35"	"RPL15"	0.688
"RPL35"	"RPN1"	0.463
"RPL35"	"RPL13A"	0.983
"RPL35"	"GSPT2"	0.468
"RPL35"	"MRPL17"	0.429
"RPL35"	"EXOSC3"	0.463
"RPL35"	"RPL10"	0.681
"RPL35"	"RPL37A"	0.795
"RPL35"	"MRPS12"	0.795
"RPL35"	"SMG6"	0.347
"RPL35"	"RPL41"	0.908
"RPL35"	"RPLP0"	0.75
"RPL35"	"RPL14"	0.688
"RPL35"	"RPL30"	0.795
"FRS3"	"HRAS"	0.256
"FRS3"	"CRK"	0.339
"FRS3"	"HCK"	0.345
"FRS3"	"SOS1"	0.688
"RIPK1"	"TRAF5"	0.548
"RIPK1"	"BID"	0.368
"RIPK1"	"DAXX"	0.306
"RIPK1"	"NFKBIB"	0.2
"RIPK1"	"SQSTM1"	0.635
"RIPK1"	"USP2"	0.375
"RIPK1"	"NTAN1"	0.17
"RIPK1"	"TNF"	0.43
"RIPK1"	"UBE2V1"	0.34
"RIPK1"	"NFKB2"	0.151
"RIPK1"	"IRF3"	0.31
"TUBB2B"	"KIF25"	0.075
"TUBB2B"	"ARF1"	0.595
"TUBB2B"	"KIFC1"	0.266
"TUBB2B"	"KIF1A"	0.102
"TUBB2B"	"DYNC1LI1"	0.468
"TUBB2B"	"PFDN2"	0.28
"TUBB2B"	"CALML5"	0.154
"TUBB2B"	"ACTA1"	0.648
"TUBB2B"	"CABP2"	1e-08
"TUBB2B"	"TBCA"	0.364
"TUBB2B"	"OBSCN"	0.352
"TUBB2B"	"DYNC1H1"	0.283
"TUBB2B"	"PLK1"	0.305
"TUBB2B"	"PFDN1"	0.075
"TUBB2B"	"CALB2"	0.404
"TUBB2B"	"DNAH11"	0.096
"TUBB2B"	"EEF1G"	0.305
"TUBB2B"	"FAU"	0.407
"GTF2H4"	"XAB2"	0.657
"GTF2H4"	"PIAS3"	0.322
"GTF2H4"	"GTF2F1"	0.23
"GTF2H4"	"POLR2L"	0.401
"GTF2H4"	"POLR2J2"	0.29
"GTF2H4"	"POLD3"	0.388
"GTF2H4"	"TAF1C"	0.314
"GTF2H4"	"DDX11"	0.6
"USP2"	"ZFYVE1"	0.173
"USP2"	"RHPN1"	0.657
"USP2"	"TNF"	0.256
"USP2"	"FAU"	0.098
"PLCB2"	"P2RY11"	1e-08
"PLCB2"	"PLCB3"	0.571
"PLCB2"	"PIP5K1C"	0.128
"PLCB2"	"CAMK2A"	0.106
"PLCB2"	"TAS1R1"	1e-08
"PLCB2"	"GNB2"	0.186
"PLCB2"	"PIK3R5"	0.107
"PLCB2"	"PRKCG"	0.201
"PLCB2"	"UTS2R"	1e-08
"PLCB2"	"CALML5"	1e-08
"PLCB2"	"GNB1"	0.186
"PLCB2"	"PLCD1"	0.497
"PLCB2"	"PROK2"	1e-08
"PLCB2"	"GNAI2"	0.159
"SIX3"	"ENTPD2"	1e-08
"SIX3"	"LHX2"	0.945
"SIX3"	"MTA1"	0.706
"SIX3"	"FGF8"	0.052
"SIX3"	"GBX2"	0.476
"SIX3"	"WDTC1"	0.657
"VWF"	"HRAS"	0.202
"VWF"	"GATA2"	0.185
"VWF"	"ARRB2"	0.454
"VWF"	"VEGFB"	0.321
"VWF"	"GP9"	0.657
"VWF"	"TMSB4X"	0.29
"VWF"	"AKT1"	0.326
"VWF"	"ANXA5"	0.211
"VWF"	"WDTC1"	0.657
"VWF"	"ITGA2B"	0.416
"VWF"	"COX5A"	0.209
"VWF"	"NONO"	0.297
"VWF"	"TNF"	0.485
"VWF"	"ADAMTS13"	0.382
"VWF"	"PF4"	0.279
"VWF"	"SOS1"	0.305
"VWF"	"CXCR4"	0.201
"VWF"	"CRK"	0.271
"PPP2R5A"	"PSME4"	0.388
"PPP2R5A"	"RANGAP1"	0.464
"PPP2R5A"	"HRAS"	0.276
"PPP2R5A"	"INCENP"	0.657
"PPP2R5A"	"PSMA7"	0.351
"PPP2R5A"	"ARRB2"	0.364
"PPP2R5A"	"AKT1"	0.366
"PPP2R5A"	"PLK1"	0.339
"PPP2R5A"	"CENPH"	0.229
"PPP2R5A"	"CACNA2D4"	1e-08
"PPP2R5A"	"NUDC"	0.247
"PPP2R5A"	"PSMB4"	0.359
"TRAF5"	"NFKB2"	0.2
"TRAF5"	"TNFSF13"	0.568
"TRAF5"	"TNF"	0.609
"TRAF5"	"TNFRSF13B"	0.305
"USP22"	"HIST1H2AC"	0.106
"USP22"	"ATXN7L3"	0.563
"USP22"	"FOXM1"	0.245
"USP22"	"HIST1H2AA"	0.106
"LPIN2"	"AGPAT1"	0.08
"LPIN2"	"ZNF148"	1e-08
"CYBA"	"HRAS"	0.268
"CYBA"	"TNF"	0.23
"CYBA"	"VAV1"	0.26
"CYBA"	"AKT1"	0.306
"TNFRSF13B"	"TNFSF13"	0.329
"TNFRSF13B"	"TNF"	0.259
"PFDN1"	"NUBP2"	0.075
"PFDN1"	"PFDN2"	0.451
"CYP46A1"	"POR"	0.552
"CYP46A1"	"LSS"	0.151
"CYP46A1"	"CHDH"	0.242
"MARS"	"RPL27A"	1e-08
"MARS"	"RPL11"	1e-08
"MARS"	"RPL13A"	1e-08
"MARS"	"GSPT2"	0.171
"MARS"	"DALRD3"	1e-08
"MARS"	"EIF5A"	1e-08
"MARS"	"RPL8"	1e-08
"MARS"	"TXLNA"	1e-08
"MARS"	"RPS9"	1e-08
"MARS"	"RPS2"	1e-08
"MARS"	"RPL10"	1e-08
"MARS"	"RPL4"	1e-08
"MARS"	"PGK1"	0.135
"MARS"	"EEF2"	1e-08
"MARS"	"RPLP0"	1e-08
"MARS"	"EEF1G"	1e-08
"MARS"	"FAU"	1e-08
"SMARCD3"	"STK11"	0.137
"SMARCD3"	"PRMT5"	0.207
"SMARCD3"	"ACTA1"	0.151
"SMARCD3"	"CKS1B"	0.178
"SMARCD3"	"NR5A1"	0.219
"SMARCD3"	"TBX5"	0.332
"SMARCD3"	"HDAC3"	0.457
"SMARCD3"	"CYP4A11"	1e-08
"PKMYT1"	"DUSP23"	0.377
"PKMYT1"	"BRSK1"	0.469
"PKMYT1"	"CDC25A"	0.36
"PKMYT1"	"FOXM1"	0.204
"PKMYT1"	"PLK1"	0.542
"PKMYT1"	"PRMT5"	0.347
"PKMYT1"	"CAMKK2"	0.48
"PKMYT1"	"MYT1"	0.026
"PKMYT1"	"RRM2"	0.38
"PKMYT1"	"FAU"	0.098
"PKMYT1"	"CKS1B"	0.243
"NUBP2"	"NUDC"	0.311
"NUBP2"	"TNNT3"	0.214
"CHTF18"	"DDX11"	0.528
"ITGA2B"	"CRK"	0.27
"ITGA2B"	"HRAS"	0.275
"ITGA2B"	"IL13"	0.657
"ITGA2B"	"GATA2"	0.222
"ITGA2B"	"STAT5A"	0.268
"ITGA2B"	"ARRB2"	0.338
"ITGA2B"	"GP9"	0.657
"ITGA2B"	"CD7"	1e-08
"ITGA2B"	"AKT1"	0.32
"ITGA2B"	"RASGRP2"	0.137
"ITGA2B"	"ANXA5"	0.189
"ITGA2B"	"SLAMF1"	0.554
"ITGA2B"	"WDTC1"	0.657
"ITGA2B"	"GIT1"	0.657
"ITGA2B"	"TNF"	0.443
"ITGA2B"	"COL9A3"	1e-08
"ITGA2B"	"PF4"	0.33
"ITGA2B"	"SOS1"	0.32
"INVS"	"TUBB"	0.657
"INVS"	"AKT1"	0.657
"INVS"	"MTA2"	0.657
"INVS"	"ANAPC2"	0.657
"RPL8"	"RPL11"	0.653
"RPL8"	"RPL7"	0.688
"RPL8"	"SLC3A2"	0.336
"RPL8"	"RPS21"	0.791
"RPL8"	"RPL27A"	0.802
"RPL8"	"RPL4"	0.802
"RPL8"	"DDOST"	0.039
"RPL8"	"RPLP2"	0.547
"RPL8"	"MRPL16"	0.801
"RPL8"	"RPS9"	0.659
"RPL8"	"RPS2"	0.547
"RPL8"	"RPL36AL"	0.098
"RPL8"	"RPL18"	0.978
"RPL8"	"RPL15"	0.676
"RPL8"	"RPN1"	0.403
"RPL8"	"RPL13A"	0.934
"RPL8"	"MRPL17"	0.525
"RPL8"	"GSPT2"	0.42
"RPL8"	"EEF2"	0.38
"RPL8"	"RPL10"	0.668
"RPL8"	"EXOSC3"	0.403
"RPL8"	"RPL37"	0.978
"RPL8"	"RPL37A"	0.802
"RPL8"	"MRPS12"	0.802
"RPL8"	"SMG6"	0.306
"RPL8"	"RPL41"	0.849
"RPL8"	"RPLP0"	0.748
"RPL8"	"RPL30"	0.802
"RPL8"	"RPL14"	0.676
"RPL8"	"EEF1G"	0.061
"RPL8"	"RPS23"	0.802
"RPL8"	"RPL32"	0.978
"RPL8"	"PSTPIP1"	0.06
"RPL8"	"EIF4A2"	0.336
"RPL8"	"SDSL"	0.02
"RPL8"	"EIF5A"	0.446
"RPL8"	"FAU"	0.959
"RPL8"	"EXOSC7"	0.431
"ZBTB32"	"TYRO3"	0.166
"ZBTB32"	"PCNT"	0.657
"ZBTB32"	"NES"	0.044
"ZBTB32"	"SH3GL1"	0.251
"ZBTB32"	"MCL1"	0.211
"ZBTB32"	"AMBP"	0.206
"ZBTB32"	"GATA2"	0.512
"ZBTB32"	"HELT"	0.668
"ZBTB32"	"POLD3"	0.213
"ZBTB32"	"FANCG"	0.36
"ZBTB32"	"MTA2"	0.583
"ZBTB32"	"HDAC3"	0.311
"ZBTB32"	"NDP"	0.233
"MOV10L1"	"SMG6"	0.387
"KCNQ4"	"CACNA1A"	0.654
"KCNQ4"	"KCNE1"	0.65
"TJP3"	"CLDN6"	0.657
"TJP3"	"F11R"	0.657
"SCARF1"	"KLHDC3"	0.024
"SCARF1"	"STAB1"	0.61
"SCARF1"	"CRK"	0.025
"SMG6"	"RPL7"	0.446
"SMG6"	"RPS21"	0.308
"SMG6"	"RPL27A"	0.401
"SMG6"	"RPL11"	0.435
"SMG6"	"RPLP2"	0.172
"SMG6"	"RPS9"	0.385
"SMG6"	"RPS2"	0.43
"SMG6"	"RPL4"	0.401
"SMG6"	"RPL36AL"	0.657
"SMG6"	"RPL18"	0.306
"SMG6"	"RPL15"	0.385
"SMG6"	"GSPT2"	0.511
"SMG6"	"RPL13A"	0.347
"SMG6"	"RPL10"	0.367
"SMG6"	"RPL37"	0.306
"SMG6"	"RPL37A"	0.401
"SMG6"	"RPL41"	0.353
"SMG6"	"RPLP0"	0.407
"SMG6"	"RPL30"	0.401
"SMG6"	"RPL14"	0.385
"SMG6"	"RPL32"	0.306
"SMG6"	"RPS23"	0.401
"ABCA7"	"FXYD2"	0.568
"UBE2R2"	"ASB2"	0.757
"UBE2R2"	"ANAPC2"	0.657
"UBE2R2"	"RNF149"	0.885
"UBE2R2"	"RANGAP1"	0.224
"UBE2R2"	"SOCS1"	0.19
"UBE2R2"	"MIB2"	0.811
"UBE2R2"	"OS9"	0.657
"UBE2R2"	"HECTD3"	0.811
"UBE2R2"	"RNF130"	0.726
"UBE2R2"	"FAU"	0.098
"UBE2R2"	"DTX3L"	0.45
"UBE2R2"	"UBE2V1"	0.815
"ZC3H7B"	"PAIP2"	0.292
"P2RX3"	"HTR3A"	0.506
"P2RX3"	"ENTPD2"	1e-08
"P2RX3"	"TRPV2"	0.487
"P2RX3"	"P2RY11"	0.384
"PRKCG"	"GNAI2"	0.14
"PRKCG"	"CREB3L1"	1e-08
"PRKCG"	"CRK"	1e-08
"PRKCG"	"PLCB3"	0.141
"PRKCG"	"F11R"	1e-08
"PRKCG"	"ATP6AP1"	1e-08
"PRKCG"	"CACNA1A"	1e-08
"PRKCG"	"AP2A1"	1e-08
"PRKCG"	"GNB2"	0.155
"PRKCG"	"PAX8"	1e-08
"PRKCG"	"RHOG"	0.155
"PRKCG"	"SPHK1"	0.222
"PRKCG"	"ACTA1"	1e-08
"PRKCG"	"HRAS"	0.14
"PRKCG"	"PLCD1"	0.129
"PRKCG"	"RHOBTB1"	0.174
"CDON"	"DHH"	0.657
"CDON"	"MEF2D"	0.657
"BARHL1"	"LHX2"	0.945
"POLD3"	"POLR2L"	0.627
"POLD3"	"XAB2"	0.657
"TYRO3"	"ECE1"	0.251
"TYRO3"	"SH3GL1"	0.24
"TYRO3"	"CTNNBL1"	0.248
"TYRO3"	"MCL1"	0.206
"TYRO3"	"AMBP"	0.156
"TYRO3"	"SOCS1"	0.17
"TYRO3"	"MICAL1"	0.252
"TYRO3"	"TNF"	0.205
"TYRO3"	"KCNE1"	0.142
"VAMP8"	"AP2A1"	0.309
"VAMP8"	"ARF1"	0.245
"VAMP8"	"ARRB2"	0.305
"VAMP8"	"RAB5B"	0.253
"VAMP8"	"TGOLN2"	0.657
"VAMP8"	"SH3GL1"	0.365
"VAMP8"	"ARPC4"	0.292
"VAMP8"	"IGF2R"	0.19
"VAMP8"	"RAB5C"	0.273
"VAMP8"	"FTL"	0.251
"VAMP8"	"SYT8"	0.115
"VAMP8"	"BLOC1S3"	0.657
"VAMP8"	"ARPC5"	0.303
"VAMP8"	"BET1L"	0.16
"VAMP8"	"LAMP1"	0.411
"VAMP8"	"DNM2"	0.264
"VAMP8"	"HLA-G"	0.32
"PDCL3"	"TUBB"	0.237
"PDCL3"	"PLP2"	0.329
"THRA"	"PIK3R5"	0.019
"THRA"	"TXNRD2"	0.151
"THRA"	"HDAC3"	0.323
"STAT3"	"IRF7"	0.65
"STAT3"	"HCK"	0.174
"STAT3"	"ANXA5"	0.201
"STAT3"	"ZNF148"	0.663
"STAT3"	"SDHC"	0.097
"STAT3"	"CXCR4"	0.189
"STAT3"	"DAXX"	0.366
"STAT3"	"DYRK1B"	0.166
"STAT3"	"MCL1"	0.33
"STAT3"	"IL6R"	0.296
"STAT3"	"KPNA6"	0.169
"STAT3"	"NPM1"	0.554
"STAT3"	"CTF1"	0.186
"STAT3"	"TNF"	0.498
"STAT3"	"BATF"	0.625
"STAT3"	"HDAC3"	0.385
"STAT3"	"SLC39A4"	1e-08
"STAT3"	"SP1"	0.835
"STAT3"	"IRF3"	0.742
"STAT3"	"PIAS3"	0.251
"STAT3"	"CSF3R"	0.159
"STAT3"	"STAT5A"	0.429
"STAT3"	"STAT4"	0.537
"STAT3"	"EIF4EBP1"	0.174
"STAT3"	"FOXM1"	0.661
"STAT3"	"MTA1"	0.613
"STAT3"	"NES"	0.044
"STAT3"	"STK11"	0.236
"STAT3"	"HRAS"	0.246
"STAT3"	"NFKB2"	0.622
"STAT3"	"SOCS1"	0.242
"STAT3"	"IL13"	0.657
"STAT3"	"GATA2"	0.685
"STAT3"	"IL7R"	0.161
"STAT3"	"DIRAS3"	0.657
"STAT3"	"IL32"	0.657
"STAT3"	"AKT1"	0.373
"STAT3"	"ECHS1"	0.175
"STAT3"	"SLC9A3R2"	0.275
"STAT3"	"TBX5"	0.714
"FETUB"	"AMBP"	0.777
"AMBP"	"HELT"	0.145
"AMBP"	"TNFRSF10C"	1e-08
"AMBP"	"NES"	0.429
"AMBP"	"HBE1"	0.268
"AMBP"	"ECE1"	0.273
"AMBP"	"SH3GL1"	0.341
"AMBP"	"MCL1"	0.363
"AMBP"	"NDP"	0.464
"AMBP"	"RAB5C"	0.215
"AMBP"	"LPA"	0.336
"AMBP"	"TNIP1"	0.335
"AMBP"	"HINT1"	0.06
"AMBP"	"PCNT"	0.657
"PAIP2"	"VEGFB"	0.259
"PAIP2"	"EIF4A2"	0.235
"PITX1"	"FGF8"	0.058
"PITX1"	"NR5A1"	0.644
"PITX1"	"TBX5"	0.866
"PITX1"	"IRF3"	0.711
"SRF"	"SDHC"	0.108
"SRF"	"FOXK1"	0.764
"SRF"	"AKT1"	0.268
"SRF"	"HDAC3"	0.221
"SRF"	"NFATC4"	0.692
"SRF"	"ACTA1"	0.239
"SRF"	"SP1"	0.814
"SRF"	"LPXN"	0.134
"SRF"	"GTF2F1"	0.324
"ANXA11"	"RPS21"	0.241
"ANXA11"	"NDUFV1"	1e-08
"ANXA11"	"SLC9A3R2"	0.219
"ANXA11"	"S100A6"	0.606
"ANXA11"	"PCBP1"	0.398
"ANXA11"	"HLA-DRB1"	0.228
"B3GAT3"	"SP1"	0.143
"B3GAT3"	"EXT2"	0.679
"EXOSC7"	"RPL7"	0.549
"EXOSC7"	"RPL27A"	0.543
"EXOSC7"	"RPL11"	0.503
"EXOSC7"	"RPLP2"	0.243
"EXOSC7"	"RPL15"	0.502
"EXOSC7"	"RPL13A"	0.478
"EXOSC7"	"EXOSC3"	0.828
"EXOSC7"	"RPL10"	0.475
"EXOSC7"	"RPL37"	0.431
"EXOSC7"	"RPL37A"	0.543
"EXOSC7"	"RPL41"	0.471
"EXOSC7"	"ZFP36L1"	0.555
"EXOSC7"	"RPLP0"	0.535
"EXOSC7"	"RPL30"	0.543
"EXOSC7"	"RPL14"	0.502
"EXOSC7"	"RPL32"	0.431
"EXOSC7"	"KHSRP"	0.73
"EXOSC7"	"KPNA6"	0.215
"EXOSC7"	"RPS9"	0.489
"EXOSC7"	"RPS2"	0.479
"EXOSC7"	"RPL18"	0.431
"EXOSC7"	"RPL4"	0.543
"EXOSC7"	"RPL36AL"	0.657
"DAXX"	"PRAM1"	0.373
"DAXX"	"HDAC3"	0.48
"DAXX"	"NPM1"	0.59
"TMEM115"	"DYNC1H1"	0.273
"TMEM115"	"SERPINB5"	0.403
"TMEM115"	"BET1L"	0.16
"DHH"	"PSMB4"	0.292
"DHH"	"PSMA7"	0.293
"DHH"	"OS9"	0.657
"DHH"	"NR5A1"	0.214
"DHH"	"PSME4"	0.236
"BIN2"	"CD53"	0.657
"BIN2"	"LPXN"	0.347
"BIN2"	"AP2A1"	0.321
"BIN2"	"SH3GL1"	0.38
"UQCRC2"	"SDHC"	0.121
"UQCRC2"	"NDUFB10"	0.423
"UQCRC2"	"NDUFV1"	0.19
"UQCRC2"	"RAB5B"	0.388
"UQCRC2"	"COX5A"	0.381
"UQCRC2"	"RAB5C"	0.436
"UQCRC2"	"TPM2"	0.19
"UQCRC2"	"MDH2"	0.131
"UQCRC2"	"RPL7"	0.23
"UQCRC2"	"UQCRQ"	0.17
"UQCRC2"	"DDOST"	0.368
"UQCRC2"	"RPN1"	0.352
"NDUFB10"	"NDUFV1"	0.999
"NDUFB10"	"UQCRQ"	0.437
"NDUFB10"	"COX5A"	0.565
"NDUFB10"	"NDUFB11"	0.657
"NDUFB10"	"ACAD9"	0.435
"NDUFB10"	"SDHC"	0.269
"NDUFB10"	"TPM2"	0.19
"NDUFB10"	"NDUFA3"	0.999
"EPN3"	"FAU"	0.098
"EPN3"	"AP2A1"	0.657
"ARRB2"	"RAB5C"	0.279
"ARRB2"	"HRAS"	0.255
"ARRB2"	"AP2A1"	0.519
"ARRB2"	"SYT8"	0.128
"ARRB2"	"OR5A2"	0.036
"ARRB2"	"OR6N1"	1e-08
"ARRB2"	"ARPC5"	0.403
"ARRB2"	"AKT1"	0.285
"ARRB2"	"CXCR4"	0.304
"ARRB2"	"IGFALS"	0.166
"ARRB2"	"RAB5B"	0.268
"ARRB2"	"HCK"	0.448
"ARRB2"	"TGOLN2"	0.657
"ARRB2"	"SH3GL1"	0.326
"ARRB2"	"OR2Z1"	1e-08
"ARRB2"	"ARPC4"	0.524
"ARRB2"	"IGF2R"	0.216
"ARRB2"	"DNM2"	0.406
"PNMT"	"HELT"	1e-08
"PNMT"	"TH"	0.123
"PNMT"	"COMT"	0.634
"PNMT"	"DBH"	0.21
"PNMT"	"TCAP"	1e-08
"PNMT"	"SP1"	1e-08
"SH3GL1"	"ARPC4"	0.32
"SH3GL1"	"IGF2R"	0.309
"SH3GL1"	"RAB5C"	0.313
"SH3GL1"	"TNIP1"	0.606
"SH3GL1"	"SYT8"	0.131
"SH3GL1"	"MICAL1"	0.255
"SH3GL1"	"ARPC5"	0.338
"SH3GL1"	"AKT1"	0.314
"SH3GL1"	"MTA2"	0.193
"SH3GL1"	"NDP"	0.483
"SH3GL1"	"DNM2"	0.292
"SH3GL1"	"HINT1"	0.116
"SH3GL1"	"AP2A1"	0.338
"SH3GL1"	"PCNT"	0.657
"SH3GL1"	"LPXN"	0.365
"SH3GL1"	"TNFRSF10C"	1e-08
"SH3GL1"	"ARR3"	0.657
"SH3GL1"	"NES"	0.044
"SH3GL1"	"RAB5B"	0.29
"SH3GL1"	"CYGB"	0.261
"SH3GL1"	"ECE1"	0.379
"SH3GL1"	"TGOLN2"	0.657
"SH3GL1"	"CTNNBL1"	0.432
"SH3GL1"	"MCL1"	0.456
"DNMT3L"	"HIST1H2AC"	0.106
"DNMT3L"	"IGF2R"	0.186
"AKT1"	"ARF1"	0.434
"AKT1"	"TPM2"	0.312
"AKT1"	"MGAM"	0.16
"AKT1"	"IRF3"	0.33
"AKT1"	"SOS1"	0.339
"AKT1"	"GNB1"	0.307
"AKT1"	"SQSTM1"	0.562
"AKT1"	"STAT5A"	0.37
"AKT1"	"STK11"	0.593
"AKT1"	"MSN"	0.301
"AKT1"	"EIF4A2"	0.303
"AKT1"	"ACTA1"	0.341
"AKT1"	"SOCS1"	0.308
"AKT1"	"HRAS"	0.388
"AKT1"	"TAL1"	0.284
"AKT1"	"NFKB2"	0.17
"AKT1"	"IL13"	0.657
"AKT1"	"GATA2"	0.193
"AKT1"	"TUBB"	0.317
"AKT1"	"IL32"	0.657
"AKT1"	"FOXM1"	0.25
"AKT1"	"SYTL1"	0.179
"AKT1"	"GNAI2"	0.357
"AKT1"	"CDC25A"	0.307
"AKT1"	"WDTC1"	0.657
"AKT1"	"CREB3L1"	0.184
"AKT1"	"EEF2"	0.285
"AKT1"	"CRK"	0.209
"AKT1"	"NQO2"	0.433
"AKT1"	"BAD"	0.46
"AKT1"	"FSHR"	0.158
"AKT1"	"GNB2"	0.307
"AKT1"	"EIF4EBP1"	0.167
"AKT1"	"STAT4"	0.283
"AKT1"	"CDKN1C"	0.226
"AKT1"	"PIK3R5"	0.263
"AKT1"	"ANXA5"	0.431
"AKT1"	"CRTC2"	0.178
"AKT1"	"SDHC"	0.141
"AKT1"	"RHOG"	0.434
"AKT1"	"CXCR4"	0.179
"AKT1"	"SPHK1"	0.458
"AKT1"	"TH"	0.312
"AKT1"	"FHIT"	0.457
"AKT1"	"NES"	0.044
"AKT1"	"TNK2"	0.588
"AKT1"	"ZFP36L1"	0.298
"AKT1"	"GYS1"	0.367
"AKT1"	"MCL1"	0.321
"AKT1"	"IL6R"	0.305
"AKT1"	"NFKBIB"	0.169
"AKT1"	"NPM1"	0.345
"AKT1"	"CTF1"	0.227
"AKT1"	"TNF"	0.399
"AKT1"	"VAV1"	0.417
"AKT1"	"BBC3"	0.228
"AKT1"	"HDAC3"	0.297
"AKT1"	"SLC3A2"	0.208
"AKT1"	"KHSRP"	0.231
"AKT1"	"MEF2D"	0.217
"AKT1"	"PLAUR"	0.247
"AKT1"	"PCBP1"	0.242
"AKT1"	"DNM2"	0.428
"AKT1"	"SP1"	0.313
"GEMIN7"	"KHSRP"	0.657
"GEMIN7"	"GEMIN4"	0.657
"GEMIN7"	"PRMT5"	0.657
"GEMIN7"	"LSM2"	0.657
"GEMIN7"	"TPST2"	0.255
"CD53"	"VAV1"	0.657
"CD53"	"ALOX5AP"	0.657
"MEF2D"	"CAMK2A"	0.188
"MEF2D"	"HDAC3"	0.337
"MEF2D"	"NFATC4"	0.682
"MEF2D"	"SP1"	0.798
"ARF1"	"HLA-DRA"	0.205
"ARF1"	"DNM2"	0.677
"ARF1"	"KIF1A"	0.395
"ARF1"	"TUBB"	0.38
"ARF1"	"RAB5B"	0.591
"ARF1"	"TGOLN2"	0.657
"ARF1"	"SURF4"	0.657
"ARF1"	"ACTA1"	0.415
"ARF1"	"IGF2R"	0.323
"ARF1"	"HLA-DRB1"	0.035
"ARF1"	"RAB5C"	0.64
"ARF1"	"KLC2"	0.26
"ARF1"	"HLA-DQA2"	1e-08
"ARF1"	"RAB11B"	0.614
"ARF1"	"DYNC1H1"	0.478
"ARF1"	"KIF25"	0.358
"ARF1"	"WDTC1"	0.657
"ARF1"	"BET1L"	0.16
"DYNC1LI1"	"RANGAP1"	0.455
"DYNC1LI1"	"TUBB"	0.387
"DYNC1LI1"	"PCNT"	0.657
"DYNC1LI1"	"DYNC1H1"	0.419
"DYNC1LI1"	"DNAH11"	0.098
"RPL37"	"RPL36AL"	0.098
"RPL37"	"RPL7"	0.688
"RPL37"	"RPS21"	0.791
"RPL37"	"RPL27A"	0.802
"RPL37"	"RPL11"	0.653
"RPL37"	"MRPL16"	0.801
"RPL37"	"RPLP2"	0.547
"RPL37"	"RPS9"	0.659
"RPL37"	"RPS2"	0.547
"RPL37"	"LSM2"	0.429
"RPL37"	"RPL4"	0.802
"RPL37"	"DDOST"	0.039
"RPL37"	"RPL18"	0.978
"RPL37"	"RPL10"	0.668
"RPL37"	"RPL15"	0.676
"RPL37"	"RPL13A"	0.934
"RPL37"	"GSPT2"	0.42
"RPL37"	"RPN1"	0.403
"RPL37"	"EEF2"	0.38
"RPL37"	"EXOSC3"	0.403
"RPL37"	"RPL37A"	0.802
"RPL37"	"MRPS12"	0.802
"RPL37"	"RPL41"	0.849
"RPL37"	"RPLP0"	0.748
"RPL37"	"RPL30"	0.802
"RPL37"	"RPL14"	0.676
"RPL37"	"RPL32"	0.978
"RPL37"	"EEF1G"	0.061
"RPL37"	"RPS23"	0.802
"RPL37"	"EIF4A2"	0.336
"RPL37"	"FAU"	0.959
"KCNMB1"	"CYP4A11"	1e-08
"SLC22A3"	"IGF2R"	0.176
"NDUFB11"	"NDUFV1"	1e-08
"NDUFB11"	"NDUFA3"	1e-08
"NDUFB11"	"COX5A"	0.657
"NDUFB11"	"SURF4"	0.657
"NDUFB11"	"ACAD9"	0.657
"NDUFB11"	"SDHC"	0.057
"NONO"	"CRTC2"	0.21
"NONO"	"COX5A"	0.178
"NONO"	"RRM2"	0.196
"NONO"	"TPM2"	0.288
"PPRC1"	"HCFC1"	0.293
"SCGB1A1"	"SLC3A2"	0.657
"SCGB1A1"	"IL13"	0.657
"SCGB1A1"	"FAU"	0.098
"TNNT3"	"MYL6"	0.311
"TNNT3"	"TCAP"	0.328
"TNNT3"	"MYL3"	0.34
"TNNT3"	"TNNI1"	0.657
"TNNT3"	"TNNT2"	0.897
"TNNT3"	"ACTA1"	0.425
"TNNT3"	"TPM2"	0.417
"MTA2"	"TCF20"	0.643
"MTA2"	"TAF1C"	0.286
"MTA2"	"FADS2"	0.141
"MTA2"	"PRMT5"	0.435
"MTA2"	"MTA1"	0.9
"MTA2"	"NES"	0.512
"MTA2"	"HIST1H2AA"	0.77
"MTA2"	"SIN3B"	0.525
"MTA2"	"SAP30"	0.525
"MTA2"	"HDAC3"	0.727
"MTA2"	"CES2"	0.38
"MTA2"	"ZFPM1"	0.626
"MTA2"	"HINT1"	0.192
"MTA2"	"HIST1H2AC"	0.77
"MTA2"	"PCNT"	0.657
"MTA2"	"SUDS3"	0.459
"FADS2"	"PLA2G2F"	0.141
"PLCB3"	"GNB1"	0.354
"PLCB3"	"PLCD1"	0.545
"PLCB3"	"GNB2"	0.354
"PLCB3"	"PIK3R5"	0.086
"PLCB3"	"PROK2"	0.23
"PLCB3"	"GNAI2"	0.319
"PLCB3"	"P2RY11"	1e-08
"PLCB3"	"SLC9A3R2"	0.402
"PLCB3"	"CAMK2A"	0.382
"PLCB3"	"PIP5K1C"	0.278
"PLCB3"	"UTS2R"	1e-08
"PLCB3"	"CALML5"	0.033
"PLCB3"	"FAU"	0.098
"PLCB3"	"SMYD3"	0.326
"CTF1"	"SOCS1"	0.495
"CTF1"	"CSF3R"	0.23
"CTF1"	"IL7R"	0.264
"CTF1"	"IL6R"	0.331
"CTF1"	"TLX1"	0.381
"CTF1"	"SOS1"	0.592
"CENPH"	"RANGAP1"	0.262
"CENPH"	"INCENP"	0.657
"CENPH"	"HIST1H2AC"	0.106
"CENPH"	"NUDC"	0.352
"CENPH"	"NPM1"	0.25
"CENPH"	"PLK1"	0.256
"TMSB4Y"	"TMSB4X"	0.624
"BATF"	"CEBPA"	0.658
"RPL30"	"HINT1"	0.076
"RPL30"	"RPL7"	0.769
"RPL30"	"RPS21"	0.713
"RPL30"	"RPL27A"	0.871
"RPL30"	"RPL11"	0.744
"RPL30"	"UQCRQ"	1e-08
"RPL30"	"MRPL16"	0.651
"RPL30"	"RPLP2"	0.681
"RPL30"	"RPS9"	0.729
"RPL30"	"RPS2"	0.669
"RPL30"	"RPL4"	0.871
"RPL30"	"DDOST"	0.235
"RPL30"	"RPL36AL"	0.657
"RPL30"	"RPL18"	0.802
"RPL30"	"RPL15"	0.777
"RPL30"	"RPN1"	0.539
"RPL30"	"RPL13A"	0.795
"RPL30"	"RPL32"	0.802
"RPL30"	"GSPT2"	0.533
"RPL30"	"EEF2"	0.53
"RPL30"	"EXOSC3"	0.539
"RPL30"	"RPL10"	0.746
"RPL30"	"RPL37A"	0.871
"RPL30"	"MRPS12"	0.871
"RPL30"	"RPL41"	0.741
"RPL30"	"RPLP0"	0.815
"RPL30"	"RPL14"	0.777
"RPL30"	"EEF1G"	0.325
"RPL30"	"RPS23"	0.871
"RPL30"	"EIF4A2"	0.462
"RPL30"	"FAU"	0.959
"NTAN1"	"NUMA1"	1e-08
"MRPL17"	"MRPL16"	0.516
"MRPL17"	"RPS9"	0.369
"MRPL17"	"RPS2"	0.336
"MRPL17"	"RPL4"	0.509
"MRPL17"	"RPL13A"	0.429
"MRPL17"	"MRPL52"	0.996
"MRPL17"	"EEF2"	0.126
"MRPL17"	"RPL10"	0.424
"MRPL17"	"MRPS12"	0.509
"MRPL17"	"RPLP0"	0.429
"MRPL17"	"MRPS24"	0.525
"MRPL17"	"RPS23"	0.509
"MRPL17"	"PSTPIP1"	0.162
"MRPL17"	"MRPL21"	0.525
"MRPL17"	"RPL11"	0.388
"MRPL17"	"RPL7"	0.35
"MRPL17"	"RPL27A"	0.509
"RHPN1"	"RGS14"	0.657
"RHPN1"	"ZFYVE1"	0.657
"F11R"	"KCNE1"	0.186
"F11R"	"S100A8"	0.238
"ARHGAP17"	"RHOBTB1"	0.227
"ARHGAP17"	"RHOG"	0.347
"ARHGAP17"	"TNK2"	0.367
"ARHGAP17"	"RHOT2"	0.259
"PSMB4"	"ANAPC2"	0.657
"PSMB4"	"PSME4"	0.251
"PSMB4"	"OAZ2"	0.328
"PSMB4"	"TNF"	0.259
"PSMB4"	"NFKBIB"	0.328
"PSMB4"	"FAU"	0.098
"PSMB4"	"NFKB2"	0.173
"PSMB4"	"PSMA7"	0.718
"PSMB4"	"CDC25A"	0.446
"PSMB4"	"RPN1"	0.361
"PSMB4"	"PLK1"	0.291
"FTCD"	"GLUD2"	0.085
"FCN2"	"FCN1"	0.418
"LILRA4"	"HLA-G"	0.479
"HIPK4"	"PLK1"	0.657
"SHKBP1"	"GNB2"	0.657
"MYL3"	"TCAP"	0.395
"MYL3"	"TNNT2"	0.364
"MYL3"	"ACTA1"	0.448
"MYL3"	"TPM2"	0.57
"MYL3"	"MIB2"	0.089
"MYL3"	"CAMK2A"	0.075
"MYL3"	"TNNI1"	0.157
"AZGP1"	"SARDH"	0.138
"HK3"	"MRPL52"	1e-08
"HK3"	"MGAM"	0.228
"HK3"	"MDH2"	0.117
"HK3"	"FCN1"	0.099
"HK3"	"WDTC1"	1e-08
"HK3"	"PGK1"	0.219
"HK3"	"UGP2"	0.239
"HK3"	"HCK"	0.323
"HK3"	"IDH2"	0.101
"HK3"	"SLC3A2"	1e-08
"HK3"	"ACTA1"	1e-08
"LY6E"	"LY6H"	1
"HBE1"	"TH"	0.265
"HBE1"	"PAH"	0.429
"HBE1"	"HBD"	0.956
"HBE1"	"DCXR"	0.235
"HBE1"	"ECHS1"	0.208
"CYGB"	"ECHS1"	0.295
"CYGB"	"TH"	0.442
"CYGB"	"PAH"	0.528
"CABP2"	"CACNA1A"	1e-08
"CABP2"	"ACTA1"	1e-08
"CABP2"	"OBSCN"	0.505
"CABP2"	"TUBB"	1e-08
"CABP2"	"POR"	1e-08
"CABP2"	"CAMK2A"	0.488
"CABP2"	"TNNI1"	1e-08
"CABP2"	"EEF1G"	1e-08
"CABP2"	"FAU"	1e-08
"TAL1"	"GATA2"	0.758
"TAL1"	"TLX1"	0.426
"TAL1"	"ZFPM1"	0.724
"PROK2"	"GNB1"	0.23
"PROK2"	"FGF8"	0.134
"PROK2"	"S100A12"	0.448
"PROK2"	"UTS2R"	1e-08
"PROK2"	"GNB2"	0.23
"PROK2"	"P2RY11"	1e-08
"CHCHD4"	"TIMM8A"	0.657
"CHCHD4"	"RAB5B"	0.317
"CHCHD4"	"RHOT2"	0.353
"CHCHD4"	"CHCHD2"	0.332
"PF4"	"GNB1"	0.252
"PF4"	"NPW"	0.657
"PF4"	"VEGFB"	0.579
"PF4"	"GNB2"	0.252
"PF4"	"GP9"	0.657
"PF4"	"TNF"	0.462
"PF4"	"TMSB4X"	0.283
"PF4"	"FLII"	0.319
"PF4"	"ADCY1"	1e-08
"PF4"	"WDTC1"	0.657
"PF4"	"GNAI2"	0.542
"PF4"	"CXCR4"	0.174
"PF4"	"CORT"	0.544
"PF4"	"GRM4"	1e-08
"DTX3L"	"ANAPC2"	0.657
"DTX3L"	"SOCS1"	0.553
"DTX3L"	"H2AFY"	0.373
"DTX3L"	"RNF130"	0.286
"DTX3L"	"MIB2"	0.418
"DTX3L"	"IRF7"	0.183
"DTX3L"	"ASB2"	0.397
"DTX3L"	"HECTD3"	0.418
"DTX3L"	"UBE2V1"	0.374
"RPN1"	"RPS9"	0.48
"RPN1"	"RPL15"	0.493
"RPN1"	"RPL41"	0.457
"RPN1"	"RPS2"	0.47
"RPN1"	"RPL36AL"	0.657
"RPN1"	"DDOST"	0.733
"RPN1"	"OS9"	0.657
"RPN1"	"RPL4"	0.539
"RPN1"	"RPL18"	0.403
"RPN1"	"PPIB"	0.374
"RPN1"	"RPL13A"	0.463
"RPN1"	"RPL10"	0.462
"RPN1"	"RPL37A"	0.539
"RPN1"	"RAB5B"	0.358
"RPN1"	"RPLP0"	0.53
"RPN1"	"RPL14"	0.493
"RPN1"	"RPL32"	0.403
"RPN1"	"RPS23"	0.539
"RPN1"	"RAB5C"	0.392
"RPN1"	"PSMA7"	0.35
"RPN1"	"RPL7"	0.547
"RPN1"	"RPL27A"	0.539
"RPN1"	"RPS21"	0.381
"RPN1"	"RPL11"	0.495
"RPN1"	"RPLP2"	0.282
"SAP30"	"HINT1"	0.266
"SAP30"	"SUDS3"	0.547
"SAP30"	"FOXK1"	0.174
"SAP30"	"HIST1H2AC"	0.106
"SAP30"	"HIST1H2AA"	0.106
"SAP30"	"SIN3B"	0.884
"SAP30"	"HDAC3"	0.573
"ANXA5"	"STAT5A"	0.167
"ANXA5"	"EIF4EBP1"	0.16
"ANXA5"	"SDHC"	0.067
"ANXA5"	"CXCR4"	0.165
"ANXA5"	"MCL1"	0.229
"ANXA5"	"SPN"	0.075
"ANXA5"	"NPM1"	0.246
"ANXA5"	"HRAS"	0.407
"ANXA5"	"IL13"	0.657
"ANXA5"	"TUBB"	0.334
"ANXA5"	"IL7R"	0.142
"ANXA5"	"WDTC1"	0.657
"ANXA5"	"LAMP1"	0.254
"ANXA5"	"BBC3"	0.225
"ANXA5"	"TNF"	0.272
"ANXA5"	"HDAC3"	0.256
"RPS23"	"RPL7"	0.769
"RPS23"	"RPS21"	0.713
"RPS23"	"RPL27A"	0.871
"RPS23"	"RPS9"	0.729
"RPS23"	"RPL11"	0.744
"RPS23"	"MRPL16"	0.651
"RPS23"	"RPLP2"	0.681
"RPS23"	"RPL4"	0.871
"RPS23"	"RPS2"	0.669
"RPS23"	"DDOST"	0.235
"RPS23"	"RPL36AL"	0.657
"RPS23"	"RPL18"	0.802
"RPS23"	"RPL15"	0.777
"RPS23"	"RPL13A"	0.795
"RPS23"	"GSPT2"	0.533
"RPS23"	"EEF2"	0.53
"RPS23"	"RPL10"	0.746
"RPS23"	"RPL37A"	0.871
"RPS23"	"RPL41"	0.741
"RPS23"	"RPLP0"	0.815
"RPS23"	"MRPS24"	0.802
"RPS23"	"CSNK1E"	0.462
"RPS23"	"RPL14"	0.777
"RPS23"	"EEF1G"	0.325
"RPS23"	"RPL32"	0.802
"RPS23"	"EIF4A2"	0.462
"RPS23"	"EIF5A"	0.56
"RPS23"	"FAU"	0.959
"RPS23"	"MYBBP1A"	0.436
"NPM1"	"PRAM1"	0.275
"NPM1"	"NPM3"	0.445
"NPM1"	"IDH2"	0.211
"NPM1"	"RPL37A"	0.283
"NPM1"	"RPL14"	0.28
"NPM1"	"TNF"	0.395
"NPM1"	"SURF4"	0.657
"NPM1"	"PADI4"	0.257
"NPM1"	"SP1"	0.492
"NPM1"	"MYBBP1A"	0.266
"NPM1"	"HRAS"	0.226
"NPM1"	"RPL11"	0.323
"NPM1"	"STAT5A"	0.166
"NPM1"	"RPL4"	0.283
"NPM1"	"CD7"	1e-08
"NPM1"	"HIST1H2AC"	0.681
"NPM1"	"FOXM1"	0.316
"NPM1"	"CEBPA"	0.55
"NPM1"	"AQP7"	1e-08
"NPM1"	"RPL13A"	0.186
"NPM1"	"PLK1"	0.348
"NPM1"	"NUMA1"	0.252
"HIST1H2AA"	"FOXK1"	0.77
"HIST1H2AA"	"HDAC3"	0.106
"HIST1H2AA"	"HCFC1"	0.106
"HIST1H2AA"	"SUDS3"	0.106
"HIST1H2AA"	"HIST1H2AC"	0.944
"HIST1H2AA"	"PRMT5"	0.536
"HIST1H2AA"	"MTA1"	0.702
"ADCY1"	"GNB2"	0.092
"ADCY1"	"CXCR4"	1e-08
"ADCY1"	"GPR20"	1e-08
"ADCY1"	"GNB1"	0.092
"ADCY1"	"HRAS"	0.079
"ADCY1"	"NPW"	1e-08
"ADCY1"	"GNAI2"	0.079
"ADCY1"	"CORT"	1e-08
"ADCY1"	"P2RY11"	1e-08
"ADCY1"	"GRM4"	1e-08
"ADCY1"	"HTR4"	1e-08
"ADCY1"	"FSHR"	1e-08
"ADCY1"	"ADM2"	1e-08
"RAPSN"	"ACHE"	0.143
"RAPSN"	"CHRNG"	0.143
"RAPSN"	"ACTA1"	0.143
"SCN3B"	"WNT11"	0.239
"PPIB"	"RANGAP1"	0.359
"PPIB"	"HINT1"	0.179
"PPIB"	"PCBP2"	0.442
"PPIB"	"STAT5A"	0.198
"PPIB"	"CRTAP"	0.983
"PPIB"	"OS9"	0.657
"PPIB"	"ECHS1"	0.228
"PPIB"	"ISYNA1"	0.325
"PPIB"	"COL9A3"	1e-08
"PPIB"	"ADAMTS13"	0.349
"PPIB"	"IRF3"	0.271
"PLK1"	"BRSK1"	0.683
"PLK1"	"FOXM1"	0.316
"PLK1"	"CDC25A"	0.372
"PLK1"	"CSNK1E"	0.57
"PLK1"	"NUDC"	0.205
"PLK1"	"MUS81"	0.259
"PLK1"	"TBC1D2B"	0.244
"PLK1"	"DYRK2"	0.689
"PLK1"	"PCNT"	0.657
"PLK1"	"RRM2"	0.252
"PLK1"	"SCNN1D"	0.657
"PLK1"	"KIFC1"	0.457
"PLK1"	"EIF4EBP1"	0.184
"PLK1"	"DUSP23"	0.283
"PLK1"	"HIST1H2AC"	0.506
"PLK1"	"ANAPC2"	0.657
"PLK1"	"PSME4"	0.234
"PLK1"	"DYRK1B"	0.464
"PLK1"	"MYT1"	0.136
"PLK1"	"ACTA1"	0.411
"PLK1"	"CALML5"	0.144
"PLK1"	"CNTROB"	0.209
"PLK1"	"INCENP"	0.657
"PLK1"	"CKS1B"	0.292
"PLK1"	"HRAS"	0.4
"PLK1"	"RANGAP1"	0.274
"PLK1"	"PSMA7"	0.395
"PLK1"	"TUBB"	0.321
"PLK1"	"MIB2"	0.375
"PLK1"	"TACC3"	0.657
"PLK1"	"KIF25"	0.309
"PLK1"	"DYNC1H1"	0.279
"MRPL16"	"MRPL52"	0.996
"MRPL16"	"MRPS24"	0.801
"MRPL16"	"RPL14"	0.548
"MRPL16"	"RPL32"	0.801
"MRPL16"	"PSTPIP1"	0.036
"MRPL16"	"MRPL21"	0.801
"MRPL16"	"EIF5A"	0.3
"MRPL16"	"RPL7"	0.529
"MRPL16"	"RPS9"	0.664
"MRPL16"	"RPS2"	0.431
"MRPL16"	"RPL4"	0.651
"MRPL16"	"RPL36AL"	0.052
"MRPL16"	"RPL18"	0.801
"MRPL16"	"EEF2"	0.249
"MRPL16"	"RPLP0"	0.721
"MRPL16"	"EEF1G"	0.034
"MRPL16"	"FAU"	0.605
"MRPL16"	"RPL27A"	0.651
"MRPL16"	"RPS21"	0.647
"MRPL16"	"RPL11"	0.637
"MRPL16"	"RPLP2"	0.524
"MRPL16"	"RPL15"	0.548
"MRPL16"	"RPL13A"	0.745
"MRPL16"	"MRPS12"	0.651
"MRPL16"	"MARCKSL1"	0.052
"MRPL16"	"RPL37A"	0.651
"CRK"	"SOCS1"	0.314
"CRK"	"KCTD17"	0.261
"CRK"	"LPXN"	0.243
"CRK"	"STAT5A"	0.206
"CRK"	"PIK3R5"	0.025
"CRK"	"HCK"	0.449
"CRK"	"EPHB3"	1e-08
"CRK"	"VAV1"	0.441
"CRK"	"DNM2"	0.419
"CRK"	"SOS1"	0.319
"TBC1D2B"	"DUSP23"	0.19
"PCSK4"	"DDOST"	0.657
"PCSK4"	"CNDP2"	1e-08
"PCSK4"	"MGAM"	1e-08
"WNT10B"	"TCF7"	0.103
"WNT10B"	"PORCN"	1e-08
"WNT10B"	"WNT11"	0.585
"WNT10B"	"FGF8"	0.226
"WNT10B"	"CEBPA"	0.095
"KRT16"	"MIB2"	0.328
"VPS37C"	"VPS28"	0.349
"LTBP3"	"MSX1"	0.095
"KCNK9"	"KCNK3"	0.808
"GBX2"	"FGF8"	1e-08
"GBX2"	"PAX8"	0.418
"GBX2"	"LHX2"	0.945
"LRG1"	"GNB1"	0.657
"LRG1"	"HRAS"	0.657
"LRG1"	"LRRC20"	0.657
"LRG1"	"DIRAS3"	0.657
"LRG1"	"DIRAS2"	0.066
"LRG1"	"EEF1G"	0.657
"LRG1"	"GNB2"	0.657
"LRG1"	"GNAI2"	0.657
"RPS9"	"RPL7"	0.684
"RPS9"	"RPS21"	0.611
"RPS9"	"RPL27A"	0.729
"RPS9"	"RPL11"	0.721
"RPS9"	"RPLP2"	0.494
"RPS9"	"RPS2"	0.608
"RPS9"	"LENG8"	0.657
"RPS9"	"DDOST"	0.183
"RPS9"	"RPL4"	0.729
"RPS9"	"RPL36AL"	0.657
"RPS9"	"RPL18"	0.659
"RPS9"	"RPL15"	0.672
"RPS9"	"RPL13A"	0.672
"RPS9"	"GSPT2"	0.482
"RPS9"	"EEF2"	0.484
"RPS9"	"RPL10"	0.87
"RPS9"	"EXOSC3"	0.48
"RPS9"	"MRPS12"	0.729
"RPS9"	"RPL37A"	0.729
"RPS9"	"RPL41"	0.644
"RPS9"	"RPLP0"	0.767
"RPS9"	"RPL14"	0.672
"RPS9"	"CSNK1E"	0.426
"RPS9"	"EEF1G"	0.24
"RPS9"	"RPL32"	0.659
"RPS9"	"EIF4A2"	0.426
"RPS9"	"FAU"	0.959
"RPS9"	"EIF5A"	0.509
"HDAC3"	"TPM2"	0.146
"HDAC3"	"GATA2"	0.385
"HDAC3"	"TCF7"	0.171
"HDAC3"	"PRAM1"	0.338
"HDAC3"	"SIN3B"	0.573
"HDAC3"	"H2AFY"	0.387
"HDAC3"	"BAZ1B"	0.241
"HDAC3"	"FAU"	0.098
"HDAC3"	"SP1"	0.34
"HDAC3"	"POLR2L"	0.227
"HDAC3"	"IRF3"	0.254
"HDAC3"	"HIST1H2AC"	0.106
"HDAC3"	"CEBPA"	0.403
"HDAC3"	"ZNF148"	0.16
"HDAC3"	"PRMT5"	0.296
"HDAC3"	"KLF6"	0.176
"HDAC3"	"MTA1"	0.636
"HDAC3"	"ISYNA1"	0.245
"HDAC3"	"ACTA1"	0.186
"HDAC3"	"HINT1"	0.303
"HDAC3"	"SUDS3"	0.632
"ACHE"	"MGAM"	0.218
"ACHE"	"CALB2"	0.416
"ACHE"	"HTR3A"	0.231
"ACHE"	"CNGA2"	0.047
"ACHE"	"TH"	0.229
"DCXR"	"SPHK1"	0.134
"DCXR"	"NES"	0.035
"CDC25A"	"PRMT5"	0.23
"CDC25A"	"CAMKK2"	0.179
"CDC25A"	"PSME4"	0.215
"CDC25A"	"CKS1B"	0.386
"CDC25A"	"RRM2"	0.322
"CDC25A"	"HRAS"	0.335
"CDC25A"	"PSMA7"	0.428
"CDC25A"	"BRSK1"	0.163
"CDC25A"	"FOXM1"	0.356
"OR5A2"	"GNB1"	0.031
"GP9"	"GNB2"	0.657
"GP9"	"PIK3R5"	0.045
"GP9"	"DIRAS2"	0.066
"GP9"	"EEF1G"	0.657
"GP9"	"GNB1"	0.657
"GP9"	"HRAS"	0.657
"GP9"	"WDTC1"	0.657
"GP9"	"DIRAS3"	0.657
"GP9"	"GNAI2"	0.657
"HINT1"	"FAU"	0.04
"HINT1"	"UBE2V1"	0.216
"HINT1"	"TBCA"	0.096
"HINT1"	"SIN3B"	0.266
"HINT1"	"RPLP0"	0.067
"HINT1"	"RPS21"	0.049
"HINT1"	"RPL11"	0.169
"HINT1"	"SUDS3"	0.461
"HINT1"	"UQCRQ"	0.224
"HINT1"	"RPL15"	0.082
"HINT1"	"PFDN2"	0.107
"HINT1"	"FHIT"	0.507
"RAB24"	"RBM10"	0.262
"ZNHIT1"	"ANP32E"	0.113
"ZNHIT1"	"CSNK2B"	0.409
"ZNHIT1"	"ACTA1"	0.233
"ORMDL3"	"IL13"	0.657
"ORMDL3"	"DDOST"	0.657
"IL13"	"SOCS1"	0.657
"IL13"	"GATA2"	0.657
"IL13"	"CSF3R"	0.657
"IL13"	"STAT5A"	0.657
"IL13"	"IL7R"	0.657
"IL13"	"STAT4"	0.657
"IL13"	"CXCR4"	0.657
"IL13"	"SERPINB5"	0.657
"IL13"	"IL6R"	0.657
"IL13"	"TNF"	0.657
"IL13"	"HBD"	0.657
"RFXANK"	"HLA-DRA"	1e-08
"RFXANK"	"POU3F4"	0.556
"TRIM56"	"TRIM22"	0.042
"TRIM56"	"LSM2"	0.429
"GNB2"	"GNB1"	0.905
"GNB2"	"FSHR"	0.236
"GNB2"	"WNT11"	0.211
"GNB2"	"CACNA1A"	0.203
"GNB2"	"HRAS"	0.44
"GNB2"	"ADM2"	0.983
"GNB2"	"OPTC"	1e-08
"GNB2"	"NPW"	0.657
"GNB2"	"DIRAS3"	0.657
"GNB2"	"PIK3R5"	0.256
"GNB2"	"RTN4RL2"	1e-08
"GNB2"	"GNAI2"	0.572
"GNB2"	"CXCR4"	0.219
"GNB2"	"RHOG"	0.598
"GNB2"	"CACNA1H"	0.228
"GNB2"	"CORT"	0.136
"GNB2"	"P2RY11"	1e-08
"GNB2"	"GRM4"	1e-08
"GNB2"	"HTR4"	1e-08
"GNB2"	"IGFALS"	0.166
"GNB2"	"UTS2R"	1e-08
"GNB2"	"DIRAS2"	0.066
"GNB2"	"GPR20"	1e-08
"SOX14"	"GATA2"	0.637
"PCBP1"	"GTF2F1"	0.415
"PCBP1"	"POLR2L"	0.166
"PCBP1"	"XAB2"	0.657
"PCBP1"	"CTNNBL1"	0.298
"PCBP1"	"FTL"	0.22
"PCBP1"	"PCBP2"	0.577
"PCBP1"	"LSM2"	0.59
"PCBP1"	"CPSF1"	0.512
"PCBP1"	"ECHS1"	0.25
"HOXC4"	"POLR2L"	0.13
"HOXC4"	"HIST1H2AC"	0.755
"PAM"	"CYB561"	0.414
"PAM"	"SERPINB5"	0.231
"PAM"	"FAU"	0.098
"IL7R"	"IL6R"	0.411
"IL7R"	"TNF"	0.218
"IL7R"	"SPN"	0.097
"IL7R"	"STAT5A"	0.172
"IL7R"	"STAT4"	0.209
"IL7R"	"SLAMF1"	0.681
"IL7R"	"LAMP1"	0.284
"IL7R"	"CXCR4"	0.466
"IL7R"	"P2RY8"	0.64
"SLAMF1"	"TREX1"	0.209
"SLAMF1"	"SIGLEC1"	0.063
"SLAMF1"	"PSMA7"	0.475
"KCNK3"	"GABRD"	0.467
"GABARAP"	"ACTA1"	0.321
"GABARAP"	"SQSTM1"	0.456
"GABARAP"	"GABRD"	0.263
"GABARAP"	"WDR81"	0.285
"GABARAP"	"FAU"	0.098
"ASL"	"POR"	0.275
"ASL"	"CNDP2"	0.145
"ASL"	"GNL1"	0.036
"CALB2"	"CACNA1A"	0.073
"CALB2"	"FGF8"	0.041
"CALB2"	"ACTA1"	0.466
"CALB2"	"OBSCN"	0.073
"CALB2"	"POR"	0.354
"CALB2"	"TUBB"	0.404
"CALB2"	"CAMK2A"	0.073
"CALB2"	"TNNI1"	0.073
"CALB2"	"TH"	0.073
"CALB2"	"EEF1G"	0.073
"CALB2"	"FAU"	0.053
"CALB2"	"NES"	0.032
"MRC2"	"CD207"	0.246
"MRC2"	"PLAUR"	0.506
"DRAP1"	"FOXH1"	0.65
"MUS81"	"APEX2"	0.515
"MUS81"	"FANCG"	0.228
"EEF2"	"HCFC1"	0.277
"EEF2"	"RPL11"	0.569
"EEF2"	"RPS21"	0.384
"EEF2"	"RPL27A"	0.53
"EEF2"	"FAU"	0.959
"EEF2"	"RPLP2"	0.274
"EEF2"	"EIF4EBP1"	0.258
"EEF2"	"RPL15"	0.668
"EEF2"	"RPL13A"	0.428
"EEF2"	"DPH5"	1e-08
"EEF2"	"NDUFV1"	1e-08
"EEF2"	"RPL37A"	0.53
"EEF2"	"MRPS12"	0.53
"EEF2"	"GSPT2"	0.572
"EEF2"	"XAB2"	0.657
"EEF2"	"RPL14"	0.668
"EEF2"	"RPL32"	0.38
"EEF2"	"EIF4A2"	0.471
"EEF2"	"ISYNA1"	0.274
"EEF2"	"ACTA1"	0.352
"EEF2"	"EIF5A"	0.64
"EEF2"	"MDH2"	0.38
"EEF2"	"STK11"	0.296
"EEF2"	"RPL7"	0.539
"EEF2"	"TUBB"	0.358
"EEF2"	"LSM2"	0.603
"EEF2"	"RPS2"	0.686
"EEF2"	"RPL4"	0.53
"EEF2"	"EEF1G"	0.527
"EEF2"	"RPL36AL"	0.657
"EEF2"	"RPL18"	0.38
"EEF2"	"WDTC1"	0.657
"EEF2"	"PGK1"	0.334
"EEF2"	"RPL10"	0.471
"EEF2"	"RPL41"	0.427
"EEF2"	"RPLP0"	0.524
"EEF2"	"RHOT2"	0.356
"SNCB"	"ALAS2"	0.21
"MRPS12"	"RPL15"	0.777
"MRPS12"	"RPL4"	0.871
"MRPS12"	"RPL36AL"	0.657
"MRPS12"	"RPL18"	0.802
"MRPS12"	"RPL13A"	0.795
"MRPS12"	"RPS21"	0.713
"MRPS12"	"RPL27A"	0.871
"MRPS12"	"RPL11"	0.744
"MRPS12"	"MRPL52"	0.996
"MRPS12"	"GSPT2"	0.533
"MRPS12"	"RPL10"	0.746
"MRPS12"	"RPL37A"	0.871
"MRPS12"	"RPLP0"	0.815
"MRPS12"	"MRPS24"	0.802
"MRPS12"	"RPL14"	0.777
"MRPS12"	"RPL32"	0.802
"MRPS12"	"MRPL21"	0.802
"MRPS12"	"EIF5A"	0.56
"MRPS12"	"FAU"	0.959
"MRPS12"	"RPL7"	0.769
"MRPS12"	"RPLP2"	0.681
"MRPS12"	"RPS2"	0.669
"BAD"	"MCL1"	0.23
"BAD"	"BBC3"	0.373
"BAD"	"BID"	0.257
"RPL15"	"RPL10"	0.68
"RPL15"	"EXOSC3"	0.493
"RPL15"	"RPL37A"	0.777
"RPL15"	"RPL41"	0.655
"RPL15"	"RPLP0"	0.74
"RPL15"	"RPL14"	0.902
"RPL15"	"EEF1G"	0.567
"RPL15"	"RPL32"	0.676
"RPL15"	"EIF4A2"	0.431
"RPL15"	"FAU"	0.959
"RPL15"	"EIF5A"	0.522
"RPL15"	"DDOST"	0.232
"RPL15"	"RPL7"	0.714
"RPL15"	"RPS21"	0.628
"RPL15"	"RPL27A"	0.777
"RPL15"	"RPL11"	0.686
"RPL15"	"RPLP2"	0.603
"RPL15"	"RPS2"	0.769
"RPL15"	"RPL4"	0.777
"RPL15"	"GSPT2"	0.494
"RPL15"	"RPL36AL"	0.657
"RPL15"	"RPL18"	0.676
"RPL15"	"RPL13A"	0.688
"HCFC1"	"FOXK1"	0.336
"HCFC1"	"HIST1H2AC"	0.106
"HCFC1"	"SIN3B"	0.33
"HCFC1"	"SP1"	0.388
"HRAS"	"RTN4RL2"	1e-08
"HRAS"	"RASSF7"	0.657
"HRAS"	"SDHC"	0.178
"HRAS"	"SPHK1"	0.383
"HRAS"	"FHIT"	0.38
"HRAS"	"EPHB3"	0.11
"HRAS"	"S100A6"	0.308
"HRAS"	"MCL1"	0.225
"HRAS"	"ACTA1"	0.443
"HRAS"	"CALML5"	0.18
"HRAS"	"TNF"	0.316
"HRAS"	"VAV1"	0.239
"HRAS"	"S100A8"	0.333
"HRAS"	"SOS1"	0.226
"HRAS"	"GNB1"	0.44
"HRAS"	"STK11"	0.434
"HRAS"	"TP73"	0.252
"HRAS"	"RGS14"	0.2
"HRAS"	"SOCS1"	0.184
"HRAS"	"SLC3A2"	0.288
"HRAS"	"FGF8"	0.169
"HRAS"	"OPTC"	1e-08
"HRAS"	"STAT5A"	0.235
"HRAS"	"EIF4EBP1"	0.222
"HRAS"	"FOXM1"	0.278
"HRAS"	"RASGRP2"	0.207
"HRAS"	"GNAI2"	0.659
"HRAS"	"WDTC1"	0.657
"HRAS"	"SLC9A3R2"	0.396
"HRAS"	"CAMK2A"	0.267
"HRAS"	"IGFALS"	0.166
"HRAS"	"HCK"	0.282
"HRAS"	"SP1"	0.321
"HRAS"	"LCE3C"	0.233
"HRAS"	"CEBPA"	0.24
"HRAS"	"PIK3R5"	0.074
"TBX5"	"WNT11"	0.417
"TBX5"	"FGF8"	0.065
"TBX5"	"TNNT2"	0.183
"IRF3"	"IFITM1"	0.657
"IRF3"	"HLA-DRB1"	0.027
"IRF3"	"HLA-G"	0.383
"IRF3"	"IFI30"	0.183
"IRF3"	"IFIT2"	0.353
"IRF3"	"HLA-DRA"	0.165
"IRF3"	"TREX1"	0.315
"IRF3"	"SOCS1"	0.163
"IRF3"	"ADAR"	0.314
"IRF3"	"TRIM22"	0.482
"IRF3"	"HLA-DQA2"	1e-08
"IRF3"	"GTF2F1"	0.457
"IRF3"	"IRF7"	0.707
"IRF3"	"IRF2"	0.735
"IRF3"	"TNF"	0.521
"IRF3"	"TRIM3"	0.184
"BRSK1"	"CAMKK2"	0.473
"BRSK1"	"STK11"	0.63
"BRSK1"	"EEF1G"	0.08
"BRSK1"	"PRMT5"	0.288
"VANGL1"	"DLG5"	0.657
"VANGL1"	"WNT11"	0.657
"VANGL1"	"ADAR"	0.657
"CKS1B"	"FOXM1"	0.376
"CKS1B"	"DNAJC9"	0.305
"CKS1B"	"RRM2"	0.278
"CYP4A11"	"SCNN1D"	1e-08
"CYP4A11"	"PLA2G2F"	0.134
"CYP4A11"	"LSS"	0.166
"CYP4A11"	"CHDH"	0.311
"CYP4A11"	"POR"	0.407
"VEGFB"	"TMSB4X"	0.266
"RPL4"	"RPS21"	0.713
"RPL4"	"RPL27A"	0.871
"RPL4"	"RPL11"	0.744
"RPL4"	"RPLP2"	0.681
"RPL4"	"RPL13A"	0.795
"RPL4"	"GSPT2"	0.533
"RPL4"	"EXOSC3"	0.539
"RPL4"	"RPL37A"	0.871
"RPL4"	"RPL14"	0.777
"RPL4"	"RPL32"	0.802
"RPL4"	"PSTPIP1"	0.313
"RPL4"	"EIF4A2"	0.462
"RPL4"	"EIF5A"	0.56
"RPL4"	"FTSJ3"	0.462
"RPL4"	"RPL7"	0.769
"RPL4"	"RPS2"	0.669
"RPL4"	"RPL18"	0.802
"RPL4"	"DDOST"	0.235
"RPL4"	"RPL36AL"	0.657
"RPL4"	"PGK1"	0.325
"RPL4"	"RPL10"	0.746
"RPL4"	"RPL41"	0.741
"RPL4"	"RPLP0"	0.815
"RPL4"	"EEF1G"	0.325
"RPL4"	"FAU"	0.959
"RPL4"	"MYBBP1A"	0.436
"GSTM1"	"COMT"	0.289
"ARR3"	"CXCR4"	0.657
"ARR3"	"KCNE1"	0.657
"CD7"	"CEBPA"	1e-08
"CD7"	"SPN"	1e-08
"ACAD9"	"TXNRD2"	0.414
"ACAD9"	"NDUFV1"	0.432
"ACAD9"	"NDUFA3"	0.432
"ACAD9"	"ECHS1"	0.274
"TCAP"	"TNNI1"	0.657
"TCAP"	"OBSCN"	0.521
"TCAP"	"TNNT2"	0.338
"TCAP"	"TPM2"	0.416
"CAMKK2"	"STK11"	0.393
"CAMKK2"	"CALML5"	0.404
"NFKBIB"	"NFKB2"	0.422
"NFKBIB"	"CORT"	0.155
"NFKBIB"	"TNF"	0.259
"NFKBIB"	"PSME4"	0.251
"NFKBIB"	"PSMA7"	0.322
"GNAI2"	"PIK3R5"	0.315
"GNAI2"	"RTN4RL2"	1e-08
"GNAI2"	"RHOG"	0.646
"GNAI2"	"CXCR4"	0.162
"GNAI2"	"FSHR"	0.207
"GNAI2"	"CACNA1A"	0.183
"GNAI2"	"SLC3A2"	0.264
"GNAI2"	"PTPRU"	0.332
"GNAI2"	"GNB1"	0.572
"GNAI2"	"RGS14"	0.203
"GNAI2"	"OPTC"	1e-08
"GNAI2"	"NPW"	0.657
"GNAI2"	"DIRAS3"	0.657
"GNAI2"	"CORT"	0.396
"GNAI2"	"DHX30"	0.417
"GNAI2"	"GRM4"	1e-08
"GNAI2"	"IGFALS"	0.166
"GNAI2"	"HCK"	0.378
"GNAI2"	"DIRAS2"	0.995
"SPHK1"	"ANAPC2"	0.657
"SPHK1"	"TNF"	0.368
"KLHDC3"	"SOS1"	0.288
"KLHDC3"	"RASGRP2"	0.117
"ANAPC2"	"KLC2"	0.657
"ANAPC2"	"SOCS1"	0.657
"ANAPC2"	"PSMA7"	0.657
"ANAPC2"	"MIB2"	0.657
"ANAPC2"	"PCGF6"	0.657
"ANAPC2"	"HIST1H2AC"	0.106
"ANAPC2"	"ASB2"	0.657
"ANAPC2"	"HECTD3"	0.657
"ANAPC2"	"PSME4"	0.657
"ANAPC2"	"RNF130"	1e-08
"ANAPC2"	"UBE2V1"	0.657
"ANAPC2"	"IFIT2"	0.657
"TSC22D3"	"SCNN1D"	1e-08
"KLC2"	"RHOG"	0.287
"KLC2"	"KIF1A"	0.217
"KLC2"	"SURF4"	0.657
"KLC2"	"HLA-DMA"	0.044
"KLC2"	"HLA-DRB1"	0.04
"KLC2"	"NFKB2"	0.196
"KLC2"	"HLA-DQA2"	1e-08
"KLC2"	"OSBPL1A"	0.217
"KLC2"	"DYNC1H1"	0.251
"KLC2"	"KIF25"	0.22
"KLC2"	"HLA-DRA"	0.255
"KLC2"	"FOXH1"	0.193
"KLC2"	"KIFC1"	0.232
"KLC2"	"EXT2"	0.193
"OR2Z1"	"GNB1"	1e-08
"OR2Z1"	"ZNF414"	1e-08
"DLGAP1"	"HOMER3"	0.367
"DLGAP1"	"CAMK2A"	0.211
"TRAPPC5"	"XAB2"	0.657
"TRAPPC5"	"MRPL21"	0.059
"APOL1"	"COMT"	0.199
"APOL1"	"LPA"	0.196
"APOL1"	"SP1"	0.153
"COX5A"	"UQCRQ"	0.831
"COX5A"	"WDTC1"	0.657
"COX5A"	"SDHC"	0.501
"COX5A"	"CHCHD2"	0.277
"COX5A"	"TRIM3"	0.356
"COX5A"	"MDH2"	0.302
"COX5A"	"MGAM"	0.216
"COX5A"	"NDUFV1"	0.519
"CES2"	"CDA"	0.345
"TNIP1"	"LRRC20"	0.657
"TNIP1"	"TNF"	0.464
"GYS1"	"ISYNA1"	0.324
"GYS1"	"SLC1A5"	0.173
"GYS1"	"PGK1"	0.301
"GYS1"	"UGP2"	0.387
"MRPS24"	"MRPL21"	0.978
"MRPS24"	"MRPL52"	0.996
"OS9"	"BET1L"	0.16
"BID"	"TP73"	0.21
"BID"	"MCL1"	0.298
"BID"	"BBC3"	0.41
"PRMT5"	"GEMIN4"	0.657
"PRMT5"	"GTF2F1"	0.275
"PRMT5"	"DYNC1H1"	0.252
"PRMT5"	"LSM2"	0.217
"PRMT5"	"HIST1H2AC"	0.536
"PRMT5"	"PRMT8"	0.697
"NUDC"	"RANGAP1"	0.47
"NUDC"	"INCENP"	0.657
"NUDC"	"DYNC1H1"	0.255
"NUDC"	"MDH2"	0.058
"CHDH"	"PLA2G2F"	0.106
"CHDH"	"TBXAS1"	0.185
"CHDH"	"ECHS1"	0.392
"CHDH"	"HSD17B1"	0.206
"OSBPL1A"	"HLA-DMA"	0.044
"OSBPL1A"	"HLA-DRB1"	0.033
"OSBPL1A"	"DYNC1H1"	0.246
"OSBPL1A"	"HLA-DQA2"	1e-08
"OSBPL1A"	"HLA-DRA"	0.166
"TTLL11"	"CRTC2"	1e-08
"HIST1H2AC"	"FOXK1"	0.77
"HIST1H2AC"	"TAF1C"	0.455
"HIST1H2AC"	"TCF7"	0.822
"HIST1H2AC"	"SUDS3"	0.106
"HIST1H2AC"	"POLR2L"	0.106
"HIST1H2AC"	"MTA1"	0.702
"HIST1H2AC"	"SIN3B"	0.106
"HIST1H2AC"	"PHF1"	0.822
"HIST1H2AC"	"BAZ1B"	0.106
"HIST1H2AC"	"BCL9L"	0.044
"HIST1H2AC"	"MYBBP1A"	0.822
"SLC34A1"	"SLC9A3R2"	0.271
"GEMIN4"	"LSM2"	0.657
"GEMIN4"	"KHSRP"	0.657
"FGF8"	"MSX1"	0.037
"FGF8"	"PAX8"	0.051
"FGF8"	"NPM3"	0.081
"FGF8"	"WNT11"	0.227
"FGF8"	"NES"	0.03
"FGF8"	"TH"	0.321
"FGF8"	"ALX4"	0.017
"FGF8"	"TBX1"	0.047
"FGF8"	"LHX2"	1e-08
"RHOT2"	"RHOG"	0.791
"RHOT2"	"OBSCN"	0.232
"RHOT2"	"RPS2"	0.317
"RHOT2"	"FGD3"	0.158
"RHOT2"	"ARHGEF16"	0.256
"RHOT2"	"VAV1"	0.264
"RHOT2"	"ARHGAP9"	0.37
"RHOT2"	"SOS1"	0.251
"RHOT2"	"RHOBTB1"	0.745
"PORCN"	"WNT11"	1e-08
"RPLP2"	"RPL14"	0.603
"RPLP2"	"EXOSC3"	0.282
"RPLP2"	"DDOST"	0.263
"RPLP2"	"RPL10"	0.567
"RPLP2"	"RPL7"	0.479
"RPLP2"	"RPS21"	0.492
"RPLP2"	"RPL27A"	0.681
"RPLP2"	"RPL11"	0.523
"RPLP2"	"RPS2"	0.464
"RPLP2"	"RPL13A"	0.452
"RPLP2"	"GSPT2"	0.242
"RPLP2"	"RPL37A"	0.681
"RPLP2"	"RPL41"	0.381
"RPLP2"	"RPLP0"	0.574
"RPLP2"	"RPL36AL"	0.657
"RPLP2"	"RPL18"	0.547
"RPLP2"	"EEF1G"	0.382
"RPLP2"	"RPL32"	0.547
"RPLP2"	"EIF4A2"	0.235
"RPLP2"	"EIF5A"	0.24
"RPLP2"	"FAU"	0.098
"NDUFV1"	"MDH2"	0.425
"NDUFV1"	"RNASET2"	0.194
"NDUFV1"	"POR"	0.747
"NDUFV1"	"UQCRQ"	0.437
"NDUFV1"	"SDHC"	0.519
"NDUFV1"	"NDUFA3"	0.999
"NDUFV1"	"SLC9A3R2"	1e-08
"KIF1A"	"PPFIA3"	0.298
"KIF1A"	"KIFC1"	0.803
"KIF1A"	"SURF4"	0.298
"KIF1A"	"OBSCN"	0.216
"KIF1A"	"DYNC1H1"	0.443
"KIF1A"	"KIF25"	0.885
"KIF1A"	"WDTC1"	0.298
"KIF1A"	"GIT1"	0.298
"EXOSC3"	"ZFP36L1"	0.481
"EXOSC3"	"RPLP0"	0.53
"EXOSC3"	"RPL14"	0.493
"EXOSC3"	"RPL32"	0.403
"EXOSC3"	"KHSRP"	0.625
"EXOSC3"	"KPNA6"	0.243
"EXOSC3"	"RPL7"	0.547
"EXOSC3"	"RPL27A"	0.539
"EXOSC3"	"RPL11"	0.495
"EXOSC3"	"RPS2"	0.47
"EXOSC3"	"RPL41"	0.457
"EXOSC3"	"RPL36AL"	0.657
"EXOSC3"	"RPL18"	0.403
"EXOSC3"	"RPL13A"	0.463
"EXOSC3"	"RPL10"	0.462
"EXOSC3"	"RPL37A"	0.539
"UTS2R"	"GNB1"	1e-08
"UTS2R"	"P2RY11"	0.666
"UTS2R"	"EVX1"	1e-08
"UTS2R"	"ZFPM1"	1e-08
"CRTAP"	"COL9A3"	1e-08
"P2RY11"	"GNB1"	1e-08
"P2RY11"	"FSHR"	0.479
"P2RY11"	"ADM2"	1e-08
"P2RY11"	"HTR4"	0.846
"P2RY11"	"WDTC1"	1e-08
"P2RY11"	"ENTPD2"	1e-08
"P2RY11"	"GPR20"	0.835
"ANP32E"	"RPS2"	0.099
"ANP32E"	"H2AFY"	0.159
"POLR2L"	"ENTPD2"	0.236
"POLR2L"	"CTNNBL1"	0.215
"POLR2L"	"UBL5"	0.173
"POLR2L"	"BAZ1B"	0.613
"POLR2L"	"SP1"	0.135
"POLR2L"	"MYBBP1A"	0.037
"POLR2L"	"PCBP2"	0.203
"POLR2L"	"GTF2F1"	0.16
"POLR2L"	"LSM2"	0.168
"POLR2L"	"POLR2J2"	0.721
"POLR2L"	"RPL18"	0.031
"POLR2L"	"TAF1C"	0.179
"POLR2L"	"CPSF1"	0.196
"POLR2L"	"XAB2"	0.657
"IL32"	"TNF"	0.657
"STK11"	"WDR6"	0.314
"STK11"	"WDTC1"	0.657
"STK11"	"EIF4EBP1"	0.197
"STK11"	"CRTC2"	0.221
"WNT11"	"ALX4"	0.248
"WNT11"	"TCF7"	0.434
"WNT11"	"GNB1"	0.211
"CNDP2"	"GCLM"	0.153
"CNDP2"	"GLUD2"	0.153
"ODF3"	"PFDN2"	0.657
"ODF3"	"ODF4"	0.657
"EIF4A2"	"RPS21"	0.327
"EIF4A2"	"RPL27A"	0.462
"EIF4A2"	"RPL11"	0.44
"EIF4A2"	"EIF4EBP1"	0.222
"EIF4A2"	"RPL13A"	0.397
"EIF4A2"	"EIF4G3"	0.505
"EIF4A2"	"RPL37A"	0.462
"EIF4A2"	"RPL14"	0.431
"EIF4A2"	"RPL32"	0.336
"EIF4A2"	"EIF5A"	0.498
"EIF4A2"	"FTSJ3"	0.493
"EIF4A2"	"RPL7"	0.493
"EIF4A2"	"PCBP2"	0.472
"EIF4A2"	"RPS2"	0.427
"EIF4A2"	"RPL18"	0.336
"EIF4A2"	"RPL36AL"	0.657
"EIF4A2"	"RPL10"	0.404
"EIF4A2"	"RPLP0"	0.464
"EIF4A2"	"RPL41"	0.4
"EIF4A2"	"EEF1G"	0.271
"EIF4A2"	"FAU"	0.959
"TACC3"	"INCENP"	0.657
"TACC3"	"FOXM1"	0.657
"ZFPM1"	"STAT5A"	0.537
"ZFPM1"	"MTA1"	0.618
"ZFPM1"	"GATA2"	0.74
"ARFRP1"	"WDTC1"	0.657
"ARFRP1"	"DNAJB2"	0.254
"ARFRP1"	"TGOLN2"	0.657
"MDH2"	"TXNRD2"	0.243
"MDH2"	"PGK1"	0.322
"MDH2"	"EEF1G"	0.061
"MDH2"	"GLUD2"	0.324
"MDH2"	"SDHC"	0.34
"MDH2"	"IDH2"	0.264
"MYT1"	"SIN3B"	0.026
"TSEN54"	"CPSF1"	0.338
"GLUD2"	"IDH2"	0.313
"GLUD2"	"PGK1"	0.531
"GLUD2"	"GCLM"	0.061
"CNGA2"	"CALML5"	0.125
"FOXK1"	"SUDS3"	0.212
"STAC3"	"NUMA1"	0.23
"SP1"	"KLF6"	0.68
"SP1"	"ACTA1"	0.276
"SP1"	"GTF2F1"	0.465
"SP1"	"CEBPA"	0.774
"SP1"	"SDHC"	0.129
"SP1"	"NFKB2"	0.645
"SP1"	"CRABP2"	0.159
"SP1"	"FOXM1"	0.637
"SP1"	"NR5A1"	0.627
"SP1"	"TNF"	0.515
"SP1"	"BBC3"	0.189
"SP1"	"APOL3"	0.038
"IRF7"	"SOCS1"	0.171
"IRF7"	"ADAR"	0.362
"IRF7"	"HLA-DQA2"	1e-08
"IRF7"	"EIF4EBP1"	0.204
"IRF7"	"GTF2F1"	0.303
"IRF7"	"STAT4"	0.587
"IRF7"	"IRF2"	0.841
"IRF7"	"IFITM1"	0.657
"IRF7"	"IFI30"	0.213
"IRF7"	"HLA-DRA"	0.176
"IRF7"	"TRIM22"	0.441
"IRF7"	"TNF"	0.475
"IRF7"	"TRIM3"	0.211
"IRF7"	"HLA-DRB1"	0.03
"IRF7"	"HLA-G"	0.242
"IRF7"	"UBE2V1"	0.213
"IRF7"	"IFIT2"	0.456
"SOCS1"	"RNF130"	1e-08
"SOCS1"	"TNF"	0.435
"SOCS1"	"VAV1"	0.411
"SOCS1"	"PIM2"	0.213
"SOCS1"	"UBE2V1"	0.213
"SOCS1"	"STAT5A"	0.171
"SOCS1"	"STAT4"	0.201
"SOCS1"	"MIB2"	0.213
"SOCS1"	"ASB2"	0.213
"SOCS1"	"CXCR4"	0.196
"SOCS1"	"HECTD3"	0.213
"NPW"	"CXCR4"	0.657
"NPW"	"CORT"	0.23
"NPW"	"GRM4"	1e-08
"NPW"	"GNB1"	0.657
"DNAH11"	"TUBB"	0.086
"DNAH11"	"KIFC1"	0.364
"DNAH11"	"KIF25"	0.5
"DNAH11"	"DYNC1H1"	0.819
"DNAH11"	"ACTA1"	0.088
"IFITM1"	"ADAR"	0.657
"IFITM1"	"TRIM22"	0.657
"IFITM1"	"IRF2"	0.657
"IFITM1"	"HLA-G"	0.657
"IFITM1"	"IFIT2"	0.657
"TSSC4"	"IGF2R"	0.657
"TSSC4"	"CDKN1C"	0.657
"IDH2"	"CEBPA"	0.194
"IDH2"	"TXNRD2"	0.269
"IDH2"	"WDTC1"	0.255
"IDH2"	"ECHS1"	0.17
"IDH2"	"UGP2"	0.389
"EEF1G"	"RPL7"	0.257
"EEF1G"	"RANGAP1"	0.51
"EEF1G"	"RPL36AL"	0.657
"EEF1G"	"RPL27A"	0.325
"EEF1G"	"RPL11"	0.269
"EEF1G"	"RTN4RL2"	1e-08
"EEF1G"	"RPL13A"	0.063
"EEF1G"	"GSPT2"	0.278
"EEF1G"	"NPM3"	0.318
"EEF1G"	"RPL37A"	0.325
"EEF1G"	"TUBB"	0.245
"EEF1G"	"OPTC"	1e-08
"EEF1G"	"RPS2"	0.44
"EEF1G"	"IGFALS"	0.166
"EEF1G"	"RPLP0"	0.278
"EEF1G"	"RPL14"	0.567
"EEF1G"	"RPL32"	0.061
"EEF1G"	"CALML5"	0.047
"EEF1G"	"EIF5A"	0.271
"EEF1G"	"RPL18"	0.061
"EEF1G"	"PGK1"	0.237
"EEF1G"	"GNL1"	0.043
"EEF1G"	"RPL10"	0.271
"EEF1G"	"SDSL"	0.125
"EEF1G"	"FAU"	0.098
"EPHB3"	"AP2A1"	1e-08
"EPHB3"	"ARPC4"	1e-08
"EPHB3"	"ARPC5"	1e-08
"EPHB3"	"TCF7"	1e-08
"EPHB3"	"LIMK2"	0.49
"EPHB3"	"GIT1"	1e-08
"EPHB3"	"EFNA4"	0.647
"TNFAIP2"	"MIB2"	0.193
"ALAS2"	"SARDH"	0.082
"ALAS2"	"HBD"	0.466
"ALAS2"	"GCAT"	0.449
"ALX4"	"EXT2"	0.029
"LAMP1"	"VPS28"	0.381
"LAMP1"	"KIR2DL1"	0.411
"LAMP1"	"TGOLN2"	0.657
"LAMP1"	"TNF"	0.38
"LAMP1"	"SQSTM1"	0.487
"LAMP1"	"IGF2R"	0.215
"RAB11B"	"RAB5B"	0.664
"RAB11B"	"RAB5C"	0.721
"RAB11B"	"PIP5K1C"	0.249
"RAB11B"	"ARL16"	0.657
"MTA1"	"PIAS3"	0.262
"MTA1"	"TAF1C"	0.306
"CACNA1H"	"CACNA1A"	0.634
"CACNA1H"	"RASGRP2"	0.097
"CACNA1H"	"CACNA2D4"	0.87
"CACNA1H"	"CALML5"	0.03
"BCL9L"	"TCF7"	0.255
"PIP5K1C"	"PIK3R5"	0.364
"PIP5K1C"	"PLCD1"	0.264
"PIP5K1C"	"DNM2"	0.281
"RTN4RL2"	"GNB1"	1e-08
"RTN4RL2"	"DIRAS3"	1e-08
"RTN4RL2"	"DIRAS2"	1e-08
"OR6N1"	"GNB1"	1e-08
"PPFIA3"	"GIT1"	0.657
"PPFIA3"	"DOC2A"	0.657
"EIF5A"	"RPL18"	0.446
"EIF5A"	"RPL36AL"	0.657
"EIF5A"	"RPL7"	0.561
"EIF5A"	"RPL27A"	0.56
"EIF5A"	"RPL11"	0.521
"EIF5A"	"RPS2"	0.495
"EIF5A"	"RPL13A"	0.485
"EIF5A"	"PGK1"	0.334
"EIF5A"	"RPL10"	0.498
"EIF5A"	"RPL37A"	0.56
"EIF5A"	"RPLP0"	0.551
"EIF5A"	"RPL14"	0.522
"KIR2DL1"	"HLA-G"	0.32
"FGD3"	"RHOG"	0.392
"FGD3"	"RHOBTB1"	0.416
"TNNI1"	"MYL6"	0.657
"TNNI1"	"TNNT2"	0.657
"TNNI1"	"KCNIP2"	0.657
"TNNI1"	"ACTA1"	0.657
"TNNI1"	"CALML5"	0.073
"TNNI1"	"TPM2"	0.298
"KCNE1"	"KCNJ11"	0.657
"KCNE1"	"TH"	0.18
"KCNE1"	"KCNIP2"	0.692
"KCNE1"	"PCNT"	0.657
"KCNE1"	"MICAL1"	0.204
"ZFP36L1"	"KHSRP"	0.638
"ISYNA1"	"ECHS1"	0.395
"ISYNA1"	"MSN"	0.279
"DNAJB2"	"GSPT2"	0.217
"STARD7"	"NR5A1"	1e-08
"RHOBTB1"	"OBSCN"	0.257
"RHOBTB1"	"VAV1"	0.292
"RHOBTB1"	"ARHGEF16"	0.388
"RHOBTB1"	"RHOG"	0.886
"RHOBTB1"	"SOS1"	0.336
"RHOBTB1"	"ACTA1"	0.34
"RHOBTB1"	"ARHGAP9"	0.232
"UGP2"	"SLC37A1"	1e-08
"UGP2"	"MGAM"	0.112
"UGP2"	"WDTC1"	0.657
"RASGRP2"	"CACNA2D4"	1e-08
"RASGRP2"	"CACNA1A"	0.086
"TUBB"	"FAU"	0.407
"TUBB"	"PCNT"	0.657
"TUBB"	"KIFC1"	0.222
"TUBB"	"ACTA1"	0.612
"TUBB"	"CALML5"	0.119
"TUBB"	"TBCA"	0.297
"TUBB"	"OBSCN"	0.458
"TUBB"	"DYNC1H1"	0.247
"TUBB"	"KIF25"	0.069
"TUBB"	"PLP2"	0.214
"TUBB"	"CSNK1E"	0.249
"RPLP0"	"RPL37A"	0.815
"RPLP0"	"RPL41"	0.709
"RPLP0"	"RPL32"	0.748
"RPLP0"	"FTSJ3"	0.464
"RPLP0"	"RPL10"	0.713
"RPLP0"	"RPL7"	0.74
"RPLP0"	"RPS21"	0.68
"RPLP0"	"RPL27A"	0.815
"RPLP0"	"RPL11"	0.773
"RPLP0"	"MIB2"	0.242
"RPLP0"	"RPS2"	0.652
"RPLP0"	"DDOST"	0.207
"RPLP0"	"RPL36AL"	0.657
"RPLP0"	"RPL18"	0.748
"RPLP0"	"RPL13A"	0.75
"RPLP0"	"PGK1"	0.317
"RPLP0"	"GNL1"	0.467
"RPLP0"	"GSPT2"	0.527
"RPLP0"	"RPL14"	0.74
"RPLP0"	"FAU"	0.959
"PLAUR"	"TBCA"	0.279
"PLAUR"	"HCK"	0.362
"PLAUR"	"IGF2R"	0.411
"PLAUR"	"TNF"	0.405
"PLAUR"	"ADAMTS4"	0.288
"PLAUR"	"FOXM1"	0.32
"CPSF1"	"RANGAP1"	0.465
"CPSF1"	"PCBP2"	0.709
"CPSF1"	"GTF2F1"	0.382
"CPSF1"	"LSM2"	0.536
"CPSF1"	"XAB2"	0.657
"CPSF1"	"CTNNBL1"	0.654
"RHOG"	"SOS1"	0.418
"RHOG"	"OBSCN"	0.346
"RHOG"	"VAV1"	0.374
"RHOG"	"DNM2"	0.724
"RHOG"	"ARHGEF16"	0.462
"RHOG"	"ACTA1"	0.427
"RHOG"	"ARHGAP9"	0.352
"RPL7"	"RPS21"	0.65
"RPL7"	"RPL27A"	0.769
"RPL7"	"RPL11"	0.695
"RPL7"	"RPS2"	0.681
"RPL7"	"DDOST"	0.205
"RPL7"	"RPL36AL"	0.657
"RPL7"	"RPL18"	0.688
"RPL7"	"RPL13A"	0.748
"RPL7"	"GSPT2"	0.543
"RPL7"	"GNL1"	0.424
"RPL7"	"RPL10"	0.692
"RPL7"	"RPL37A"	0.769
"RPL7"	"RPL41"	0.719
"RPL7"	"PPAN"	0.515
"RPL7"	"RPL14"	0.714
"RPL7"	"RPL32"	0.688
"RPL7"	"FAU"	0.959
"RPL7"	"FTSJ3"	0.493
"RPL7"	"MYBBP1A"	0.497
"TPST2"	"KHSRP"	0.119
"TPST2"	"FOXM1"	0.102
"UBE2V1"	"ATP6V1F"	0.305
"UBE2V1"	"MIB2"	0.711
"UBE2V1"	"ASB2"	0.679
"UBE2V1"	"HECTD3"	0.711
"UBE2V1"	"RNF130"	0.558
"UBE2V1"	"FAU"	0.098
"TCF7"	"NR5A1"	0.66
"EIF4EBP1"	"LRRC20"	0.657
"EIF4EBP1"	"PIM2"	0.291
"EIF4EBP1"	"CRTC2"	0.319
"EIF4EBP1"	"GSPT2"	0.228
"EIF4EBP1"	"EIF4G3"	0.059
"TRIM3"	"HLA-DRA"	0.229
"TRIM3"	"HLA-DQA2"	1e-08
"TRIM3"	"IRF2"	0.188
"TRIM3"	"HLA-DRB1"	0.034
"TRIM3"	"HLA-G"	0.305
"TRIM3"	"IFI30"	0.386
"SDSL"	"GCAT"	0.144
"SDSL"	"SLC3A2"	0.085
"SDSL"	"RPL27A"	0.094
"SDSL"	"RPL11"	0.094
"SIGLEC1"	"SPN"	0.035
"STAT5A"	"PIAS3"	0.321
"STAT5A"	"CSF3R"	0.163
"STAT5A"	"STAT4"	0.671
"STAT5A"	"SDHC"	0.097
"STAT5A"	"CXCR4"	0.151
"STAT5A"	"MCL1"	0.215
"STAT5A"	"IL6R"	0.171
"STAT5A"	"HCK"	0.516
"STAT5A"	"TNF"	0.212
"STAT5A"	"VAV1"	0.58
"GSPT2"	"RPL27A"	0.533
"GSPT2"	"RPS21"	0.398
"GSPT2"	"RPL11"	0.496
"GSPT2"	"RPL13A"	0.468
"GSPT2"	"RPL37A"	0.533
"GSPT2"	"RPL14"	0.494
"GSPT2"	"RPL32"	0.42
"GSPT2"	"ACTA1"	0.337
"GSPT2"	"RPS2"	0.473
"GSPT2"	"RPL36AL"	0.657
"GSPT2"	"RPL18"	0.42
"GSPT2"	"PGK1"	0.376
"GSPT2"	"RPL10"	0.467
"GSPT2"	"RPL41"	0.462
"GSPT2"	"FAU"	0.959
"RPL10"	"RPS21"	0.611
"RPL10"	"RPL27A"	0.746
"RPL10"	"RPL11"	0.662
"RPL10"	"RPL13A"	0.681
"RPL10"	"RPL37A"	0.746
"RPL10"	"RPL14"	0.68
"RPL10"	"RPL32"	0.668
"RPL10"	"RPS2"	0.608
"RPL10"	"RPL18"	0.668
"RPL10"	"DDOST"	0.202
"RPL10"	"RPL36AL"	0.657
"RPL10"	"RPL41"	0.649
"RPL10"	"FAU"	0.959
"RPS2"	"RPL27A"	0.669
"RPS2"	"RPS21"	0.54
"RPS2"	"RPL41"	0.601
"RPS2"	"CSNK1E"	0.427
"RPS2"	"RPL14"	0.769
"RPS2"	"RPL32"	0.547
"RPS2"	"ELAVL3"	0.567
"RPS2"	"FAU"	0.959
"RPS2"	"PRMT8"	0.188
"RPS2"	"RPL11"	0.689
"RPS2"	"LSM2"	0.538
"RPS2"	"DDOST"	0.219
"RPS2"	"RPL36AL"	0.657
"RPS2"	"RPL18"	0.547
"RPS2"	"RPL13A"	0.615
"RPS2"	"MYBBP1A"	0.352
"RPS2"	"PGK1"	0.308
"RPS2"	"RPL37A"	0.669
"FHIT"	"SARDH"	0.223
"FOXM1"	"SDHC"	0.088
"FOXM1"	"PAX8"	0.714
"FOXM1"	"KCNJ11"	0.214
"FOXM1"	"RRM2"	0.234
"FOXM1"	"S100A8"	0.192
"FOXM1"	"WDTC1"	0.657
"FOXM1"	"NKX6-2"	0.64
"BAZ1B"	"MYBBP1A"	0.048
"BAZ1B"	"WAC"	0.233
"BAZ1B"	"TAF1C"	0.238
"PYCR2"	"PRODH"	0.38
"SERPINA6"	"CORT"	0.24
"GAL3ST1"	"SPN"	1e-08
"GAL3ST1"	"MGAM"	0.327
"HELT"	"GATA2"	0.671
"HELT"	"MGAM"	1e-08
"TNFSF13"	"SET"	0.329
"APOL3"	"COMT"	0.027
"APOL3"	"TNF"	0.048
"RPL14"	"RPL27A"	0.777
"RPL14"	"RPS21"	0.628
"RPL14"	"RPL11"	0.686
"RPL14"	"DDOST"	0.232
"RPL14"	"RPL36AL"	0.657
"RPL14"	"RPL18"	0.676
"RPL14"	"RPL13A"	0.688
"RPL14"	"RPL37A"	0.777
"RPL14"	"RPL41"	0.655
"RPL14"	"RPL32"	0.676
"RPL14"	"FAU"	0.959
"RPL14"	"FTSJ3"	0.431
"GATA2"	"QRSL1"	0.192
"GATA2"	"CEBPA"	0.645
"RAB5C"	"AP2A1"	0.272
"RAB5C"	"TGOLN2"	0.657
"RAB5C"	"RAB5B"	0.779
"RAB5C"	"MCL1"	0.248
"RAB5C"	"ARPC4"	0.262
"RAB5C"	"IGF2R"	0.28
"RAB5C"	"FTL"	0.342
"RAB5C"	"SYT8"	0.256
"RAB5C"	"RBM10"	0.324
"RAB5C"	"BLOC1S3"	0.657
"RAB5C"	"ARPC5"	0.261
"RAB5C"	"NDP"	0.275
"RAB5C"	"DNM2"	0.631
"KCNJ11"	"WDTC1"	0.657
"RPS21"	"RPL27A"	0.713
"RPS21"	"RPL11"	0.614
"RPS21"	"UQCRQ"	1e-08
"RPS21"	"DDOST"	0.078
"RPS21"	"RPL36AL"	0.184
"RPS21"	"RPL18"	0.791
"RPS21"	"RPL13A"	0.786
"RPS21"	"RPL37A"	0.713
"RPS21"	"RPL41"	0.734
"RPS21"	"CSNK1E"	0.327
"RPS21"	"RPL32"	0.791
"RPS21"	"ELAVL3"	0.567
"RPS21"	"FAU"	0.959
"RPL36AL"	"RPL27A"	0.657
"RPL36AL"	"RPL18"	0.098
"RPL36AL"	"RPL11"	0.657
"RPL36AL"	"DDOST"	0.657
"RPL36AL"	"RPL13A"	0.098
"RPL36AL"	"RPL37A"	0.657
"RPL36AL"	"RPL41"	0.098
"RPL36AL"	"RPL32"	0.098
"RPL36AL"	"FAU"	0.098
"RPL27A"	"SLC3A2"	0.452
"RPL27A"	"RPL11"	0.744
"RPL27A"	"DDOST"	0.235
"RPL27A"	"RPL18"	0.802
"RPL27A"	"RPL13A"	0.795
"RPL27A"	"RPL37A"	0.871
"RPL27A"	"RPL41"	0.741
"RPL27A"	"RPL32"	0.802
"RPL27A"	"PSTPIP1"	0.313
"RPL27A"	"FAU"	0.959
"KIF25"	"SURF4"	0.213
"KIF25"	"INCENP"	0.213
"KIF25"	"KIFC1"	0.861
"KIF25"	"DYNC1H1"	0.437
"ADAMTSL2"	"ADAMTS13"	0.657
"ADAMTSL2"	"ADAMTS4"	0.657
"ENTPD2"	"POLR2J2"	0.236
"ENTPD2"	"WDTC1"	1e-08
"ENTPD2"	"RRM2"	0.191
"MRPL52"	"MRPL21"	0.996
"HTR3A"	"HTR4"	0.361
"DNM2"	"VAV1"	0.371
"DNM2"	"HLA-DRA"	0.221
"DNM2"	"RAB5B"	0.583
"DNM2"	"MPZ"	1e-08
"DNM2"	"TGOLN2"	0.657
"DNM2"	"MSN"	0.426
"DNM2"	"PSTPIP1"	0.452
"DNM2"	"HLA-DQA2"	1e-08
"DNM2"	"SYT8"	0.245
"DNM2"	"AP2A1"	0.362
"DNM2"	"ACTA1"	0.472
"DNM2"	"ARPC4"	0.459
"DNM2"	"IGF2R"	0.328
"DNM2"	"HLA-DRB1"	0.034
"DNM2"	"ARPC5"	0.364
"RANGAP1"	"INCENP"	0.657
"RANGAP1"	"GNL1"	0.136
"RANGAP1"	"RPL37A"	0.452
"DYNC1H1"	"PCNT"	0.657
"DYNC1H1"	"HLA-DQA2"	1e-08
"DYNC1H1"	"KIFC1"	0.416
"DYNC1H1"	"RAB3GAP2"	0.209
"DYNC1H1"	"BET1L"	0.16
"DYNC1H1"	"EPPK1"	0.221
"DYNC1H1"	"HLA-DRA"	0.197
"DYNC1H1"	"CSNK1E"	0.433
"DYNC1H1"	"MSN"	0.32
"DYNC1H1"	"HLA-DMA"	0.044
"DYNC1H1"	"ACTA1"	0.295
"DYNC1H1"	"HLA-DRB1"	0.032
"DYNC1H1"	"TPM2"	0.162
"TNFRSF10C"	"ECE1"	1e-08
"TNFRSF10C"	"TNF"	1e-08
"TNFRSF10C"	"MCL1"	1e-08
"TNFRSF10C"	"NDP"	1e-08
"ADAM15"	"HCK"	0.388
"IGF2R"	"AP2A1"	0.2
"IGF2R"	"SYT8"	0.194
"IGF2R"	"BLOC1S3"	0.657
"IGF2R"	"CDKN1C"	0.182
"IGF2R"	"ARPC5"	0.191
"IGF2R"	"RAB5B"	0.271
"IGF2R"	"TGOLN2"	0.657
"IGF2R"	"ARPC4"	0.2
"IGF2R"	"FTL"	0.319
"MFNG"	"CRB2"	1e-08
"MFNG"	"LHX2"	1e-08
"PRODH"	"COMT"	0.122
"ASNA1"	"EMD"	0.241
"SEMA4F"	"OBSCN"	0.227
"XAB2"	"PCBP2"	0.657
"XAB2"	"GTF2F1"	0.657
"XAB2"	"LSM2"	0.657
"XAB2"	"CTNNBL1"	0.657
"STAT4"	"TNF"	0.362
"STAT4"	"PIAS3"	0.268
"STAT4"	"HLA-DRB1"	0.029
"ZNF429"	"HLA-DRB1"	1e-08
"ZNF429"	"HLA-DRA"	1e-08
"UBL5"	"UQCRQ"	1e-08
"UBL5"	"POLR2J2"	1e-08
"UBL5"	"FAU"	0.098
"ENTPD4"	"NT5M"	0.345
"ENTPD4"	"RRM2"	0.132
"MICAL1"	"TH"	0.462
"MICAL1"	"ACTA1"	0.397
"AP2A1"	"HLA-DQA2"	1e-08
"AP2A1"	"SYT8"	0.272
"AP2A1"	"ARPC5"	0.294
"AP2A1"	"MSN"	0.508
"AP2A1"	"HLA-DRB1"	0.038
"AP2A1"	"ARPC4"	0.537
"AP2A1"	"RAB5B"	0.257
"AP2A1"	"HLA-DRA"	0.243
"AP2A1"	"TGOLN2"	0.657
"ELAVL3"	"HSD17B1"	0.243
"ELAVL3"	"FAU"	0.567
"PCBP2"	"GTF2F1"	0.466
"PCBP2"	"CEBPA"	0.396
"PCBP2"	"CTNNBL1"	0.67
"PCBP2"	"LSM2"	0.653
"PCNT"	"CNTROB"	0.657
"PCNT"	"CSNK1E"	0.657
"ARPC5"	"SYT8"	0.115
"ARPC5"	"EFHD2"	0.216
"ARPC5"	"RAB5B"	0.246
"ARPC5"	"TGOLN2"	0.657
"ARPC5"	"ACTA1"	0.583
"ARPC5"	"ARPC4"	0.729
"DDA1"	"ECHS1"	0.657
"CSNK1E"	"CSNK2B"	0.428
"CSNK1E"	"OBSCN"	0.212
"HLA-DRB1"	"GNB1"	0.235
"HLA-DRB1"	"HLA-DRA"	0.674
"HLA-DRB1"	"TRIM22"	0.029
"HLA-DRB1"	"HLA-DQA2"	1e-08
"HLA-DRB1"	"IRF2"	0.027
"HLA-DRB1"	"LAT"	0.039
"HLA-DRB1"	"TNF"	0.037
"HLA-DRB1"	"VAV1"	0.029
"HLA-DRB1"	"PADI4"	0.029
"HLA-DRB1"	"HLA-DMA"	1
"HLA-DRB1"	"HLA-G"	0.314
"HLA-DRB1"	"IFI30"	0.035
"SPN"	"TNF"	0.123
"SPN"	"VAV1"	0.111
"SPN"	"MSN"	0.126
"CD300A"	"MSN"	0.236
"CACNA1A"	"CALML5"	0.026
"CACNA1A"	"GNB1"	0.203
"CACNA1A"	"CACNA2D4"	0.999
"CACNA1A"	"KCNIP2"	0.417
"CACNA1A"	"KCNK4"	0.527
"MSN"	"ACTA1"	0.459
"MSN"	"CRB2"	0.384
"MSN"	"PGK1"	0.278
"MSN"	"SLC9A3R2"	0.573
"MSN"	"VAV1"	0.37
"RAB5B"	"TGOLN2"	0.657
"RAB5B"	"ARPC4"	0.25
"RAB5B"	"SYT8"	0.241
"RAB5B"	"RBM10"	0.305
"HLA-G"	"HLA-DRA"	0.471
"HLA-G"	"ADM2"	0.081
"HLA-G"	"ADAR"	0.239
"HLA-G"	"TRIM22"	0.269
"HLA-G"	"HLA-DQA2"	1e-08
"HLA-G"	"IRF2"	0.22
"HLA-G"	"IFI30"	0.32
"HLA-G"	"IFIT2"	0.334
"RRM2"	"DNAJC9"	0.376
"RRM2"	"TNNT2"	0.256
"HTR4"	"FSHR"	0.538
"HTR4"	"GNB1"	1e-08
"HTR4"	"ADM2"	1e-08
"HTR4"	"GPR20"	0.983
"CYB561"	"DBH"	0.375
"TPM2"	"MYL6"	0.352
"TPM2"	"TNNT2"	0.439
"TPM2"	"ACTA1"	0.389
"COMT"	"TXNRD2"	0.33
"COMT"	"DBH"	0.22
"COMT"	"TH"	0.323
"MRPL21"	"PSTPIP1"	0.06
"CTNNBL1"	"LSM2"	0.415
"CTNNBL1"	"GTF2F1"	0.326
"HMGN2"	"TXNRD2"	0.353
"WDTC1"	"MGAM"	1e-08
"WDTC1"	"ATP6V1F"	0.657
"WDTC1"	"NUMA1"	0.657
"WDTC1"	"TNF"	0.657
"WDTC1"	"DPH5"	1e-08
"IRF2BP2"	"IRF2"	0.753
"ACTA1"	"MYL6"	0.312
"ACTA1"	"TMSB4X"	0.443
"ACTA1"	"TNNT2"	0.446
"ACTA1"	"ARPC4"	0.519
"ACTA1"	"CALML5"	0.195
"ACTA1"	"OBSCN"	0.417
"ACTA1"	"DIRAS3"	0.657
"ACTA1"	"MIB2"	0.231
"ACTA1"	"PGK1"	0.545
"ACTA1"	"DIRAS2"	0.784
"ACTA1"	"VAV1"	0.2
"ACTA1"	"FAU"	0.482
"OPTC"	"DIRAS2"	1e-08
"OPTC"	"GNB1"	1e-08
"OPTC"	"DIRAS3"	1e-08
"TNNT2"	"MYL6"	0.324
"SDHC"	"TNF"	0.113
"SDHC"	"TIMM8A"	0.057
"SDHC"	"UQCRQ"	0.831
"SDHC"	"NR5A1"	0.132
"ADAMTS4"	"ADAMTS13"	0.558
"CRABP2"	"PSTPIP1"	0.357
"NES"	"CXCR4"	0.044
"NES"	"TH"	0.044
"NES"	"NKX6-2"	0.037
"NES"	"MCL1"	0.044
"NES"	"NDP"	0.044
"ADAR"	"WDR81"	0.202
"ADAR"	"PSMA7"	0.349
"ADAR"	"IRF2"	0.333
"ADAR"	"CDA"	0.519
"ADAR"	"IFIT2"	0.55
"IL6R"	"CSF3R"	0.614
"IL6R"	"HCK"	0.287
"IL6R"	"TNF"	0.429
"IL6R"	"VAV1"	0.269
"IL6R"	"SOS1"	0.34
"ECHS1"	"HBD"	0.208
"ECHS1"	"HSD17B1"	0.117
"NKX6-2"	"POU3F4"	0.662
"CRTC2"	"CREB3L1"	0.183
"S100A6"	"S100A8"	0.472
"S100A8"	"S100A12"	0.735
"S100A8"	"FCN1"	0.39
"S100A8"	"HCK"	0.282
"S100A8"	"TNF"	0.285
"S100A12"	"FCN1"	0.336
"S100A12"	"NFKB2"	0.157
"LCE2A"	"LCE2C"	0.985
"MCL1"	"ECE1"	0.396
"MCL1"	"DDOST"	0.242
"MCL1"	"TNF"	0.346
"MCL1"	"BBC3"	0.302
"MCL1"	"NDP"	0.481
"PLEKHO1"	"CSNK2B"	0.657
"ATP6AP1"	"ATP6V1F"	0.394
"EMD"	"GUCA2B"	1e-08
"NFKB2"	"CORT"	0.083
"NFKB2"	"TNF"	0.378
"NFKB2"	"TLX1"	0.605
"NFKB2"	"PSMA7"	0.187
"NFKB2"	"PSME4"	0.158
"TLX1"	"LHX2"	0.945
"PSMA7"	"PSME4"	0.258
"PSMA7"	"OAZ2"	0.322
"PSMA7"	"TNF"	0.398
"PSMA7"	"ARPC4"	0.293
"PSMA7"	"CXCR4"	0.181
"DIRAS3"	"GNB1"	0.657
"DIRAS3"	"IGFALS"	0.166
"FCN1"	"HCK"	0.37
"IFIT2"	"TRIM22"	0.265
"IFIT2"	"IRF2"	0.403
"SARDH"	"GCAT"	0.172
"SARDH"	"TXNRD2"	0.373
"HECTD3"	"RNF130"	0.716
"HECTD3"	"MIB2"	0.823
"HECTD3"	"ASB2"	0.771
"SET"	"TREX1"	0.081
"SET"	"PPAN"	0.049
"SET"	"PRMT8"	0.181
"TIMM8A"	"CDA"	0.657
"POU3F1"	"MPZ"	1e-08
"CSF3R"	"HCK"	0.193
"CSF3R"	"PRAM1"	0.234
"CSF3R"	"TNF"	0.204
"CSF3R"	"CEBPA"	0.152
"POU3F4"	"PGK1"	0.181
"PGK1"	"RPL13A"	0.221
"PGK1"	"RPL11"	0.308
"PGK1"	"CXCR4"	0.15
"NR5A1"	"FSHR"	0.137
"LHX2"	"CRB2"	1e-08
"LHX2"	"MSX1"	0.945
"LHX2"	"EVX1"	0.945
"KPNA6"	"RPL11"	0.214
"GRM4"	"GNB1"	1e-08
"GRM4"	"CXCR4"	0.351
"GRM4"	"CORT"	1e-08
"RPL11"	"RPL41"	0.639
"RPL11"	"TP73"	0.336
"RPL11"	"SLC3A2"	0.436
"RPL11"	"RPL18"	0.653
"RPL11"	"DDOST"	0.208
"RPL11"	"RPL13A"	0.667
"RPL11"	"RPL37A"	0.744
"RPL11"	"RPL32"	0.653
"RPL11"	"FAU"	0.959
"SLC39A7"	"KIFC1"	0.085
"HLA-DMA"	"HLA-DRA"	1
"HLA-DMA"	"HLA-DQA2"	1e-08
"ECE1"	"TH"	0.281
"HLA-DQA2"	"HLA-DRA"	1
"HLA-DQA2"	"RNASET2"	1e-08
"HLA-DQA2"	"TRIM22"	1e-08
"HLA-DQA2"	"IRF2"	1e-08
"HLA-DQA2"	"LAT"	1e-08
"HLA-DQA2"	"IFI30"	1e-08
"DDOST"	"UQCRQ"	0.15
"DDOST"	"RPL18"	0.039
"DDOST"	"RPL13A"	0.044
"DDOST"	"RPL37A"	0.235
"DDOST"	"RPL41"	0.042
"DDOST"	"RPL32"	0.039
"CDA"	"NT5M"	0.124
"TSPYL2"	"GABRD"	0.271
"LSM2"	"GTF2F1"	0.428
"DIRAS2"	"MGAM"	1e-08
"DIRAS2"	"GNB1"	0.066
"DIRAS2"	"IGFALS"	0.033
"HCK"	"VAV1"	0.516
"HCK"	"PIK3R5"	0.221
"HCK"	"SOS1"	0.244
"CSNK2B"	"MIB2"	0.33
"CSNK2B"	"STK24"	0.437
"CSNK2B"	"RPL41"	0.048
"EFHD2"	"ARPC4"	0.216
"GNL1"	"PPAN"	0.274
"GNL1"	"FTSJ3"	0.147
"CORT"	"GNB1"	0.136
"CORT"	"CXCR4"	0.096
"FTL"	"TGOLN2"	0.657
"VPS28"	"CYHR1"	0.657
"VPS28"	"ZFYVE1"	0.223
"GPR20"	"FSHR"	0.823
"GPR20"	"GNB1"	1e-08
"GPR20"	"ADM2"	1e-08
"SLC3A2"	"FAU"	0.959
"SLC3A2"	"MGAM"	1e-08
"SLC3A2"	"SLC1A5"	0.538
"TAF1C"	"MYBBP1A"	0.315
"GABRD"	"CLIC3"	0.536
"GNB1"	"FSHR"	0.236
"GNB1"	"ADM2"	0.983
"GNB1"	"PIK3R5"	0.256
"GNB1"	"SOS1"	0.546
"GNB1"	"CXCR4"	0.219
"GNB1"	"IGFALS"	0.166
"GNB1"	"VAV1"	0.461
"FANCG"	"TNF"	0.409
"UQCRQ"	"FAU"	1e-08
"SIN3B"	"SUDS3"	0.547
"SIN3B"	"PAH"	0.154
"TRIM22"	"HLA-DRA"	0.205
"TRIM22"	"IRF2"	0.49
"TRIM22"	"IFI30"	0.251
"HBD"	"TH"	0.265
"HBD"	"PAH"	0.429
"CALML5"	"OBSCN"	0.274
"CALML5"	"POR"	0.156
"CALML5"	"CAMK2A"	0.137
"CALML5"	"FAU"	0.053
"UCN3"	"VAV1"	0.122
"TH"	"PAH"	0.863
"TH"	"SQSTM1"	0.478
"TH"	"DBH"	0.297
"MYBBP1A"	"RPL18"	0.503
"MYBBP1A"	"DHX30"	0.345
"MYBBP1A"	"RPL37A"	0.436
"MYBBP1A"	"PPAN"	0.624
"MYBBP1A"	"FTSJ3"	0.373
"SYT8"	"TGOLN2"	0.193
"SYT8"	"ARPC4"	0.118
"PRMT8"	"FTSJ3"	0.469
"CACNA2D4"	"CAMK2A"	1e-08
"SERPINB5"	"TNF"	0.351
"SMYD3"	"SOS1"	0.277
"SQSTM1"	"OBSCN"	0.38
"SQSTM1"	"CAMK2A"	0.658
"RPL13A"	"RPL18"	0.934
"RPL13A"	"RPL37A"	0.795
"RPL13A"	"RPL41"	0.908
"RPL13A"	"RPL32"	0.934
"RPL13A"	"PSTPIP1"	0.061
"RPL13A"	"FAU"	0.959
"HOMER3"	"SLC9A3R2"	0.383
"PIAS3"	"INCENP"	0.657
"DBH"	"PAH"	0.595
"IRF2"	"IFI30"	0.187
"IRF2"	"HLA-DRA"	0.159
"IRF2"	"GTF2F1"	0.284
"GTF2F1"	"POLR2J2"	1e-08
"INCENP"	"KIFC1"	0.213
"HLA-DRA"	"IFI30"	0.234
"HLA-DRA"	"LAT"	0.254
"CHCHD2"	"TREX1"	0.194
"CHCHD2"	"KHSRP"	0.518
"LAT"	"VAV1"	0.508
"LAT"	"PIK3R5"	0.149
"LAT"	"SOS1"	0.725
"WDR6"	"FTSJ3"	0.539
"ADM2"	"FSHR"	0.081
"RPL32"	"RPL37A"	0.802
"RPL32"	"RPL18"	0.978
"RPL32"	"RPL41"	0.849
"RPL32"	"FAU"	0.959
"CAMK2A"	"MYL6"	0.273
"CAMK2A"	"CREB3L1"	0.158
"CAMK2A"	"KCNIP2"	0.207
"TXNRD2"	"HSD17B1"	0.176
"PSME4"	"OAZ2"	0.408
"PSME4"	"TNF"	0.298
"KCTD17"	"OBSCN"	0.275
"SOS1"	"IGFALS"	0.166
"SOS1"	"VAV1"	0.638
"TGOLN2"	"BLOC1S3"	0.657
"TGOLN2"	"ARPC4"	0.657
"CXCR4"	"TNF"	0.213
"CXCR4"	"VAV1"	0.223
"TBXAS1"	"MGAM"	0.179
"PIK3R5"	"PLCD1"	0.071
"PIK3R5"	"VAV1"	0.383
"FTSJ3"	"PPAN"	0.437
"TNF"	"CEBPA"	0.473
"TNF"	"MGAM"	1e-08
"RPL37A"	"RPL41"	0.741
"RPL37A"	"FAU"	0.959
"RPL37A"	"RPL18"	0.802
"RPL41"	"RPL18"	0.849
"RPL41"	"FAU"	0.959
"MIB2"	"MYL6"	0.332
"MIB2"	"ASB2"	0.771
"MIB2"	"RNF130"	0.716
"MIB2"	"FAU"	0.098
"RNF130"	"ASB2"	0.72
"FAU"	"RPL18"	0.959
"FAU"	"ZFYVE1"	0.098
"FAU"	"OBSCN"	0.098
