"symbol1"	"symbol2"	"CC"
"OSBPL7"	"MOSPD3"	NA
"PGLYRP1"	"DLG5"	0.15425
"PGLYRP1"	"HSPBP1"	0.30675
"SCTR"	"HTR4"	0.4935
"SCTR"	"FSHR"	0.465
"SCTR"	"GNB1"	0.41175
"SCTR"	"ADM2"	0.14975
"SCTR"	"GNB2"	0.35175
"SCTR"	"ADCY1"	0.4855
"SCTR"	"P2RY11"	0.55525
"SCTR"	"GPR20"	0.463
"PIGQ"	"PIGL"	0.8365
"RTN4R"	"GNB1"	0.55675
"RTN4R"	"HRAS"	0.379
"RTN4R"	"CAB39"	0.32775
"RTN4R"	"DIRAS3"	NA
"RTN4R"	"AKT1"	0.3825
"RTN4R"	"GNAI2"	0.4415
"RTN4R"	"DIRAS2"	0.76725
"RTN4R"	"EEF1G"	0.438
"RTN4R"	"TYRO3"	0.48275
"RTN4R"	"RASL10B"	NA
"RTN4R"	"GNB2"	0.44925
"RTN4R"	"RTN2"	0.32825
"RTN4R"	"PPP3CC"	0.1975
"RTN4R"	"SH3GL1"	0.347
"RTN4R"	"MCL1"	0.33275
"PSMA4"	"EXOSC5"	0.56675
"PSMA4"	"ACHE"	0.35825
"PSMA4"	"NFKB2"	0.546
"PSMA4"	"PSMA7"	0.7495
"PSMA4"	"UQCRQ"	0.37825
"PSMA4"	"PSMC4"	0.644
"PSMA4"	"PPIB"	0.4665
"PSMA4"	"PPP2R5A"	0.51275
"PSMA4"	"CDC25A"	0.549
"PSMA4"	"RPN1"	0.419
"PSMA4"	"PLK1"	0.46575
"PSMA4"	"TNF"	0.28975
"PSMA4"	"RELB"	0.552
"PSMA4"	"PSMB4"	0.76925
"PSMA4"	"ASNA1"	0.533
"PSMA4"	"DHH"	NA
"PSMA4"	"ANAPC2"	0.53125
"PSMA4"	"PSME4"	0.70275
"PSMA4"	"OAZ2"	0.515
"PSMA4"	"NFKBIB"	0.788
"GRN"	"HK3"	0.6075
"GRN"	"AKT1"	0.4055
"GRN"	"ITGA2B"	0.47925
"GRN"	"IFI30"	0.5085
"GRN"	"TNF"	0.4085
"CD22"	"SELL"	0.52525
"CD22"	"FFAR2"	0.407
"CD22"	"CD7"	0.44125
"CD22"	"TNF"	0.673
"CD22"	"CD79A"	0.54175
"CD22"	"SPN"	0.5855
"CD22"	"CD72"	0.407
"CD22"	"TNFRSF13B"	0.76725
"PSMC4"	"NFKB2"	0.5035
"PSMC4"	"PSMA7"	0.70525
"PSMC4"	"PPP2R5A"	0.51225
"PSMC4"	"CDC25A"	0.51425
"PSMC4"	"PLK1"	0.41875
"PSMC4"	"UFD1L"	NA
"PSMC4"	"TNF"	0.2765
"PSMC4"	"RELB"	0.517
"PSMC4"	"PSMB4"	0.66575
"PSMC4"	"DHH"	NA
"PSMC4"	"ANAPC2"	0.5165
"PSMC4"	"PSME4"	0.671
"PSMC4"	"OAZ2"	0.471
"PSMC4"	"NFKBIB"	0.788
"PSMC4"	"FTSJ3"	0.38675
"PSMC4"	"LHX2"	NA
"BCL3"	"NFKB2"	0.63325
"BCL3"	"STAT3"	0.59475
"BCL3"	"AKT1"	0.6175
"BCL3"	"PLK1"	0.50375
"BCL3"	"RFXANK"	0.45725
"BCL3"	"TNF"	0.3145
"BCL3"	"HDAC3"	0.5635
"BCL3"	"RELB"	0.555
"PDZD4"	"LAMA5"	NA
"HBQ1"	"HBZ"	0.751
"HBQ1"	"ALAS2"	0.12025
"HBQ1"	"HBE1"	0.693
"HBQ1"	"ECHS1"	0.11775
"HBQ1"	"TH"	0.13225
"HBQ1"	"HBD"	0.693
"HBQ1"	"PAH"	0.403
"ITGB4"	"KLC2"	0.329
"ITGB4"	"HRAS"	0.27825
"ITGB4"	"VWF"	0.3135
"ITGB4"	"CHAD"	0.23575
"ITGB4"	"PRKCG"	0.23825
"ITGB4"	"AKT1"	0.36475
"ITGB4"	"ITGA2B"	0.4685
"ITGB4"	"LAMA5"	0.372
"ITGB4"	"CRK"	0.33525
"ITGB4"	"EPPK1"	0.4395
"ITGB4"	"ACTN4"	0.4445
"ITGB4"	"COMP"	0.327
"ITGB4"	"COL9A3"	0.296
"PPP1R15A"	"PPP2R4"	NA
"PPP1R15A"	"PPP2R5A"	0.5585
"PPP1R15A"	"TSC2"	0.5565
"PPP1R15A"	"ZNF148"	0.46325
"PPP1R15A"	"KLF6"	0.43575
"TFAP4"	"SP1"	0.62775
"TFAP4"	"TPST2"	0.325
"TFAP4"	"SALL2"	0.73925
"THPO"	"SPI1"	0.16
"THPO"	"ACHE"	0.78175
"THPO"	"VWF"	0.78175
"THPO"	"GATA2"	0.17225
"THPO"	"SOS1"	0.17225
"THPO"	"STAT3"	0.17225
"THPO"	"PSMA7"	0.65475
"THPO"	"CSF3R"	0.14975
"THPO"	"STAT5A"	0.13975
"THPO"	"IL7R"	0.14975
"THPO"	"GP9"	0.14975
"THPO"	"IL6R"	0.78175
"THPO"	"CNTFR"	0.394
"THPO"	"AKT1"	0.17225
"THPO"	"ITGA2B"	0.65475
"THPO"	"CXCR4"	0.65475
"THPO"	"ZFPM1"	0.16
"THPO"	"PF4"	0.78175
"SEMA4G"	"OBSCN"	0.2245
"PRRT1"	"EPPK1"	0.71325
"BCL7C"	"SMARCD3"	NA
"BCL7C"	"VPS37C"	NA
"NDUFB7"	"NDUFB10"	0.80375
"NDUFB7"	"NDUFV1"	0.769
"NDUFB7"	"UQCRC2"	0.73725
"NDUFB7"	"UQCRQ"	0.78025
"NDUFB7"	"COX5A"	0.75675
"NDUFB7"	"NDUFB11"	0.82225
"NDUFB7"	"ZNHIT1"	0.40225
"NDUFB7"	"ACAD9"	0.67275
"NDUFB7"	"NDUFS7"	0.7435
"NDUFB7"	"SDHC"	0.72675
"NDUFB7"	"COX7C"	0.782
"NDUFB7"	"ATP5G1"	NA
"NDUFB7"	"NDUFA3"	0.82225
"TIMM13"	"CAB39"	0.29575
"TIMM13"	"CHCHD4"	0.6935
"TIMM13"	"TMPRSS9"	NA
"TIMM13"	"ATP5G1"	NA
"TIMM13"	"TIMM8A"	0.6935
"PDXP"	"ECE1"	0.36
"PDXP"	"SH3GL1"	0.34275
"PDXP"	"MCL1"	0.404
"PDXP"	"AMBP"	0.26925
"PDXP"	"COMP"	0.118
"PDXP"	"TH"	0.43275
"PDXP"	"PPP2R4"	NA
"PDXP"	"NDP"	0.11
"PDXP"	"TYRO3"	0.3705
"PDXP"	"TNFRSF10C"	0.30375
"JOSD1"	"TIMM8A"	0.298
"NIPSNAP1"	"B3GAT3"	0.3475
"NIPSNAP1"	"CHCHD2"	0.812
"TXN2"	"EEF2"	0.311
"TXN2"	"GLRX"	0.32575
"TXN2"	"APEX2"	0.52025
"TXN2"	"CLPP"	0.6335
"TXN2"	"SEC61A1"	0.29525
"TXN2"	"RPL8"	0.2705
"TXN2"	"MDH2"	0.659
"TXN2"	"TXNRD2"	0.65875
"EFS"	"CRK"	0.4
"GSS"	"TXNRD2"	0.5095
"GSS"	"CNDP2"	0.7035
"GSS"	"GLRX"	0.8065
"GSS"	"GGT1"	0.5545
"GSS"	"ALOX5AP"	0.27175
"GSS"	"GSTM1"	0.59
"GSS"	"GCLM"	0.454
"SRMS"	"ILKAP"	0.4775
"SRMS"	"PPP3CC"	0.53525
"SRMS"	"CD79A"	0.41475
"PQBP1"	"SF3A2"	0.4995
"PQBP1"	"PCBP2"	0.576
"PQBP1"	"GTF2F1"	0.53075
"PQBP1"	"POLR2L"	0.64575
"PQBP1"	"LSM2"	0.53225
"PQBP1"	"CPSF1"	0.63725
"PQBP1"	"XAB2"	0.47375
"PQBP1"	"CTNNBL1"	0.51075
"PQBP1"	"PCBP1"	0.61825
"PQBP1"	"LSM7"	0.5255
"PQBP1"	"DNM2"	0.28275
"PCSK1N"	"CPE"	0.80175
"PCSK1N"	"UTS2R"	0.156
"USP11"	"MCM3AP"	0.687
"USP11"	"RBM10"	0.59425
"USP11"	"USP5"	0.52075
"ACP5"	"CLCN7"	0.40975
"ACP5"	"NES"	0.2875
"ACP5"	"TNF"	0.36725
"ACP5"	"CD207"	0.34575
"ACP5"	"VANGL1"	NA
"MT4"	"MT1X"	0.6425
"MMP15"	"TNF"	0.76725
"MMP15"	"HLA-G"	0.76725
"TSC2"	"STK11"	0.559
"TSC2"	"HRAS"	0.575
"TSC2"	"EIF4EBP1"	0.4675
"TSC2"	"AKT1"	0.5315
"TSC2"	"CRTC2"	0.4615
"TSC2"	"PLK1"	0.3825
"TSC2"	"EEF2"	0.5005
"TSC2"	"PI3"	0.3665
"TSC2"	"CAMKK2"	0.432
"TSC2"	"PPP2R4"	NA
"TSC2"	"FKBP1C"	NA
"ZP2"	"ZP3"	0.64175
"ZP2"	"FGF8"	0.78175
"ZP2"	"ALX4"	0.40925
"MAZ"	"HRAS"	NA
"MAZ"	"AKT1"	NA
"CSK"	"GNB1"	0.6455
"CSK"	"HRAS"	0.64775
"CSK"	"VWF"	0.495
"CSK"	"STAT3"	0.54475
"CSK"	"HLA-DQA2"	0.4495
"CSK"	"ARRB2"	0.6415
"CSK"	"RHOG"	0.60275
"CSK"	"ILKAP"	0.476
"CSK"	"PPP3CC"	0.4915
"CSK"	"ACTN4"	0.46675
"CSK"	"AKT1"	0.5825
"CSK"	"ITGA2B"	0.5345
"CSK"	"HLA-DRA"	0.46275
"CSK"	"HCK"	0.4745
"CSK"	"PPP2R4"	NA
"CSK"	"PLAUR"	0.409
"CSK"	"DNM2"	0.45
"CSK"	"CD79A"	0.44975
"CSK"	"PORCN"	0.38425
"CSK"	"ACTA1"	0.41725
"CSK"	"HLA-DRB1"	0.4685
"CTSH"	"BID"	0.332
"CTSH"	"HLA-DRB1"	0.488
"CTSH"	"HLA-DQA2"	0.411
"CTSH"	"HLA-DRA"	0.503
"PYCRL"	"PYCR2"	NA
"PYCRL"	"PRODH"	NA
"EXOSC5"	"RPL7"	0.5235
"EXOSC5"	"RPL27A"	0.40925
"EXOSC5"	"RPL11"	0.558
"EXOSC5"	"RPLP2"	0.3725
"EXOSC5"	"RPS9"	0.54875
"EXOSC5"	"RPS2"	0.5
"EXOSC5"	"RPL4"	0.51575
"EXOSC5"	"RPL36AL"	0.494
"EXOSC5"	"RPL18"	0.50425
"EXOSC5"	"RPL15"	0.51875
"EXOSC5"	"RPL13A"	0.51175
"EXOSC5"	"MPHOSPH6"	0.72875
"EXOSC5"	"RPL41"	0.4025
"EXOSC5"	"ZFP36L1"	0.53825
"EXOSC5"	"RPLP0"	0.45475
"EXOSC5"	"RPL35"	0.5115
"EXOSC5"	"RPL30"	0.4375
"EXOSC5"	"RPL14"	0.38025
"EXOSC5"	"RPL32"	0.38825
"EXOSC5"	"KHSRP"	0.6745
"EXOSC5"	"KPNA6"	0.50275
"EXOSC5"	"RPL8"	0.347
"EXOSC5"	"EXOSC7"	0.75775
"EXOSC5"	"EXOSC3"	0.8395
"EXOSC5"	"RPL10"	0.4895
"EXOSC5"	"RPL37"	0.40875
"EXOSC5"	"RPL37A"	0.47725
"PAF1"	"GTF2F1"	0.58
"PAF1"	"POLR2L"	0.52675
"PAF1"	"CSNK2B"	0.46475
"PAF1"	"KLC2"	0.47775
"PAF1"	"KIAA0101"	NA
"PAF1"	"GTF2H4"	0.51075
"PAF1"	"IFIT2"	0.36875
"RELB"	"NFKB2"	0.57675
"RELB"	"PSMB4"	0.55125
"RELB"	"PSME4"	0.57775
"RELB"	"PSMA7"	0.52625
"RELB"	"STAT3"	0.578
"RELB"	"TRAF5"	0.57425
"RELB"	"TNF"	0.18025
"RELB"	"NFKBIB"	0.788
"RELB"	"AKT1"	0.653
"RELB"	"ANXA5"	0.348
"RELB"	"DAXX"	0.5635
"RELB"	"IRF3"	0.57175
"RELB"	"CORT"	0.1285
"SF3A2"	"RANGAP1"	0.34975
"SF3A2"	"AGPAT1"	0.257
"SF3A2"	"LSM2"	0.6815
"SF3A2"	"PCBP2"	0.402
"SF3A2"	"GTF2F1"	0.48175
"SF3A2"	"POLR2L"	0.48075
"SF3A2"	"RBM10"	0.45375
"SF3A2"	"EEF2"	0.419
"SF3A2"	"CPSF1"	0.512
"SF3A2"	"EIF4G3"	0.23475
"SF3A2"	"XAB2"	0.6415
"SF3A2"	"CTNNBL1"	0.6185
"SF3A2"	"LSM7"	0.72475
"SF3A2"	"PCBP1"	0.47375
"FSD1"	"SRF"	0.2885
"FSD1"	"MYOG"	0.22425
"FSD1"	"RPS2"	0.23925
"CD79A"	"SELL"	0.569
"CD79A"	"SLC3A2"	0.52275
"CD79A"	"IL13"	0.089
"CD79A"	"VWF"	0.22525
"CD79A"	"IL7R"	0.52175
"CD79A"	"CD7"	0.491
"CD79A"	"AKT1"	0.40475
"CD79A"	"CXCR4"	0.547
"CD79A"	"UNG"	0.18775
"CD79A"	"GGT1"	0.44575
"CD79A"	"COX5A"	0.29975
"CD79A"	"CD68"	0.52275
"CD79A"	"TNF"	0.60475
"CD79A"	"VAV1"	0.4515
"CD79A"	"SPN"	0.47
"CD79A"	"CD72"	0.50325
"CD79A"	"HLA-DRB1"	0.5695
"CD79A"	"TNFRSF13B"	0.76725
"CD79A"	"CFP"	0.1905
"CD79A"	"MGAM"	0.502
"CD79A"	"S100A8"	0.3625
"CD79A"	"AMBP"	0.43925
"CD79A"	"SOS1"	0.4385
"LIM2"	"GJA8"	0.605
"LIM2"	"FTL"	0.21775
"RABAC1"	"RAB5C"	0.5955
"DBP"	"CEBPA"	0.73925
"DBP"	"BATF"	0.73925
"MLL4"	"HCFC1"	NA
"MLL4"	"HDAC3"	NA
"COMP"	"TNFRSF10C"	0.1265
"COMP"	"UNG"	0.23425
"COMP"	"HINT1"	0.461
"COMP"	"TYRO3"	0.186
"COMP"	"MICAL1"	0.16175
"COMP"	"FOXM1"	0.28525
"COMP"	"ITGA2B"	0.528
"COMP"	"NES"	0.1635
"COMP"	"TH"	0.22625
"COMP"	"ECE1"	0.4165
"COMP"	"SH3GL1"	0.14325
"COMP"	"MCL1"	0.1865
"COMP"	"COL9A3"	0.643
"COMP"	"NDP"	0.629
"COMP"	"ZBTB32"	0.22875
"COMP"	"RAB5C"	0.49575
"COMP"	"TNIP1"	0.1995
"COMP"	"AMBP"	0.62275
"HAMP"	"GDF15"	0.5435
"HAMP"	"STAT3"	0.138
"HAMP"	"TNF"	0.34225
"HAMP"	"FTL"	0.356
"DLX5"	"FGF8"	0.08375
"DLX5"	"MSX1"	0.51975
"DLX5"	"WNT10B"	0.08375
"MOSPD3"	"OSBPL1A"	NA
"MOSPD3"	"ISYNA1"	NA
"FIS1"	"RHOT2"	0.64575
"FIS1"	"DNM2"	0.34
"FIS1"	"ZNHIT1"	0.3155
"C8G"	"LCN1"	0.71575
"C8G"	"VTN"	0.63575
"ACTA2"	"MYL2"	0.326
"ACTA2"	"RASL10B"	NA
"ACTA2"	"EGR1"	0.33275
"ACTA2"	"MYL6"	0.4635
"ACTA2"	"TMSB4X"	0.4975
"ACTA2"	"PRKCG"	0.39
"ACTA2"	"ANXA5"	0.49975
"ACTA2"	"GSPT2"	0.3235
"ACTA2"	"RHOG"	0.52675
"ACTA2"	"DYNC1H1"	0.45925
"ACTA2"	"EEF2"	0.50425
"ACTA2"	"MYO18B"	0.32175
"ACTA2"	"ACTN4"	0.547
"ACTA2"	"TNNT2"	0.3175
"ACTA2"	"HK3"	0.461
"ACTA2"	"RPL14"	0.4715
"ACTA2"	"RPS23"	0.37875
"ACTA2"	"CALML5"	0.4485
"ACTA2"	"ARPC4"	0.46925
"ACTA2"	"VWF"	0.43575
"ACTA2"	"OBSCN"	0.30525
"ACTA2"	"TUBB"	0.5185
"ACTA2"	"SRF"	0.33275
"ACTA2"	"DIRAS3"	NA
"ACTA2"	"ARPC5"	0.475
"ACTA2"	"RPL18"	0.352
"ACTA2"	"AKT1"	0.4765
"ACTA2"	"CDC25A"	0.39525
"ACTA2"	"MYL3"	0.32825
"ACTA2"	"PGK1"	0.47225
"ACTA2"	"PLK1"	0.308
"ACTA2"	"CALB2"	0.424
"ACTA2"	"SMARCD3"	0.276
"ACTA2"	"TUBB2B"	0.31825
"ACTA2"	"TNF"	0.32925
"ACTA2"	"DIRAS2"	0.243
"ACTA2"	"DNAH11"	0.41425
"ACTA2"	"HDAC3"	0.393
"ACTA2"	"DNM2"	0.4145
"ACTA2"	"SP1"	0.2915
"ACTA2"	"FAU"	NA
"ACTA2"	"ARPC1B"	0.44675
"ACTA2"	"MYO1A"	0.3835
"ACTA2"	"RHOBTB1"	0.373
"ACTA2"	"HRAS"	0.38625
"ACTA2"	"GABARAP"	0.37325
"ACTA2"	"CABP2"	0.23375
"ACTA2"	"TPM2"	0.2835
"ACTA2"	"ZNHIT1"	0.265
"WNT3"	"GBX2"	NA
"WNT3"	"DHH"	NA
"WNT3"	"MSX1"	0.28175
"WNT3"	"AKT1"	0.43725
"WNT3"	"TCF7"	0.307
"WNT3"	"EVX1"	0.452
"WNT3"	"PORCN"	0.35125
"WNT3"	"WNT10B"	0.42325
"WNT3"	"WNT11"	0.4905
"WNT3"	"FGF8"	0.78175
"PIGL"	"MSX1"	0.377
"PIGL"	"GYS1"	0.4295
"VTN"	"TNF"	0.491
"VTN"	"PLAUR"	0.35375
"VTN"	"SPARC"	0.4915
"VTN"	"PF4"	0.5115
"VTN"	"AMBP"	0.6215
"VTN"	"VWF"	0.59275
"VTN"	"AKT1"	0.411
"VTN"	"ITGA2B"	0.562
"FRG1"	"TNNT3"	0.35725
"SPI1"	"QRSL1"	0.30075
"SPI1"	"TAL1"	0.651
"SPI1"	"GATA2"	0.65775
"SPI1"	"CSF3R"	0.1685
"SPI1"	"STAT3"	0.6095
"SPI1"	"STAT5A"	0.59825
"SPI1"	"IL7R"	0.26625
"SPI1"	"SRF"	0.65775
"SPI1"	"MCM3AP"	0.5445
"SPI1"	"IRF2"	0.51475
"SPI1"	"NDRG2"	0.3465
"SPI1"	"CEBPA"	0.66325
"SPI1"	"IL32"	0.231
"SPI1"	"SDHC"	0.2805
"SPI1"	"CD53"	0.22975
"SPI1"	"PRAM1"	0.1865
"SPI1"	"NONO"	0.55975
"SPI1"	"CLPP"	0.375
"SPI1"	"HCK"	0.38525
"SPI1"	"CD68"	0.253
"SPI1"	"TNF"	0.17875
"SPI1"	"VAV1"	0.23625
"SPI1"	"HDAC3"	0.47925
"SPI1"	"NPM1"	0.4115
"SPI1"	"ZFPM1"	0.54875
"MYL2"	"MYL6"	0.5075
"MYL2"	"TCAP"	0.655
"MYL2"	"MYO18B"	0.78925
"MYL2"	"PPP3CC"	0.38475
"MYL2"	"TNNT2"	0.7675
"MYL2"	"ACTA1"	0.569
"MYL2"	"TPM2"	0.71
"MYL2"	"OBSCN"	0.61575
"MYL2"	"MIB2"	0.394
"MYL2"	"AKT1"	0.49625
"MYL2"	"PLK1"	0.54025
"MYL2"	"MYL3"	0.76625
"MYL2"	"CAMK2A"	0.33525
"MYL2"	"TNNI1"	0.65525
"MYL2"	"TBX5"	0.347
"MYL2"	"TNNI2"	0.6275
"MYL2"	"TNNT3"	0.65525
"UNC93A"	"KCNK9"	0.72475
"UNC93A"	"KCNK3"	0.72475
"HARS2"	"MARS"	0.48625
"HARS2"	"PEPD"	0.39325
"SPARC"	"VWF"	0.65025
"SPARC"	"VEGFB"	0.6605
"SPARC"	"ACTN4"	0.53475
"SPARC"	"TMSB4X"	0.6475
"SPARC"	"STAB1"	0.35475
"SPARC"	"PF4"	0.629
"HAND1"	"SLC25A23"	0.4405
"HAND1"	"IRX4"	NA
"IRX4"	"TBX5"	NA
"NCK2"	"TNK2"	0.40875
"NCK2"	"CRK"	0.5345
"NCK2"	"EPHB3"	0.431
"NCK2"	"GIT1"	0.46125
"NCK2"	"ARPC1B"	0.40275
"NCK2"	"SOS1"	0.60625
"NCK2"	"FYB"	NA
"NCK2"	"ARPC5"	0.41425
"NDUFS7"	"UQCRC2"	0.68925
"NDUFS7"	"RPL11"	0.35625
"NDUFS7"	"ACAD9"	0.566
"NDUFS7"	"NDUFB11"	0.7765
"NDUFS7"	"SDHC"	0.66575
"NDUFS7"	"ATP5G1"	NA
"NDUFS7"	"NDUFA3"	0.7765
"NDUFS7"	"NDUFB10"	0.8
"NDUFS7"	"NDUFV1"	0.7005
"NDUFS7"	"RHOT2"	0.51125
"COX7A2L"	"HINT1"	0.3995
"COX7A2L"	"COX5A"	0.65225
"COX7A2L"	"COX7C"	0.696
"GRIN3B"	"GRIK5"	0.582
"TPSG1"	"IL13"	0.611
"RGS2"	"PRKCG"	0.538
"RGS2"	"TRIM47"	0.788
"RGS2"	"GNAI2"	0.59675
"SELL"	"CD7"	0.64375
"SELL"	"AKT1"	0.45175
"SELL"	"ANXA5"	0.38375
"SELL"	"ITGA2B"	0.5245
"SELL"	"CXCR4"	0.46
"SELL"	"LAMP1"	0.60025
"SELL"	"IL6R"	0.399
"SELL"	"TNF"	0.51175
"SELL"	"MSN"	0.3355
"SELL"	"SPN"	0.47075
"SELL"	"NTAN1"	NA
"SELL"	"STAT3"	0.42775
"SELL"	"ELF4"	0.2595
"SELL"	"IL13"	0.12675
"SELL"	"VWF"	0.38225
"SELL"	"STAT5A"	0.264
"SELL"	"IL7R"	0.6855
"GLRX"	"AKT1"	0.46225
"GLRX"	"TXNRD2"	0.5095
"GLRX"	"MARS"	0.52525
"GLRX"	"EEF1G"	0.577
"GLRX"	"RRM2"	0.788
"EGR1"	"IRF2"	0.54775
"EGR1"	"IRF7"	0.6625
"EGR1"	"CDKN1C"	0.6925
"EGR1"	"SDHC"	0.3115
"EGR1"	"DAXX"	0.63925
"EGR1"	"ALOX5AP"	0.42375
"EGR1"	"BST2"	0.34825
"EGR1"	"LHX2"	NA
"EGR1"	"HRAS"	0.475
"EGR1"	"PITX1"	0.6105
"EGR1"	"GDF15"	0.5055
"EGR1"	"SOCS1"	0.55425
"EGR1"	"ADAR"	0.61175
"EGR1"	"IER2"	0.74225
"EGR1"	"HSPB1"	0.4615
"EGR1"	"CAMK2A"	0.485
"EGR1"	"NR5A1"	0.645
"EGR1"	"TNF"	0.2055
"EGR1"	"SP1"	0.5155
"EGR1"	"HLA-G"	0.29625
"EGR1"	"IRF3"	0.70675
"EGR1"	"IFIT2"	0.5185
"EGR1"	"GATA2"	0.74225
"EGR1"	"IFITM1"	0.216
"EGR1"	"STAT3"	0.61525
"EGR1"	"SRF"	0.74225
"EGR1"	"AKT1"	0.553
"PPP3CC"	"CALB2"	0.37625
"PPP3CC"	"PLCB2"	0.788
"PPP3CC"	"CALML5"	0.39775
"PPP3CC"	"PPP2R5A"	0.525
"PPP3CC"	"AKT1"	0.45475
"PPP3CC"	"MYL3"	0.419
"PPP3CC"	"LIMK2"	0.4655
"PPP3CC"	"PLCB3"	0.514
"PPP3CC"	"CAMK2A"	0.40525
"PPP3CC"	"PIP5K1C"	0.36825
"PPP3CC"	"HCK"	0.32425
"PPP3CC"	"BAD"	0.4795
"PPP3CC"	"KCNIP2"	0.41
"PPP3CC"	"PPP2R4"	NA
"PPP3CC"	"MEF2D"	0.29325
"PPP3CC"	"NFATC4"	0.43375
"PPP3CC"	"ANAPC2"	0.5055
"PPP3CC"	"PPP1R1B"	0.6105
"PPP3CC"	"EPHB3"	0.42975
"PPP3CC"	"BIN2"	0.24275
"PPP3CC"	"RIPK1"	0.4495
"PPP3CC"	"CABP2"	0.3025
"PPP3CC"	"FKBP1C"	NA
"PPP3CC"	"STK11"	0.449
"PPP3CC"	"PIM2"	0.69175
"PPP3CC"	"TYRO3"	0.3745
"PPP3CC"	"AP2A1"	0.3495
"PPP3CC"	"MYL6"	0.33525
"PPP3CC"	"PRKCG"	0.4125
"PPP3CC"	"CRTC2"	0.39525
"GJA8"	"CACNA1H"	0.8255
"MYOG"	"SRF"	0.53375
"MYOG"	"AKT1"	0.5105
"MYOG"	"PRMT5"	0.50125
"MYOG"	"NES"	0.27125
"MYOG"	"DYRK1B"	0.73925
"MYOG"	"TNF"	0.1675
"MYOG"	"MEF2D"	0.56275
"MYOG"	"SP1"	0.66475
"MYOG"	"CTF1"	0.16
"NPY"	"GNB1"	0.41275
"NPY"	"FFAR2"	0.2055
"NPY"	"ACHE"	0.54775
"NPY"	"STAT3"	0.325
"NPY"	"NPW"	0.78175
"NPY"	"GNB2"	0.4375
"NPY"	"PNMT"	0.327
"NPY"	"ADCY1"	0.47875
"NPY"	"GNAI2"	0.41625
"NPY"	"DBH"	0.527
"NPY"	"CXCR4"	0.398
"NPY"	"CALB2"	0.26925
"NPY"	"CORT"	0.57925
"NPY"	"GRM4"	0.2975
"NPY"	"ASIP"	0.80175
"NPY"	"HTR3A"	0.1775
"NPY"	"TH"	0.28625
"NPY"	"TNF"	0.41025
"NPY"	"CD63"	0.40675
"NPY"	"PF4"	0.5115
"CNTFR"	"IL13"	0.186
"CNTFR"	"STAT3"	0.3555
"CNTFR"	"CTF1"	0.394
"CNTFR"	"IL6R"	0.676
"UNG"	"APEX2"	0.60075
"UNG"	"GGT1"	0.2675
"UNG"	"SH3GL1"	0.3485
"UNG"	"CDA"	0.36925
"UNG"	"MCL1"	0.53525
"UNG"	"RRM2"	0.399
"SEC61A1"	"EEF2"	0.45775
"SEC61A1"	"RPL7"	0.4535
"SEC61A1"	"PCSK4"	0.31525
"SEC61A1"	"RPS21"	0.397
"SEC61A1"	"UQCRC2"	0.38
"SEC61A1"	"RPL27A"	0.693
"SEC61A1"	"RPL11"	0.47125
"SEC61A1"	"MRPL16"	0.3505
"SEC61A1"	"RPLP2"	0.4785
"SEC61A1"	"RPS9"	0.446
"SEC61A1"	"RPS2"	0.465
"SEC61A1"	"RPL10"	0.63475
"SEC61A1"	"RPL37"	0.433
"SEC61A1"	"RPL37A"	0.394
"SEC61A1"	"MRPS12"	0.31325
"SEC61A1"	"RPL41"	0.41125
"SEC61A1"	"DYRK1B"	0.40925
"SEC61A1"	"UFD1L"	NA
"SEC61A1"	"RPLP0"	0.51
"SEC61A1"	"RPL30"	0.43625
"SEC61A1"	"RPL14"	0.485
"SEC61A1"	"SURF4"	0.5815
"SEC61A1"	"RPL35"	0.5205
"SEC61A1"	"RPS23"	0.6045
"SEC61A1"	"RPL32"	0.5125
"SEC61A1"	"TNF"	0.37275
"SEC61A1"	"ASNA1"	0.539
"SEC61A1"	"RPL8"	0.4275
"SEC61A1"	"RPL4"	0.536
"SEC61A1"	"DDOST"	0.625
"SEC61A1"	"OS9"	0.65475
"SEC61A1"	"MRPL17"	0.3505
"SEC61A1"	"RPL36AL"	0.64575
"SEC61A1"	"RPL18"	0.571
"SEC61A1"	"RPL15"	0.43075
"SEC61A1"	"RPL13A"	0.43575
"SEC61A1"	"RPN1"	0.75875
"CHPF"	"B3GAT3"	0.8485
"CHPF"	"EXT2"	0.8485
"PI3"	"TYRO3"	0.274
"PI3"	"STAT5A"	0.353
"PI3"	"EIF4EBP1"	0.41225
"PI3"	"ANXA5"	0.53925
"PI3"	"SH3GL1"	0.37125
"PI3"	"CTNNBL1"	0.20775
"PI3"	"SERPINB5"	0.528
"PI3"	"ZFYVE1"	0.22575
"PI3"	"MCL1"	0.35975
"PI3"	"ALOX5AP"	0.2615
"PI3"	"HRAS"	0.44825
"PI3"	"STAT3"	0.366
"PI3"	"WDTC1"	0.236
"PI3"	"AKT1"	0.35175
"PI3"	"TNF"	0.4255
"PEPD"	"EIF5A"	0.40975
"PEPD"	"CNDP2"	0.687
"PEPD"	"SARDH"	0.41275
"TREM1"	"TNF"	0.76725
"TREM1"	"KIR2DL1"	0.76725
"CLPP"	"MDH2"	0.58275
"THOC2"	"MCM3AP"	0.39775
"THOC2"	"CPSF1"	0.5085
"THOC2"	"NR5A1"	0.50975
"THOC2"	"THOC6"	0.831
"THOC2"	"POM121"	0.48725
"THOC2"	"NUP210"	0.33075
"RTN2"	"CSAD"	NA
"SLURP1"	"LY6H"	0.61825
"FFAR2"	"PROK2"	0.14975
"FFAR2"	"GNAI2"	0.35825
"FFAR2"	"ADRBK1"	NA
"FFAR2"	"P2RY11"	0.79625
"FFAR2"	"PLCB2"	0.196
"FFAR2"	"GNB1"	0.4375
"FFAR2"	"PLCB3"	0.1785
"FFAR2"	"UTS2R"	0.756
"FFAR2"	"GNB2"	0.35375
"CFP"	"THSD1"	0.3035
"CFP"	"ADAMTS13"	0.5275
"CFP"	"ADAMTS4"	0.556
"CFP"	"FCN1"	0.586
"CFP"	"ADAMTSL2"	NA
"COX7C"	"HCFC1"	0.31675
"COX7C"	"RPL37A"	0.3055
"COX7C"	"HINT1"	0.3335
"COX7C"	"RPS21"	0.31575
"COX7C"	"UQCRC2"	0.796
"COX7C"	"RPL11"	0.353
"COX7C"	"UQCRQ"	0.82575
"COX7C"	"COX5A"	0.851
"COX7C"	"RPL30"	0.301
"COX7C"	"RPL35"	0.35
"COX7C"	"UBL5"	0.373
"COX7C"	"FAU"	NA
"COX7C"	"TBCA"	0.337
"HSPB1"	"STAT3"	0.50725
"HSPB1"	"AKT1"	0.5835
"HSPB1"	"ANXA5"	0.626
"HSPB1"	"DAXX"	0.5055
"HSPB1"	"PFDN2"	0.4855
"HSPB1"	"CRK"	0.62975
"HSPB1"	"NDUFV1"	0.41725
"HSPB1"	"MSN"	0.52225
"HSPB1"	"ACTA1"	0.50925
"HSPB1"	"HN1"	NA
"HSPB1"	"PPP2R4"	NA
"HSPB1"	"TNF"	0.34475
"DGCR6L"	"UFD1L"	NA
"DGCR6L"	"PRODH"	NA
"DGCR6L"	"TBX1"	NA
"GGT1"	"CSAD"	NA
"GGT1"	"TBX1"	0.33825
"GGT1"	"MGAM"	0.67475
"GGT1"	"GCAT"	0.26875
"GGT1"	"HRAS"	0.38
"GGT1"	"FOXM1"	0.28975
"GGT1"	"AKT1"	0.4085
"GGT1"	"TXNRD2"	0.22875
"GGT1"	"ITGA2B"	0.61975
"GGT1"	"CNDP2"	0.5105
"GGT1"	"TNF"	0.58075
"GGT1"	"GLUD2"	0.27175
"GGT1"	"GSTM1"	0.3465
"GGT1"	"GCLM"	0.12975
"GGT1"	"RPL27A"	0.31675
"GGT1"	"S100A12"	0.51425
"GGT1"	"ANXA5"	0.50975
"GGT1"	"SDHC"	0.2955
"PIAS1"	"DAXX"	0.65175
"PIAS1"	"MTA1"	0.55875
"PIAS1"	"IL6R"	0.1095
"PIAS1"	"RANGAP1"	0.39375
"PIAS1"	"STAT3"	0.54025
"PIAS1"	"STAT5A"	0.59575
"PIAS1"	"STAT4"	0.59575
"PIAS1"	"GTF2H4"	0.61275
"PIAS1"	"AKT1"	0.4835
"PIAS1"	"MSX1"	0.7155
"PIAS1"	"UBE2R2"	0.279
"CD68"	"IFI30"	0.394
"CD68"	"CXCR4"	0.461
"CD68"	"SIGLEC1"	0.5435
"CD68"	"TNF"	0.448
"CD68"	"CD207"	0.57225
"CD68"	"SPN"	0.439
"CD68"	"CD7"	0.63075
"CD68"	"IL13"	0.13525
"CD68"	"VWF"	0.33875
"CD68"	"TNFSF13"	0.29575
"CD68"	"AKT1"	0.4275
"CHRNA10"	"CHRNG"	0.7455
"KLF16"	"FOXK1"	0.73925
"KLF16"	"SIN3B"	0.73925
"CNGB1"	"CNGA2"	0.75025
"SEC14L5"	"B3GAT3"	NA
"PHC1"	"ANAPC2"	0.6425
"PHC1"	"HIST1H2AC"	0.57975
"PHC1"	"TFCP2"	0.5665
"PHC1"	"PRMT5"	0.537
"PHC1"	"PCGF6"	0.844
"BST2"	"LILRA4"	0.3455
"BST2"	"IFIT2"	0.427
"BST2"	"RIPK1"	0.45175
"BST2"	"IRF3"	0.3975
"BST2"	"TREX1"	0.4415
"BST2"	"TRIM22"	0.45125
"BST2"	"ADAR"	0.4345
"BST2"	"IRF7"	0.49725
"BST2"	"IRF2"	0.31675
"BST2"	"IFITM1"	0.393
"BST2"	"HLA-G"	0.54325
"LSM7"	"PCBP2"	0.46425
"LSM7"	"KLC2"	0.44575
"LSM7"	"GTF2F1"	0.4705
"LSM7"	"POLR2L"	0.5185
"LSM7"	"LSM2"	0.833
"LSM7"	"CPSF1"	0.46625
"LSM7"	"EEF2"	0.48475
"LSM7"	"LSMD1"	NA
"LSM7"	"XAB2"	0.5995
"LSM7"	"CTNNBL1"	0.572
"LSM7"	"RPL35"	0.473
"LSM7"	"PCBP1"	0.51475
"LSM7"	"FAU"	NA
"ACTN4"	"MYL6"	0.49675
"ACTN4"	"GNB2"	0.54325
"ACTN4"	"TMSB4X"	0.57575
"ACTN4"	"NDUFB10"	0.243
"ACTN4"	"LIMS2"	0.3525
"ACTN4"	"TRIM3"	0.69175
"ACTN4"	"APOL1"	0.41225
"ACTN4"	"CALML5"	0.49725
"ACTN4"	"ACTA1"	0.52225
"ACTN4"	"SQSTM1"	0.50875
"ACTN4"	"LIMD1"	0.532
"ACTN4"	"TPM2"	0.38725
"ACTN4"	"CABP2"	0.2515
"ACTN4"	"SOS1"	0.3385
"ACTN4"	"VWF"	0.49475
"ACTN4"	"VEGFB"	0.4375
"ACTN4"	"MIB2"	0.34275
"ACTN4"	"AKT1"	0.54525
"ACTN4"	"ITGA2B"	0.39375
"ACTN4"	"CALB2"	0.3905
"ACTN4"	"SLC9A3R2"	0.40875
"ACTN4"	"CAMK2A"	0.46775
"ACTN4"	"PIP5K1C"	0.4615
"ACTN4"	"DNM2"	0.47025
"ACTN4"	"PF4"	0.49225
"ACTN4"	"TNNT3"	0.355
"ARPC1B"	"PSMA7"	0.41525
"ARPC1B"	"ARPC5"	0.703
"ARPC1B"	"EPHB3"	0.39525
"ARPC1B"	"ARPC4"	0.64925
"ARPC1B"	"ACTA1"	0.57
"GDF15"	"TSPAN4"	0.31175
"GDF15"	"PITX1"	0.42175
"GDF15"	"AKT1"	0.48525
"GDF15"	"TNF"	0.4225
"TNNI2"	"CHRNG"	0.193
"TNNI2"	"MYL6"	0.454
"TNNI2"	"TCAP"	0.6515
"TNNI2"	"MYL3"	0.6485
"TNNI2"	"CALB2"	0.46425
"TNNI2"	"TNNI1"	0.746
"TNNI2"	"KCNIP2"	0.33675
"TNNI2"	"TNNT2"	0.7435
"TNNI2"	"ACTA1"	0.46825
"TNNI2"	"CALML5"	0.44375
"TNNI2"	"CABP2"	0.31275
"TNNI2"	"TNNT3"	0.746
"TNNI2"	"TPM2"	0.65525
"TUBGCP2"	"CSNK1E"	0.4405
"TUBGCP2"	"TUBB2B"	0.575
"TUBGCP2"	"KIFC1"	0.56375
"TUBGCP2"	"AZI1"	NA
"TUBGCP2"	"PCNT"	0.7015
"TUBGCP2"	"TUBB"	0.471
"TUBGCP2"	"KIF25"	0.5605
"TUBGCP2"	"DYNC1H1"	0.60425
"TUBGCP2"	"PLK1"	0.60025
"TUBGCP2"	"NUMA1"	0.56825
"HBZ"	"HBD"	0.73875
"HBZ"	"PAH"	0.403
"HBZ"	"SP1"	0.25375
"HBZ"	"AMBP"	0.42575
"HBZ"	"TH"	0.267
"HBZ"	"HBE1"	0.73875
"HBZ"	"ECHS1"	0.1865
"LAMA5"	"RAPSN"	0.156
"LAMA5"	"ITGA2B"	0.487
"LAMA5"	"ACTA1"	0.41925
"PPP1R1B"	"CXCR4"	0.338
"PPP1R1B"	"CALB2"	0.419
"PPP1R1B"	"CSNK2B"	0.3845
"PPP1R1B"	"TH"	0.4025
"PPP1R1B"	"PPP2R4"	NA
"NUP210"	"INCENP"	0.3235
"NUP210"	"RANGAP1"	0.5105
"NUP210"	"GEMIN4"	0.39475
"NUP210"	"GEMIN7"	0.3285
"NUP210"	"OS9"	0.40875
"NUP210"	"CPSF1"	0.38275
"NUP210"	"NES"	0.23075
"NUP210"	"THOC6"	0.35425
"NUP210"	"NONO"	0.463
"NUP210"	"POM121"	0.735
"NUP210"	"NPM1"	0.393
"ILKAP"	"EPHB3"	0.35625
"ILKAP"	"RIPK1"	0.40175
"ILKAP"	"LIMK2"	0.613
"ILKAP"	"TYRO3"	0.439
"ILKAP"	"STK11"	0.6075
"ILKAP"	"PIM2"	0.49275
"ILKAP"	"HCK"	0.449
"SCLY"	"HYI"	NA
"SCLY"	"TXNRD2"	0.788
"HSPBP1"	"BRSK1"	0.69175
"TMEM66"	"RPN1"	NA
"TMEM66"	"OS9"	NA
"ITIH5"	"SLC3A2"	NA
"HRK"	"BBC3"	0.812
"HRK"	"BAD"	0.812
"HRK"	"MCL1"	0.812
"POM121"	"RANGAP1"	0.56725
"POM121"	"INCENP"	0.43725
"POM121"	"GEMIN4"	0.43075
"POM121"	"NPM1"	0.42125
"POM121"	"GEMIN7"	0.4615
"POM121"	"THOC6"	0.51775
"POM121"	"CPSF1"	0.56975
"CD63"	"VWF"	0.45975
"CD63"	"ANXA5"	0.4535
"CD63"	"ITGA2B"	0.61
"CD63"	"CXCR4"	0.65825
"CD63"	"LAMP1"	0.717
"CD63"	"TGOLN2"	0.521
"CD63"	"SLC29A2"	0.365
"MPHOSPH6"	"RPL37"	0.302
"MPHOSPH6"	"RPL37A"	0.4255
"MPHOSPH6"	"RPL7"	0.4525
"MPHOSPH6"	"RPL27A"	0.3215
"MPHOSPH6"	"RPL41"	0.304
"MPHOSPH6"	"RPL11"	0.4935
"MPHOSPH6"	"RPLP0"	0.37925
"MPHOSPH6"	"RPS9"	0.49225
"MPHOSPH6"	"RPLP2"	0.2805
"MPHOSPH6"	"RPL14"	0.29275
"MPHOSPH6"	"RPL30"	0.38325
"MPHOSPH6"	"RPL35"	0.464
"MPHOSPH6"	"RPS2"	0.464
"MPHOSPH6"	"RPL18"	0.46575
"MPHOSPH6"	"RPL32"	0.2935
"MPHOSPH6"	"RPL4"	0.44675
"MPHOSPH6"	"RPL36AL"	0.44575
"MPHOSPH6"	"RPL15"	0.4765
"MPHOSPH6"	"RPL13A"	0.44525
"MPHOSPH6"	"RPL8"	0.2595
"MPHOSPH6"	"EXOSC3"	0.72875
"MPHOSPH6"	"EXOSC7"	0.758
"MPHOSPH6"	"RPL10"	0.43675
"CAB39"	"RTN4RL2"	0.39975
"CAB39"	"CAMKK2"	0.42375
"CAB39"	"UBL5"	0.34225
"CAB39"	"STK11"	0.52925
"CAB39"	"OPTC"	0.36925
"CAB39"	"STK24"	0.54875
"CAB39"	"CHAD"	0.35925
"CAB39"	"BRSK1"	0.39375
"CAB39"	"DCXR"	0.45
"CAB39"	"LRG1"	0.62775
"CAB39"	"IGFALS"	0.54675
"CAB39"	"GP9"	0.165
"THSD1"	"ADAMTS4"	0.19775
"THSD1"	"ADAMTS13"	0.29
"THSD1"	"ADAMTSL2"	NA
"CHAD"	"EEF1G"	0.3415
"CHAD"	"RASL10B"	NA
"CHAD"	"GNB2"	0.33825
"CHAD"	"LRRC20"	NA
"CHAD"	"GNB1"	0.323
"CHAD"	"HRAS"	0.13625
"CHAD"	"DIRAS3"	NA
"CHAD"	"DIRAS2"	0.1385
"CHAD"	"GNAI2"	0.2975
"CHAD"	"ITGA2B"	0.39975
"RPL35"	"RPS23"	0.68525
"RPL35"	"EEF1G"	0.5635
"RPL35"	"SLC3A2"	0.549
"RPL35"	"RPL32"	0.72425
"RPL35"	"RPL7"	0.6415
"RPL35"	"HINT1"	0.55025
"RPL35"	"EIF4A2"	0.42625
"RPL35"	"SDSL"	0.788
"RPL35"	"EIF5A"	0.55525
"RPL35"	"FAU"	NA
"RPL35"	"RPL8"	0.5655
"RPL35"	"EXOSC7"	0.47075
"RPL35"	"RPL37"	0.652
"RPL35"	"RPL11"	0.682
"RPL35"	"RPL27A"	0.69725
"RPL35"	"RPS21"	0.652
"RPL35"	"RPLP2"	0.6155
"RPL35"	"MRPL16"	0.51
"RPL35"	"RPS9"	0.63825
"RPL35"	"RPS2"	0.6025
"RPL35"	"DDOST"	0.45925
"RPL35"	"RPL4"	0.619
"RPL35"	"RPL36AL"	0.66225
"RPL35"	"RPL18"	0.67225
"RPL35"	"EEF2"	0.50675
"RPL35"	"RPL15"	0.66575
"RPL35"	"RPN1"	0.51575
"RPL35"	"RPL13A"	0.663
"RPL35"	"GSPT2"	0.43625
"RPL35"	"MRPL17"	0.51
"RPL35"	"EXOSC3"	0.5115
"RPL35"	"RPL10"	0.62325
"RPL35"	"RPL37A"	0.54675
"RPL35"	"MRPS12"	0.51475
"RPL35"	"SMG6"	0.567
"RPL35"	"RPL41"	0.64675
"RPL35"	"RPLP0"	0.5305
"RPL35"	"RPL14"	0.62375
"RPL35"	"RPL30"	0.57975
"FRS3"	"HRAS"	0.76725
"FRS3"	"CRK"	0.243
"FRS3"	"HCK"	0.76725
"FRS3"	"SOS1"	0.76725
"RIPK1"	"TRAF5"	0.5005
"RIPK1"	"BID"	0.54575
"RIPK1"	"DAXX"	0.37825
"RIPK1"	"NFKBIB"	0.788
"RIPK1"	"SQSTM1"	0.366
"RIPK1"	"USP2"	0.31225
"RIPK1"	"NTAN1"	NA
"RIPK1"	"TNF"	0.324
"RIPK1"	"UBE2V1"	0.4725
"RIPK1"	"NFKB2"	0.4235
"RIPK1"	"IRF3"	0.418
"TUBB2B"	"KIF25"	0.601
"TUBB2B"	"ARF1"	0.359
"TUBB2B"	"KIFC1"	0.6275
"TUBB2B"	"KIF1A"	0.44475
"TUBB2B"	"DYNC1LI1"	0.46
"TUBB2B"	"PFDN2"	0.487
"TUBB2B"	"CALML5"	0.48775
"TUBB2B"	"ACTA1"	0.4195
"TUBB2B"	"CABP2"	0.31875
"TUBB2B"	"TBCA"	0.6825
"TUBB2B"	"OBSCN"	0.518
"TUBB2B"	"DYNC1H1"	0.50825
"TUBB2B"	"PLK1"	0.60125
"TUBB2B"	"PFDN1"	NA
"TUBB2B"	"CALB2"	0.39275
"TUBB2B"	"DNAH11"	0.5975
"TUBB2B"	"EEF1G"	0.48825
"TUBB2B"	"FAU"	NA
"GTF2H4"	"XAB2"	0.49125
"GTF2H4"	"PIAS3"	0.7955
"GTF2H4"	"GTF2F1"	0.66375
"GTF2H4"	"POLR2L"	0.6495
"GTF2H4"	"POLR2J2"	0.7395
"GTF2H4"	"POLD3"	0.60625
"GTF2H4"	"TAF1C"	0.57
"GTF2H4"	"DDX11"	0.4735
"USP2"	"ZFYVE1"	0.2785
"USP2"	"RHPN1"	0.49275
"USP2"	"TNF"	0.1975
"USP2"	"FAU"	NA
"PLCB2"	"P2RY11"	0.196
"PLCB2"	"PLCB3"	0.788
"PLCB2"	"PIP5K1C"	0.788
"PLCB2"	"CAMK2A"	0.788
"PLCB2"	"TAS1R1"	0.196
"PLCB2"	"GNB2"	0.788
"PLCB2"	"PIK3R5"	0.788
"PLCB2"	"PRKCG"	0.788
"PLCB2"	"UTS2R"	0.2025
"PLCB2"	"CALML5"	0.49675
"PLCB2"	"GNB1"	0.788
"PLCB2"	"PLCD1"	0.788
"PLCB2"	"PROK2"	0.13975
"PLCB2"	"GNAI2"	0.788
"SIX3"	"ENTPD2"	0.256
"SIX3"	"LHX2"	NA
"SIX3"	"MTA1"	0.46575
"SIX3"	"FGF8"	0.16
"SIX3"	"GBX2"	NA
"SIX3"	"WDTC1"	0.601
"VWF"	"HRAS"	0.3325
"VWF"	"GATA2"	0.31375
"VWF"	"ARRB2"	0.41475
"VWF"	"VEGFB"	0.71125
"VWF"	"GP9"	0.1175
"VWF"	"TMSB4X"	0.60675
"VWF"	"AKT1"	0.3725
"VWF"	"ANXA5"	0.481
"VWF"	"WDTC1"	0.419
"VWF"	"ITGA2B"	0.57
"VWF"	"COX5A"	0.17625
"VWF"	"NONO"	0.26525
"VWF"	"TNF"	0.39025
"VWF"	"ADAMTS13"	0.5015
"VWF"	"PF4"	0.622
"VWF"	"SOS1"	0.25925
"VWF"	"CXCR4"	0.4345
"VWF"	"CRK"	0.48525
"PPP2R5A"	"PSME4"	0.481
"PPP2R5A"	"RANGAP1"	0.47175
"PPP2R5A"	"HRAS"	0.48975
"PPP2R5A"	"INCENP"	0.48
"PPP2R5A"	"PSMA7"	0.48425
"PPP2R5A"	"ARRB2"	0.5305
"PPP2R5A"	"AKT1"	0.6
"PPP2R5A"	"PLK1"	0.5505
"PPP2R5A"	"CENPH"	0.50975
"PPP2R5A"	"CACNA2D4"	0.26725
"PPP2R5A"	"PPP2R4"	NA
"PPP2R5A"	"NUDC"	0.48525
"PPP2R5A"	"PSMB4"	0.503
"TRAF5"	"NFKB2"	0.39975
"TRAF5"	"TNFSF13"	0.3455
"TRAF5"	"TNF"	0.352
"TRAF5"	"TNFRSF13B"	0.44275
"USP22"	"HIST1H2AC"	0.55975
"USP22"	"ATXN7L3"	0.70325
"USP22"	"ATXN7L2"	NA
"USP22"	"FOXM1"	0.7955
"USP22"	"HIST1H2AA"	0.45075
"LPIN2"	"AGPAT1"	0.6085
"LPIN2"	"ZNF148"	0.578
"LPIN2"	"PPAP2C"	NA
"CYBA"	"HRAS"	0.4775
"CYBA"	"TNF"	0.47225
"CYBA"	"VAV1"	0.4355
"CYBA"	"AKT1"	0.47975
"TNFRSF13B"	"TNFSF13"	0.243
"TNFRSF13B"	"TNF"	0.76725
"PFDN1"	"NUBP2"	NA
"PFDN1"	"PFDN2"	NA
"CYP46A1"	"POR"	0.614
"CYP46A1"	"LSS"	0.599
"CYP46A1"	"CHDH"	0.2975
"MARS"	"RPL27A"	0.52925
"MARS"	"RPL11"	0.65825
"MARS"	"RPL13A"	0.53975
"MARS"	"GSPT2"	0.365
"MARS"	"DALRD3"	NA
"MARS"	"EIF5A"	0.5445
"MARS"	"RPL8"	0.43175
"MARS"	"TXLNA"	0.605
"MARS"	"RPS9"	0.61775
"MARS"	"RPS2"	0.5895
"MARS"	"RPL10"	0.521
"MARS"	"RPL4"	0.6085
"MARS"	"PGK1"	0.596
"MARS"	"EEF2"	0.58825
"MARS"	"RPLP0"	0.5295
"MARS"	"EEF1G"	0.633
"MARS"	"FAU"	NA
"SMARCD3"	"STK11"	0.47975
"SMARCD3"	"PRMT5"	0.51925
"SMARCD3"	"ACTA1"	0.2685
"SMARCD3"	"CKS1B"	0.52525
"SMARCD3"	"NR5A1"	0.568
"SMARCD3"	"TBX5"	0.51975
"SMARCD3"	"HDAC3"	0.4795
"SMARCD3"	"CYP4A11"	0.35775
"PKMYT1"	"DUSP23"	0.53525
"PKMYT1"	"BRSK1"	0.492
"PKMYT1"	"CDC25A"	0.61675
"PKMYT1"	"FOXM1"	0.7955
"PKMYT1"	"PLK1"	0.5015
"PKMYT1"	"PRMT5"	0.6295
"PKMYT1"	"CAMKK2"	0.44125
"PKMYT1"	"MYT1"	0.62325
"PKMYT1"	"RRM2"	0.788
"PKMYT1"	"FAU"	NA
"PKMYT1"	"CKS1B"	0.4135
"NUBP2"	"PTMS"	0.279
"NUBP2"	"NUDC"	0.788
"NUBP2"	"TNNT3"	0.788
"CHTF18"	"DDX11"	0.515
"ITGA2B"	"CRK"	0.4015
"ITGA2B"	"LIMS2"	0.15175
"ITGA2B"	"HRAS"	0.36925
"ITGA2B"	"IL13"	0.41725
"ITGA2B"	"GATA2"	0.25075
"ITGA2B"	"STAT5A"	0.2075
"ITGA2B"	"ARRB2"	0.443
"ITGA2B"	"GP9"	0.38325
"ITGA2B"	"CD7"	0.40225
"ITGA2B"	"AKT1"	0.39675
"ITGA2B"	"RASGRP2"	0.33775
"ITGA2B"	"ANXA5"	0.45875
"ITGA2B"	"SLAMF1"	0.8255
"ITGA2B"	"WDTC1"	0.30025
"ITGA2B"	"GIT1"	0.272
"ITGA2B"	"TNF"	0.639
"ITGA2B"	"COL9A3"	0.404
"ITGA2B"	"PF4"	0.4905
"ITGA2B"	"SOS1"	0.3445
"INVS"	"TUBB"	NA
"INVS"	"AKT1"	NA
"INVS"	"MTA2"	NA
"INVS"	"ANAPC2"	NA
"RPL8"	"RPL11"	0.56175
"RPL8"	"RPL7"	0.71475
"RPL8"	"SLC3A2"	0.42775
"RPL8"	"RPS21"	0.5525
"RPL8"	"RPL27A"	0.56625
"RPL8"	"RPL4"	0.57475
"RPL8"	"DDOST"	0.393
"RPL8"	"RPLP2"	0.64
"RPL8"	"MRPL16"	0.4125
"RPL8"	"RPS9"	0.58225
"RPL8"	"RPS2"	0.58025
"RPL8"	"RPL36AL"	0.5275
"RPL8"	"RPL18"	0.65475
"RPL8"	"RPL15"	0.52425
"RPL8"	"RPN1"	0.42475
"RPL8"	"RPL13A"	0.62025
"RPL8"	"ATP5G2"	NA
"RPL8"	"MRPL17"	0.4125
"RPL8"	"ATP5G1"	NA
"RPL8"	"GSPT2"	0.3305
"RPL8"	"EEF2"	0.42725
"RPL8"	"RPL10"	0.51675
"RPL8"	"EXOSC3"	0.347
"RPL8"	"RPL37"	0.5
"RPL8"	"RPL37A"	0.56475
"RPL8"	"MRPS12"	0.4085
"RPL8"	"SMG6"	0.3865
"RPL8"	"RPL41"	0.57325
"RPL8"	"RPLP0"	0.688
"RPL8"	"RPL30"	0.75925
"RPL8"	"RPL14"	0.687
"RPL8"	"EEF1G"	0.43275
"RPL8"	"RPS23"	0.59625
"RPL8"	"RPL32"	0.6415
"RPL8"	"PSTPIP1"	0.472
"RPL8"	"EIF4A2"	0.33425
"RPL8"	"SDSL"	0.788
"RPL8"	"EIF5A"	0.4265
"RPL8"	"FAU"	NA
"RPL8"	"EXOSC7"	0.3265
"ZBTB32"	"TYRO3"	0.41775
"ZBTB32"	"PCNT"	0.28725
"ZBTB32"	"NES"	0.31825
"ZBTB32"	"SH3GL1"	0.28725
"ZBTB32"	"MCL1"	0.4025
"ZBTB32"	"AMBP"	0.2155
"ZBTB32"	"GATA2"	0.6855
"ZBTB32"	"HELT"	0.73925
"ZBTB32"	"POLD3"	0.6745
"ZBTB32"	"FANCG"	0.51625
"ZBTB32"	"MTA2"	0.50625
"ZBTB32"	"HDAC3"	0.46825
"ZBTB32"	"NDP"	0.1595
"MOV10L1"	"SMG6"	0.44975
"KCNQ4"	"CACNA1A"	0.4875
"KCNQ4"	"KCNE1"	0.52675
"TJP3"	"CLDN6"	0.55825
"TJP3"	"F11R"	0.58475
"SCARF1"	"KLHDC3"	0.275
"SCARF1"	"STAB1"	0.7775
"SCARF1"	"CRK"	0.3025
"SMG6"	"RPL7"	0.57275
"SMG6"	"RPS21"	0.55075
"SMG6"	"RPL27A"	0.46825
"SMG6"	"RPL11"	0.57025
"SMG6"	"RPLP2"	0.41925
"SMG6"	"RPS9"	0.57975
"SMG6"	"RPS2"	0.51525
"SMG6"	"RPL4"	0.56075
"SMG6"	"RPL36AL"	0.5465
"SMG6"	"RPL18"	0.5465
"SMG6"	"RPL15"	0.5895
"SMG6"	"GSPT2"	0.394
"SMG6"	"RPL13A"	0.561
"SMG6"	"RPL10"	0.51525
"SMG6"	"RPL37"	0.48825
"SMG6"	"RPL37A"	0.52525
"SMG6"	"RPL41"	0.47925
"SMG6"	"RPLP0"	0.4925
"SMG6"	"RPL30"	0.4715
"SMG6"	"RPL14"	0.42925
"SMG6"	"RPL32"	0.452
"SMG6"	"RPS23"	0.52125
"ABCA7"	"FXYD2"	0.48075
"UFD1L"	"DGCR6"	NA
"UFD1L"	"FAU"	NA
"UFD1L"	"TXLNA"	NA
"UFD1L"	"DPH5"	NA
"UFD1L"	"OS9"	NA
"UFD1L"	"BET1L"	NA
"UBE2R2"	"ASB2"	0.788
"UBE2R2"	"ANAPC2"	0.788
"UBE2R2"	"RNF149"	0.16425
"UBE2R2"	"RANGAP1"	0.788
"UBE2R2"	"SOCS1"	0.788
"UBE2R2"	"MIB2"	0.788
"UBE2R2"	"OS9"	0.39175
"UBE2R2"	"HECTD3"	0.3225
"UBE2R2"	"RNF130"	0.49275
"UBE2R2"	"FAU"	NA
"UBE2R2"	"DTX3L"	0.788
"UBE2R2"	"UBE2V1"	0.788
"ZC3H7B"	"PAIP2"	NA
"P2RX3"	"HTR3A"	0.5525
"P2RX3"	"ENTPD2"	0.446
"P2RX3"	"TRPV2"	0.61675
"P2RX3"	"P2RY11"	0.61675
"PRKCG"	"GNAI2"	0.41725
"PRKCG"	"CREB3L1"	0.35825
"PRKCG"	"CRK"	0.3765
"PRKCG"	"PLCB3"	0.37325
"PRKCG"	"F11R"	0.26625
"PRKCG"	"ATP6AP1"	0.2475
"PRKCG"	"CACNA1A"	0.576
"PRKCG"	"AP2A1"	0.439
"PRKCG"	"GNB2"	0.491
"PRKCG"	"PAX8"	0.2275
"PRKCG"	"ADRBK1"	NA
"PRKCG"	"RHOG"	0.515
"PRKCG"	"SPHK1"	0.58825
"PRKCG"	"ACTA1"	0.30775
"PRKCG"	"HRAS"	0.56275
"PRKCG"	"PLCD1"	0.53
"PRKCG"	"RHOBTB1"	0.54275
"CDON"	"DHH"	NA
"CDON"	"MEF2D"	0.24125
"BARHL1"	"LHX2"	NA
"POLD3"	"KIAA0101"	NA
"POLD3"	"POLR2L"	0.601
"POLD3"	"XAB2"	0.49475
"TYRO3"	"ECE1"	0.461
"TYRO3"	"SH3GL1"	0.34875
"TYRO3"	"CTNNBL1"	0.4545
"TYRO3"	"MCL1"	0.5045
"TYRO3"	"AMBP"	0.379
"TYRO3"	"SOCS1"	0.46425
"TYRO3"	"MICAL1"	0.3665
"TYRO3"	"TNF"	0.48725
"TYRO3"	"KCNE1"	0.49825
"VAMP8"	"AP2A1"	0.637
"VAMP8"	"ARF1"	0.53675
"VAMP8"	"ARRB2"	0.58825
"VAMP8"	"RAB5B"	0.67175
"VAMP8"	"TGOLN2"	0.57
"VAMP8"	"SH3GL1"	0.33975
"VAMP8"	"ARPC4"	0.44775
"VAMP8"	"IGF2R"	0.661
"VAMP8"	"RAB5C"	0.6645
"VAMP8"	"FTL"	0.59025
"VAMP8"	"SYT8"	0.49725
"VAMP8"	"BLOC1S3"	0.43825
"VAMP8"	"ARPC5"	0.50725
"VAMP8"	"BET1L"	0.57725
"VAMP8"	"LAMP1"	0.71825
"VAMP8"	"DNM2"	0.52375
"VAMP8"	"HLA-G"	0.61975
"PVRL1"	"WNT10B"	NA
"PVRL1"	"MGAT3"	NA
"PDCL3"	"TUBB"	0.4195
"PDCL3"	"PLP2"	0.33325
"THRA"	"PIK3R5"	0.4085
"THRA"	"TXNRD2"	0.522
"THRA"	"RQCD1"	NA
"THRA"	"HDAC3"	0.55675
"STAT3"	"IRF7"	0.645
"STAT3"	"HCK"	0.56025
"STAT3"	"ANXA5"	0.46325
"STAT3"	"ZNF148"	0.54975
"STAT3"	"SDHC"	0.369
"STAT3"	"CXCR4"	0.44425
"STAT3"	"DAXX"	0.65225
"STAT3"	"DYRK1B"	0.73925
"STAT3"	"MCL1"	0.57325
"STAT3"	"IL6R"	0.332
"STAT3"	"KPNA6"	0.62025
"STAT3"	"NPM1"	0.56825
"STAT3"	"CTF1"	0.17225
"STAT3"	"PPP2R4"	NA
"STAT3"	"TNF"	0.35575
"STAT3"	"BATF"	0.61525
"STAT3"	"HDAC3"	0.62925
"STAT3"	"SLC39A4"	0.45925
"STAT3"	"SP1"	0.558
"STAT3"	"IRF3"	0.65775
"STAT3"	"PIAS3"	0.7955
"STAT3"	"CSF3R"	0.39025
"STAT3"	"STAT5A"	0.60175
"STAT3"	"STAT4"	0.60175
"STAT3"	"EIF4EBP1"	0.472
"STAT3"	"FOXM1"	0.7955
"STAT3"	"MTA1"	0.63775
"STAT3"	"NES"	0.4215
"STAT3"	"STK11"	0.64
"STAT3"	"HRAS"	0.56575
"STAT3"	"NFKB2"	0.61825
"STAT3"	"SOCS1"	0.595
"STAT3"	"IL13"	0.138
"STAT3"	"GATA2"	0.61525
"STAT3"	"IL7R"	0.39175
"STAT3"	"DIRAS3"	NA
"STAT3"	"IL32"	0.4555
"STAT3"	"AKT1"	0.65975
"STAT3"	"ECHS1"	0.38575
"STAT3"	"SLC9A3R2"	0.34375
"STAT3"	"TBX5"	0.58125
"FETUB"	"AMBP"	0.58925
"AMBP"	"HELT"	0.33825
"AMBP"	"TNFRSF10C"	0.46175
"AMBP"	"NES"	0.17975
"AMBP"	"HBE1"	0.39
"AMBP"	"ECE1"	0.58725
"AMBP"	"SH3GL1"	0.17225
"AMBP"	"MCL1"	0.26675
"AMBP"	"NDP"	0.6825
"AMBP"	"TM4SF5"	0.605
"AMBP"	"RAB5C"	0.5375
"AMBP"	"LPA"	0.52975
"AMBP"	"TNIP1"	0.2175
"AMBP"	"HINT1"	0.51425
"AMBP"	"PCNT"	0.2345
"PAIP2"	"VEGFB"	0.308
"PAIP2"	"EIF4A2"	0.49275
"PITX1"	"FGF8"	0.16
"PITX1"	"NR5A1"	0.62175
"PITX1"	"TBX5"	0.4725
"PITX1"	"IRF3"	0.555
"SRF"	"SDHC"	0.3115
"SRF"	"FOXK1"	0.6855
"SRF"	"AKT1"	0.553
"SRF"	"HDAC3"	0.53725
"SRF"	"NFATC4"	0.542
"SRF"	"ACTA1"	0.26425
"SRF"	"SP1"	0.5155
"SRF"	"LPXN"	0.485
"SRF"	"GTF2F1"	0.5205
"ANXA11"	"RPS21"	0.4405
"ANXA11"	"NDUFV1"	0.442
"ANXA11"	"SLC9A3R2"	0.39325
"ANXA11"	"S100A6"	0.56675
"ANXA11"	"PCBP1"	0.60775
"ANXA11"	"HLA-DRB1"	0.499
"B3GAT3"	"SP1"	0.2595
"B3GAT3"	"EXT2"	0.70775
"EXOSC7"	"RPL7"	0.43775
"EXOSC7"	"RPL27A"	0.4115
"EXOSC7"	"RPL11"	0.49775
"EXOSC7"	"RPLP2"	0.363
"EXOSC7"	"RPL15"	0.49625
"EXOSC7"	"RPL13A"	0.4235
"EXOSC7"	"EXOSC3"	0.75775
"EXOSC7"	"RPL10"	0.4615
"EXOSC7"	"RPL37"	0.4415
"EXOSC7"	"RPL37A"	0.445
"EXOSC7"	"RPL41"	0.418
"EXOSC7"	"ZFP36L1"	0.4865
"EXOSC7"	"RPLP0"	0.39
"EXOSC7"	"RPL30"	0.3885
"EXOSC7"	"RPL14"	0.37425
"EXOSC7"	"RPL32"	0.391
"EXOSC7"	"KHSRP"	0.76025
"EXOSC7"	"KPNA6"	0.512
"EXOSC7"	"RPS9"	0.4725
"EXOSC7"	"RPS2"	0.4715
"EXOSC7"	"RPL18"	0.4325
"EXOSC7"	"RPL4"	0.432
"EXOSC7"	"RPL36AL"	0.4675
"DAXX"	"PRAM1"	0.1805
"DAXX"	"HDAC3"	0.58
"DAXX"	"NPM1"	0.50475
"TMEM115"	"DYNC1H1"	0.3245
"TMEM115"	"SERPINB5"	0.314
"TMEM115"	"BET1L"	0.617
"DHH"	"PSMB4"	NA
"DHH"	"PSMA7"	NA
"DHH"	"OS9"	NA
"DHH"	"NR5A1"	NA
"DHH"	"PSME4"	NA
"BIN2"	"CD53"	0.52675
"BIN2"	"LPXN"	0.475
"BIN2"	"AP2A1"	0.4605
"BIN2"	"SH3GL1"	0.22625
"BIN2"	"FYB"	NA
"CSAD"	"TXNRD2"	NA
"CSAD"	"GLUD2"	NA
"UQCRC2"	"SDHC"	0.66475
"UQCRC2"	"NDUFB10"	0.709
"UQCRC2"	"NDUFV1"	0.70275
"UQCRC2"	"RAB5B"	0.38875
"UQCRC2"	"COX5A"	0.77225
"UQCRC2"	"RAB5C"	0.346
"UQCRC2"	"TPM2"	0.2735
"UQCRC2"	"MDH2"	0.614
"UQCRC2"	"RPL7"	0.384
"UQCRC2"	"UQCRQ"	0.7975
"UQCRC2"	"DDOST"	0.416
"UQCRC2"	"RPN1"	0.375
"NDUFB10"	"NDUFV1"	0.75125
"NDUFB10"	"UQCRQ"	0.777
"NDUFB10"	"COX5A"	0.80225
"NDUFB10"	"NDUFB11"	0.83575
"NDUFB10"	"ACAD9"	0.621
"NDUFB10"	"SDHC"	0.7095
"NDUFB10"	"TPM2"	0.2305
"NDUFB10"	"NDUFA3"	0.83575
"RASL10B"	"GNB2"	NA
"RASL10B"	"GP9"	NA
"RASL10B"	"RTN4RL2"	NA
"RASL10B"	"ACTA1"	NA
"RASL10B"	"GNB1"	NA
"RASL10B"	"OPTC"	NA
"RASL10B"	"LRG1"	NA
"RASL10B"	"GNAI2"	NA
"RASL10B"	"IGFALS"	NA
"EPN3"	"FAU"	NA
"EPN3"	"AP2A1"	0.50525
"ARRB2"	"RAB5C"	0.56325
"ARRB2"	"OR4C46"	0.76725
"ARRB2"	"HRAS"	0.59875
"ARRB2"	"AP2A1"	0.63425
"ARRB2"	"SYT8"	0.46725
"ARRB2"	"OR5A2"	0.76725
"ARRB2"	"OR6N1"	0.76725
"ARRB2"	"ARPC5"	0.50775
"ARRB2"	"AKT1"	0.6485
"ARRB2"	"ADRBK1"	NA
"ARRB2"	"CXCR4"	0.53725
"ARRB2"	"IGFALS"	0.35675
"ARRB2"	"RAB5B"	0.65125
"ARRB2"	"OR1M1"	0.76725
"ARRB2"	"HCK"	0.50225
"ARRB2"	"TGOLN2"	0.5435
"ARRB2"	"SH3GL1"	0.491
"ARRB2"	"OR2Z1"	0.76725
"ARRB2"	"PPP2R4"	NA
"ARRB2"	"ARPC4"	0.54175
"ARRB2"	"IGF2R"	0.52325
"ARRB2"	"DNM2"	0.47925
"PNMT"	"HELT"	0.35775
"PNMT"	"TH"	0.4025
"PNMT"	"COMT"	0.37625
"PNMT"	"DBH"	0.37575
"PNMT"	"TCAP"	0.52875
"PNMT"	"SP1"	0.239
"SH3GL1"	"ARPC4"	0.37225
"SH3GL1"	"IGF2R"	0.27475
"SH3GL1"	"RAB5C"	0.2795
"SH3GL1"	"TNIP1"	0.507
"SH3GL1"	"SYT8"	0.4375
"SH3GL1"	"MICAL1"	0.55025
"SH3GL1"	"PTMS"	0.35775
"SH3GL1"	"ARPC5"	0.356
"SH3GL1"	"AKT1"	0.42025
"SH3GL1"	"MTA2"	0.22725
"SH3GL1"	"NDP"	0.157
"SH3GL1"	"DNM2"	0.47275
"SH3GL1"	"HINT1"	0.37725
"SH3GL1"	"AP2A1"	0.34125
"SH3GL1"	"PCNT"	0.375
"SH3GL1"	"LPXN"	0.3955
"SH3GL1"	"TNFRSF10C"	0.198
"SH3GL1"	"ARR3"	0.55475
"SH3GL1"	"NES"	0.40125
"SH3GL1"	"RAB5B"	0.32275
"SH3GL1"	"CYGB"	0.4785
"SH3GL1"	"ECE1"	0.2425
"SH3GL1"	"TGOLN2"	0.315
"SH3GL1"	"CTNNBL1"	0.233
"SH3GL1"	"MCL1"	0.44475
"DNMT3L"	"HIST1H2AC"	0.5135
"DNMT3L"	"IGF2R"	0.277
"AKT1"	"ARF1"	0.55975
"AKT1"	"TPM2"	0.451
"AKT1"	"MGAM"	0.4545
"AKT1"	"IRF3"	0.597
"AKT1"	"SOS1"	0.523
"AKT1"	"FKBP1C"	NA
"AKT1"	"GNB1"	0.54025
"AKT1"	"SQSTM1"	0.50725
"AKT1"	"STAT5A"	0.5205
"AKT1"	"STK11"	0.63375
"AKT1"	"MSN"	0.4875
"AKT1"	"EIF4A2"	0.38
"AKT1"	"ACTA1"	0.41325
"AKT1"	"SOCS1"	0.586
"AKT1"	"HRAS"	0.53925
"AKT1"	"TAL1"	0.50525
"AKT1"	"NFKB2"	0.587
"AKT1"	"IL13"	0.14975
"AKT1"	"GATA2"	0.553
"AKT1"	"TUBB"	0.54675
"AKT1"	"IL32"	0.4335
"AKT1"	"FOXM1"	0.7955
"AKT1"	"SYTL1"	0.456
"AKT1"	"GNAI2"	0.648
"AKT1"	"CDC25A"	0.597
"AKT1"	"WDTC1"	0.7955
"AKT1"	"CREB3L1"	0.51025
"AKT1"	"EEF2"	0.60025
"AKT1"	"CRK"	0.652
"AKT1"	"NQO2"	0.565
"AKT1"	"BAD"	0.42275
"AKT1"	"FSHR"	0.40075
"AKT1"	"GNB2"	0.506
"AKT1"	"EIF4EBP1"	0.44625
"AKT1"	"STAT4"	0.5205
"AKT1"	"CDKN1C"	0.50925
"AKT1"	"PIK3R5"	0.5565
"AKT1"	"ANXA5"	0.49925
"AKT1"	"CRTC2"	0.5855
"AKT1"	"SDHC"	0.3815
"AKT1"	"RHOG"	0.52
"AKT1"	"CXCR4"	0.54775
"AKT1"	"SPHK1"	0.523
"AKT1"	"TH"	0.502
"AKT1"	"FHIT"	0.56275
"AKT1"	"NES"	0.4525
"AKT1"	"TNK2"	0.571
"AKT1"	"ZFP36L1"	0.5975
"AKT1"	"GYS1"	0.4335
"AKT1"	"MCL1"	0.56075
"AKT1"	"IL6R"	0.3565
"AKT1"	"NFKBIB"	0.788
"AKT1"	"NPM1"	0.64425
"AKT1"	"CTF1"	0.17225
"AKT1"	"TNF"	0.379
"AKT1"	"PPP2R4"	NA
"AKT1"	"VAV1"	0.463
"AKT1"	"BBC3"	0.32925
"AKT1"	"HDAC3"	0.6455
"AKT1"	"SLC3A2"	0.58425
"AKT1"	"KHSRP"	0.574
"AKT1"	"MEF2D"	0.5195
"AKT1"	"PLAUR"	0.398
"AKT1"	"PCBP1"	0.645
"AKT1"	"DNM2"	0.4615
"AKT1"	"SP1"	0.514
"GEMIN7"	"KHSRP"	0.51725
"GEMIN7"	"GEMIN4"	0.71525
"GEMIN7"	"PRMT5"	0.5965
"GEMIN7"	"LSM2"	0.50425
"GEMIN7"	"TPST2"	0.316
"TM4SF5"	"TSPAN1"	0.8255
"CD53"	"VAV1"	0.39575
"CD53"	"ALOX5AP"	0.3865
"CD53"	"FYB"	NA
"MEF2D"	"CAMK2A"	0.447
"MEF2D"	"HDAC3"	0.49975
"MEF2D"	"NFATC4"	0.52325
"MEF2D"	"SP1"	0.6195
"ARF1"	"HLA-DRA"	0.527
"ARF1"	"DNM2"	0.5355
"ARF1"	"ADRBK1"	NA
"ARF1"	"KIF1A"	0.20825
"ARF1"	"TUBB"	0.44
"ARF1"	"RAB5B"	0.514
"ARF1"	"TGOLN2"	0.5075
"ARF1"	"SURF4"	0.50175
"ARF1"	"ACTA1"	0.43925
"ARF1"	"IGF2R"	0.56075
"ARF1"	"HLA-DRB1"	0.53575
"ARF1"	"RAB5C"	0.4775
"ARF1"	"KLC2"	0.5
"ARF1"	"HLA-DQA2"	0.51825
"ARF1"	"RAB11B"	0.486
"ARF1"	"DYNC1H1"	0.493
"ARF1"	"KIF25"	0.2165
"ARF1"	"WDTC1"	0.37925
"ARF1"	"BET1L"	0.539
"RQCD1"	"PSME4"	NA
"RQCD1"	"EIF4A2"	NA
"RQCD1"	"HLA-DRB1"	NA
"DYNC1LI1"	"RANGAP1"	0.469
"DYNC1LI1"	"TUBB"	0.43975
"DYNC1LI1"	"PCNT"	0.64
"DYNC1LI1"	"DYNC1H1"	0.66375
"DYNC1LI1"	"DNAH11"	0.846
"RPL37"	"RPL36AL"	0.6055
"RPL37"	"RPL7"	0.503
"RPL37"	"RPS21"	0.69025
"RPL37"	"RPL27A"	0.653
"RPL37"	"RPL11"	0.5405
"RPL37"	"MRPL16"	0.5425
"RPL37"	"RPLP2"	0.54125
"RPL37"	"RPS9"	0.4955
"RPL37"	"RPS2"	0.465
"RPL37"	"LSM2"	0.455
"RPL37"	"RPL4"	0.48425
"RPL37"	"DDOST"	0.317
"RPL37"	"RPL18"	0.5285
"RPL37"	"RPL10"	0.53875
"RPL37"	"RPL15"	0.736
"RPL37"	"RPL13A"	0.551
"RPL37"	"GSPT2"	0.5645
"RPL37"	"RPN1"	0.4345
"RPL37"	"EEF2"	0.378
"RPL37"	"EXOSC3"	0.40875
"RPL37"	"RPL37A"	0.559
"RPL37"	"MRPS12"	0.55
"RPL37"	"RPL41"	0.79525
"RPL37"	"RPLP0"	0.454
"RPL37"	"RPL30"	0.484
"RPL37"	"RPL14"	0.551
"RPL37"	"RPL32"	0.69
"RPL37"	"EEF1G"	0.449
"RPL37"	"RPS23"	0.6005
"RPL37"	"EIF4A2"	0.52425
"RPL37"	"FAU"	NA
"KCNMB1"	"CYP4A11"	0.3825
"SLC22A3"	"IGF2R"	0.31825
"NDUFB11"	"NDUFV1"	0.787
"NDUFB11"	"NDUFA3"	0.85225
"NDUFB11"	"COX5A"	0.77975
"NDUFB11"	"SURF4"	0.38575
"NDUFB11"	"ACAD9"	0.674
"NDUFB11"	"SDHC"	0.7375
"NONO"	"CRTC2"	0.52225
"NONO"	"COX5A"	0.291
"NONO"	"RRM2"	0.279
"NONO"	"TPM2"	0.22425
"PPRC1"	"HCFC1"	0.479
"SCGB1A1"	"SLC3A2"	0.4525
"SCGB1A1"	"IL13"	0.646
"SCGB1A1"	"FAU"	NA
"TNNT3"	"MYL6"	0.417
"TNNT3"	"TCAP"	0.72375
"TNNT3"	"MYL3"	0.699
"TNNT3"	"TNNI1"	0.861
"TNNT3"	"TNNT2"	0.8
"TNNT3"	"ACTA1"	0.45825
"TNNT3"	"TPM2"	0.71425
"MTA2"	"TCF20"	0.53975
"MTA2"	"TAF1C"	0.5085
"MTA2"	"FADS2"	0.366
"MTA2"	"PRMT5"	0.5075
"MTA2"	"MTA1"	0.59475
"MTA2"	"NES"	0.298
"MTA2"	"HIST1H2AA"	0.53775
"MTA2"	"SIN3B"	0.66425
"MTA2"	"SAP30"	0.62225
"MTA2"	"HDAC3"	0.61175
"MTA2"	"CES2"	0.29075
"MTA2"	"ZFPM1"	0.6785
"MTA2"	"HINT1"	0.5925
"MTA2"	"HIST1H2AC"	0.56975
"MTA2"	"PCNT"	0.3665
"MTA2"	"SUDS3"	0.63025
"FADS2"	"PLA2G2F"	0.24
"PLCB3"	"GNB1"	0.378
"PLCB3"	"PLCD1"	0.436
"PLCB3"	"GNB2"	0.3295
"PLCB3"	"PIK3R5"	0.453
"PLCB3"	"PROK2"	0.15
"PLCB3"	"GNAI2"	0.44775
"PLCB3"	"P2RY11"	0.1785
"PLCB3"	"SLC9A3R2"	0.202
"PLCB3"	"CAMK2A"	0.4635
"PLCB3"	"PIP5K1C"	0.46975
"PLCB3"	"UTS2R"	0.18275
"PLCB3"	"CALML5"	0.4195
"PLCB3"	"FAU"	NA
"PLCB3"	"SMYD3"	0.6555
"CTF1"	"SOCS1"	0.17225
"CTF1"	"CSF3R"	0.14975
"CTF1"	"IL7R"	0.14975
"CTF1"	"IL6R"	0.78175
"CTF1"	"TLX1"	NA
"CTF1"	"SOS1"	0.17225
"CATSPER3"	"CACNA2D4"	0.79925
"CATSPER3"	"PPP2R4"	NA
"CATSPER3"	"CACNA1H"	0.72125
"CENPH"	"RANGAP1"	0.562
"CENPH"	"INCENP"	0.67925
"CENPH"	"KIAA0101"	NA
"CENPH"	"HIST1H2AC"	0.61225
"CENPH"	"NUDC"	0.64225
"CENPH"	"NPM1"	0.5565
"CENPH"	"PLK1"	0.603
"TMSB4Y"	"TMSB4X"	0.69175
"BATF"	"CEBPA"	0.646
"RPL30"	"HINT1"	0.56275
"RPL30"	"RPL7"	0.7235
"RPL30"	"RPS21"	0.58975
"RPL30"	"RPL27A"	0.56475
"RPL30"	"RPL11"	0.66225
"RPL30"	"UQCRQ"	0.29975
"RPL30"	"MRPL16"	0.42875
"RPL30"	"RPLP2"	0.71575
"RPL30"	"RPS9"	0.70175
"RPL30"	"RPS2"	0.7245
"RPL30"	"RPL4"	0.6865
"RPL30"	"DDOST"	0.45175
"RPL30"	"RPL36AL"	0.59325
"RPL30"	"RPL18"	0.708
"RPL30"	"RPL15"	0.59375
"RPL30"	"RPN1"	0.4345
"RPL30"	"RPL13A"	0.665
"RPL30"	"RPL32"	0.61775
"RPL30"	"GSPT2"	0.32325
"RPL30"	"EEF2"	0.57875
"RPL30"	"EXOSC3"	0.4375
"RPL30"	"RPL10"	0.5755
"RPL30"	"RPL37A"	0.71075
"RPL30"	"MRPS12"	0.4145
"RPL30"	"RPL41"	0.55225
"RPL30"	"RPLP0"	0.73975
"RPL30"	"RPL14"	0.711
"RPL30"	"EEF1G"	0.578
"RPL30"	"RPS23"	0.62575
"RPL30"	"EIF4A2"	0.32725
"RPL30"	"FAU"	NA
"NTAN1"	"NUMA1"	NA
"MRPL17"	"MRPL16"	0.8545
"MRPL17"	"RPS9"	0.4595
"MRPL17"	"RPS2"	0.41925
"MRPL17"	"RPL4"	0.43175
"MRPL17"	"RPL13A"	0.4925
"MRPL17"	"MRPL52"	0.8545
"MRPL17"	"EEF2"	0.36575
"MRPL17"	"RPL10"	0.458
"MRPL17"	"MRPS12"	0.81175
"MRPL17"	"RPLP0"	0.409
"MRPL17"	"MRPS24"	0.79175
"MRPL17"	"RPS23"	0.5175
"MRPL17"	"PSTPIP1"	0.392
"MRPL17"	"MRPL21"	0.8545
"MRPL17"	"RPL11"	0.48025
"MRPL17"	"RPL7"	0.4415
"MRPL17"	"RPL27A"	0.50525
"RHPN1"	"RGS14"	0.49275
"RHPN1"	"ZFYVE1"	0.39175
"F11R"	"KCNE1"	0.31525
"F11R"	"S100A8"	0.44975
"ARHGAP17"	"RHOBTB1"	0.553
"ARHGAP17"	"RHOG"	0.44875
"ARHGAP17"	"TNK2"	0.4305
"ARHGAP17"	"RHOT2"	0.44125
"PSMB4"	"ANAPC2"	0.55575
"PSMB4"	"PSME4"	0.73975
"PSMB4"	"OAZ2"	0.527
"PSMB4"	"TNF"	0.294
"PSMB4"	"NFKBIB"	0.788
"PSMB4"	"FAU"	NA
"PSMB4"	"NFKB2"	0.55925
"PSMB4"	"PSMA7"	0.76925
"PSMB4"	"CDC25A"	0.5655
"PSMB4"	"RPN1"	0.4245
"PSMB4"	"PLK1"	0.4375
"TEPP"	"DPH5"	NA
"FTCD"	"GLUD2"	0.4435
"MCM3AP"	"KPNA6"	0.6545
"FCN2"	"FCN1"	0.51575
"LILRA4"	"HLA-G"	0.3495
"HIPK4"	"PLK1"	NA
"SHKBP1"	"GNB2"	NA
"MYL3"	"TCAP"	0.807
"MYL3"	"MYO18B"	0.722
"MYL3"	"TNNT2"	0.75975
"MYL3"	"ACTA1"	0.51925
"MYL3"	"TPM2"	0.663
"MYL3"	"MIB2"	0.449
"MYL3"	"CAMK2A"	0.3365
"MYL3"	"TNNI1"	0.699
"AZGP1"	"SARDH"	0.29875
"HK3"	"MRPL52"	0.31125
"HK3"	"MGAM"	0.5725
"HK3"	"MDH2"	0.46375
"HK3"	"FCN1"	0.677
"HK3"	"WDTC1"	0.45675
"HK3"	"PGK1"	0.5375
"HK3"	"UGP2"	0.5745
"HK3"	"HCK"	0.33725
"HK3"	"IDH2"	0.48625
"HK3"	"SLC3A2"	0.431
"HK3"	"ACTA1"	0.40325
"LY6E"	"LY6H"	0.66475
"HBE1"	"TH"	0.29525
"HBE1"	"PAH"	0.788
"HBE1"	"HBD"	0.889
"HBE1"	"DCXR"	0.2775
"HBE1"	"ECHS1"	0.221
"CYGB"	"ECHS1"	0.38725
"CYGB"	"TH"	0.34825
"CYGB"	"PAH"	0.788
"CABP2"	"CACNA1A"	0.4435
"CABP2"	"ACTA1"	0.19075
"CABP2"	"OBSCN"	0.4025
"CABP2"	"TUBB"	0.2825
"CABP2"	"POR"	0.5015
"CABP2"	"MYO18B"	0.0855
"CABP2"	"CAMK2A"	0.36925
"CABP2"	"TNNI1"	0.27975
"CABP2"	"EEF1G"	0.4655
"CABP2"	"FAU"	NA
"CABP2"	"MYO1A"	0.3185
"TAL1"	"GATA2"	0.5295
"TAL1"	"TLX1"	NA
"TAL1"	"ZFPM1"	0.62725
"PROK2"	"GNB1"	0.6575
"PROK2"	"FGF8"	0.78175
"PROK2"	"S100A12"	0.78175
"PROK2"	"UTS2R"	0.16725
"PROK2"	"GNB2"	0.72475
"PROK2"	"ADRBK1"	NA
"PROK2"	"P2RY11"	0.14975
"CHCHD4"	"TIMM8A"	0.85575
"CHCHD4"	"RAB5B"	0.289
"CHCHD4"	"RHOT2"	0.49275
"CHCHD4"	"CHCHD2"	0.768
"PF4"	"GNB1"	0.40925
"PF4"	"NPW"	0.78175
"PF4"	"VEGFB"	0.62425
"PF4"	"GNB2"	0.444
"PF4"	"GP9"	0.13075
"PF4"	"TNF"	0.37225
"PF4"	"TMSB4X"	0.59375
"PF4"	"FLII"	0.27675
"PF4"	"ADCY1"	0.478
"PF4"	"WDTC1"	0.44075
"PF4"	"GNAI2"	0.4355
"PF4"	"CXCR4"	0.4215
"PF4"	"CORT"	0.4635
"PF4"	"GRM4"	0.27775
"DTX3L"	"ANAPC2"	0.565
"DTX3L"	"SOCS1"	0.59825
"DTX3L"	"H2AFY"	0.46775
"DTX3L"	"RNF130"	0.69175
"DTX3L"	"MIB2"	0.4985
"DTX3L"	"IRF7"	0.661
"DTX3L"	"ASB2"	0.46725
"DTX3L"	"HECTD3"	0.35325
"DTX3L"	"UBE2V1"	0.6255
"RPN1"	"RPS9"	0.44675
"RPN1"	"RPL15"	0.4325
"RPN1"	"RPL41"	0.4135
"RPN1"	"RPS2"	0.46275
"RPN1"	"RPL36AL"	0.647
"RPN1"	"DDOST"	0.67025
"RPN1"	"OS9"	0.64875
"RPN1"	"RPL4"	0.54975
"RPN1"	"RPL18"	0.573
"RPN1"	"PPIB"	0.5325
"RPN1"	"RPL13A"	0.43725
"RPN1"	"RPL10"	0.63725
"RPN1"	"RPL37A"	0.39475
"RPN1"	"RAB5B"	0.45525
"RPN1"	"RPLP0"	0.51225
"RPN1"	"RPL14"	0.481
"RPN1"	"RPL32"	0.5085
"RPN1"	"RPS23"	0.60675
"RPN1"	"RAB5C"	0.39925
"RPN1"	"PSMA7"	0.40725
"RPN1"	"RPL7"	0.45375
"RPN1"	"RPL27A"	0.6945
"RPN1"	"RPS21"	0.399
"RPN1"	"RPL11"	0.4725
"RPN1"	"RPLP2"	0.47425
"SAP30"	"HINT1"	0.5035
"SAP30"	"SUDS3"	0.69475
"SAP30"	"FOXK1"	0.67275
"SAP30"	"HIST1H2AC"	0.58275
"SAP30"	"HIST1H2AA"	0.47725
"SAP30"	"SIN3B"	0.69175
"SAP30"	"HDAC3"	0.5045
"ANXA5"	"STAT5A"	0.379
"ANXA5"	"EIF4EBP1"	0.4505
"ANXA5"	"SDHC"	0.33175
"ANXA5"	"CXCR4"	0.49075
"ANXA5"	"MCL1"	0.47875
"ANXA5"	"SPN"	0.4545
"ANXA5"	"NPM1"	0.47275
"ANXA5"	"HRAS"	0.50825
"ANXA5"	"IL13"	0.41975
"ANXA5"	"TUBB"	0.463
"ANXA5"	"IL7R"	0.35775
"ANXA5"	"WDTC1"	0.34325
"ANXA5"	"LAMP1"	0.53275
"ANXA5"	"BBC3"	0.28325
"ANXA5"	"TNF"	0.4575
"ANXA5"	"HDAC3"	0.43125
"RPS23"	"RPL7"	0.60625
"RPS23"	"RPS21"	0.7505
"RPS23"	"RPL27A"	0.7225
"RPS23"	"RPS9"	0.66675
"RPS23"	"RPL11"	0.694
"RPS23"	"MRPL16"	0.5175
"RPS23"	"RPLP2"	0.5885
"RPS23"	"RPL4"	0.6195
"RPS23"	"RPS2"	0.65375
"RPS23"	"DDOST"	0.56375
"RPS23"	"RPL36AL"	0.71325
"RPS23"	"RPL18"	0.71675
"RPS23"	"RPL15"	0.669
"RPS23"	"RPL13A"	0.64125
"RPS23"	"GSPT2"	0.40175
"RPS23"	"EEF2"	0.5415
"RPS23"	"RPL10"	0.70175
"RPS23"	"RPL37A"	0.5605
"RPS23"	"RPL41"	0.664
"RPS23"	"RPLP0"	0.594
"RPS23"	"MRPS24"	0.5205
"RPS23"	"CSNK1E"	0.54125
"RPS23"	"RPL14"	0.59525
"RPS23"	"EEF1G"	0.59
"RPS23"	"RPL32"	0.71875
"RPS23"	"EIF4A2"	0.3995
"RPS23"	"EIF5A"	0.53975
"RPS23"	"FAU"	NA
"RPS23"	"MYBBP1A"	0.533
"NPM1"	"PRAM1"	0.36375
"NPM1"	"NPM3"	0.532
"NPM1"	"IDH2"	0.28925
"NPM1"	"RPL37A"	0.55975
"NPM1"	"RPL14"	0.457
"NPM1"	"TNF"	0.26575
"NPM1"	"SURF4"	0.31075
"NPM1"	"PADI4"	0.59225
"NPM1"	"SP1"	0.51875
"NPM1"	"MYBBP1A"	0.56375
"NPM1"	"HRAS"	0.41125
"NPM1"	"RPL11"	0.63075
"NPM1"	"STAT5A"	0.42475
"NPM1"	"RPL4"	0.65975
"NPM1"	"CD7"	0.2875
"NPM1"	"HIST1H2AC"	0.4065
"NPM1"	"FOXM1"	0.7955
"NPM1"	"CEBPA"	0.468
"NPM1"	"ADRBK1"	NA
"NPM1"	"AQP7"	0.407
"NPM1"	"RPL13A"	0.67575
"NPM1"	"PLK1"	0.57625
"NPM1"	"NUMA1"	0.57625
"HIST1H2AA"	"FOXK1"	0.56925
"HIST1H2AA"	"HDAC3"	0.4195
"HIST1H2AA"	"HCFC1"	0.40025
"HIST1H2AA"	"SUDS3"	0.57825
"HIST1H2AA"	"HIST1H2AC"	0.77225
"HIST1H2AA"	"PRMT5"	0.44775
"HIST1H2AA"	"MTA1"	0.5405
"ADCY1"	"GNB2"	0.5825
"ADCY1"	"CXCR4"	0.5475
"ADCY1"	"GPR20"	0.524
"ADCY1"	"GNB1"	0.61725
"ADCY1"	"HRAS"	0.5875
"ADCY1"	"NPW"	0.65475
"ADCY1"	"GNAI2"	0.58675
"ADCY1"	"CORT"	0.4255
"ADCY1"	"P2RY11"	0.592
"ADCY1"	"GRM4"	0.6615
"ADCY1"	"HTR4"	0.60825
"ADCY1"	"FSHR"	0.54375
"ADCY1"	"ADM2"	0.65475
"RAPSN"	"ACHE"	0.354
"RAPSN"	"CHRNG"	0.39
"RAPSN"	"ACTA1"	0.3615
"SCN3B"	"WNT11"	0.19875
"PPIB"	"FKBP10"	NA
"PPIB"	"RANGAP1"	0.45075
"PPIB"	"HINT1"	0.4725
"PPIB"	"PCBP2"	0.565
"PPIB"	"STAT5A"	0.32075
"PPIB"	"CRTAP"	0.5955
"PPIB"	"OS9"	0.5305
"PPIB"	"ECHS1"	0.2675
"PPIB"	"ISYNA1"	0.28125
"PPIB"	"COL9A3"	0.49375
"PPIB"	"ADAMTS13"	0.40975
"PPIB"	"IRF3"	0.3885
"PPIB"	"FKBP1C"	NA
"KIAA0101"	"FOXM1"	NA
"KIAA0101"	"WDTC1"	NA
"KIAA0101"	"PLK1"	NA
"KIAA0101"	"SPHK1"	NA
"KIAA0101"	"CSNK2B"	NA
"KIAA0101"	"NUMA1"	NA
"KIAA0101"	"TNF"	NA
"KIAA0101"	"RRM2"	NA
"KIAA0101"	"CKS1B"	NA
"PLK1"	"BRSK1"	0.5255
"PLK1"	"FOXM1"	0.7955
"PLK1"	"CDC25A"	0.47225
"PLK1"	"CSNK1E"	0.47225
"PLK1"	"PPP2R4"	NA
"PLK1"	"NUDC"	0.44325
"PLK1"	"MUS81"	0.398
"PLK1"	"TBC1D2B"	0.788
"PLK1"	"DYRK2"	0.46775
"PLK1"	"AZI1"	NA
"PLK1"	"PCNT"	0.56025
"PLK1"	"RRM2"	0.788
"PLK1"	"SCNN1D"	0.3735
"PLK1"	"KIFC1"	0.56375
"PLK1"	"EIF4EBP1"	0.303
"PLK1"	"DUSP23"	0.39725
"PLK1"	"HIST1H2AC"	0.48925
"PLK1"	"ANAPC2"	0.43125
"PLK1"	"PSME4"	0.445
"PLK1"	"DYRK1B"	0.73925
"PLK1"	"MYT1"	0.46975
"PLK1"	"ACTA1"	0.41225
"PLK1"	"CALML5"	0.36075
"PLK1"	"CNTROB"	0.545
"PLK1"	"INCENP"	0.76175
"PLK1"	"CKS1B"	0.3565
"PLK1"	"HRAS"	0.326
"PLK1"	"RANGAP1"	0.497
"PLK1"	"PSMA7"	0.42475
"PLK1"	"TUBB"	0.50575
"PLK1"	"MIB2"	0.303
"PLK1"	"TACC3"	0.595
"PLK1"	"KIF25"	0.50175
"PLK1"	"DYNC1H1"	0.51575
"MYO1A"	"CALML5"	0.2825
"MYO1A"	"ACTA1"	0.4525
"MYO1A"	"ARPC4"	0.32075
"MYO1A"	"TPM2"	0.442
"MYO1A"	"HRAS"	0.40125
"MYO1A"	"MYL6"	0.4735
"MYO1A"	"RAB5B"	0.343
"MYO1A"	"ARPC5"	0.374
"MYO1A"	"CALB2"	0.3075
"MRPL16"	"MRPL52"	0.8545
"MRPL16"	"MRPS24"	0.79175
"MRPL16"	"RPL14"	0.452
"MRPL16"	"RPL32"	0.53925
"MRPL16"	"PSTPIP1"	0.392
"MRPL16"	"MRPL21"	0.8545
"MRPL16"	"EIF5A"	0.41225
"MRPL16"	"RPL7"	0.4415
"MRPL16"	"RPS9"	0.4595
"MRPL16"	"RPS2"	0.41925
"MRPL16"	"RPL4"	0.43175
"MRPL16"	"RPL36AL"	0.487
"MRPL16"	"RPL18"	0.457
"MRPL16"	"EEF2"	0.36575
"MRPL16"	"RPLP0"	0.409
"MRPL16"	"EEF1G"	0.376
"MRPL16"	"FAU"	NA
"MRPL16"	"RPL27A"	0.50525
"MRPL16"	"RPS21"	0.54
"MRPL16"	"RPL11"	0.48025
"MRPL16"	"RPLP2"	0.43825
"MRPL16"	"RPL15"	0.55875
"MRPL16"	"RPL13A"	0.4925
"MRPL16"	"MRPS12"	0.81175
"MRPL16"	"MARCKSL1"	0.28125
"MRPL16"	"RPL37A"	0.43675
"CRK"	"SOCS1"	0.578
"CRK"	"KCTD17"	0.455
"CRK"	"LPXN"	0.50225
"CRK"	"STAT5A"	0.529
"CRK"	"PIK3R5"	0.467
"CRK"	"FYB"	NA
"CRK"	"HCK"	0.37675
"CRK"	"EPHB3"	0.5235
"CRK"	"VAV1"	0.40975
"CRK"	"DNM2"	0.361
"CRK"	"SOS1"	0.4855
"TBC1D2B"	"DUSP23"	0.49275
"PCSK4"	"DDOST"	0.34625
"PCSK4"	"CNDP2"	0.34225
"PCSK4"	"MGAM"	0.5035
"WNT10B"	"TCF7"	0.1305
"WNT10B"	"PORCN"	0.11575
"WNT10B"	"WNT11"	0.668
"WNT10B"	"FGF8"	0.78175
"WNT10B"	"CEBPA"	0.1445
"KRT16"	"MIB2"	0.43275
"VPS37C"	"VPS28"	0.699
"LTBP3"	"MSX1"	0.24475
"KCNK9"	"KCNK3"	0.79625
"GBX2"	"FGF8"	NA
"GBX2"	"PAX8"	NA
"GBX2"	"LHX2"	NA
"LRG1"	"GNB1"	0.5445
"LRG1"	"HRAS"	0.37925
"LRG1"	"LRRC20"	NA
"LRG1"	"DIRAS3"	NA
"LRG1"	"DIRAS2"	0.5955
"LRG1"	"EEF1G"	0.58125
"LRG1"	"GNB2"	0.5635
"LRG1"	"GNAI2"	0.532
"RPS9"	"RPL7"	0.7215
"RPS9"	"RPS21"	0.633
"RPS9"	"RPL27A"	0.56125
"RPS9"	"RPL11"	0.7155
"RPS9"	"RPLP2"	0.6805
"RPS9"	"RPS2"	0.7605
"RPS9"	"LENG8"	NA
"RPS9"	"DDOST"	0.4905
"RPS9"	"RPL4"	0.75225
"RPS9"	"RPL36AL"	0.605
"RPS9"	"RPL18"	0.70525
"RPS9"	"RPL15"	0.619
"RPS9"	"RPL13A"	0.7365
"RPS9"	"GSPT2"	0.34525
"RPS9"	"EEF2"	0.63625
"RPS9"	"RPL10"	0.601
"RPS9"	"EXOSC3"	0.54875
"RPS9"	"MRPS12"	0.475
"RPS9"	"RPL37A"	0.699
"RPS9"	"RPL41"	0.50875
"RPS9"	"RPLP0"	0.68825
"RPS9"	"RPL14"	0.59275
"RPS9"	"CSNK1E"	0.54875
"RPS9"	"EEF1G"	0.59625
"RPS9"	"RPL32"	0.5635
"RPS9"	"EIF4A2"	0.35075
"RPS9"	"FAU"	NA
"RPS9"	"EIF5A"	0.54725
"HDAC3"	"TPM2"	0.3995
"HDAC3"	"GATA2"	0.53725
"HDAC3"	"TCF7"	0.5
"HDAC3"	"PRAM1"	0.357
"HDAC3"	"SIN3B"	0.53325
"HDAC3"	"H2AFY"	0.4265
"HDAC3"	"BAZ1B"	0.44025
"HDAC3"	"FAU"	NA
"HDAC3"	"SP1"	0.557
"HDAC3"	"POLR2L"	0.543
"HDAC3"	"IRF3"	0.57925
"HDAC3"	"HIST1H2AC"	0.468
"HDAC3"	"CEBPA"	0.503
"HDAC3"	"ZNF148"	0.54875
"HDAC3"	"PRMT5"	0.62075
"HDAC3"	"KLF6"	0.5245
"HDAC3"	"MTA1"	0.67125
"HDAC3"	"ISYNA1"	0.4245
"HDAC3"	"ACTA1"	0.3385
"HDAC3"	"HINT1"	0.64125
"HDAC3"	"SUDS3"	0.62925
"ACHE"	"MGAM"	0.5145
"ACHE"	"CALB2"	0.32575
"ACHE"	"HTR3A"	0.418
"ACHE"	"CNGA2"	0.323
"ACHE"	"TH"	0.288
"DCXR"	"SPHK1"	0.42825
"DCXR"	"NES"	0.4115
"CDC25A"	"PRMT5"	0.652
"CDC25A"	"CAMKK2"	0.54875
"CDC25A"	"PSME4"	0.5965
"CDC25A"	"CKS1B"	0.43175
"CDC25A"	"RRM2"	0.788
"CDC25A"	"HRAS"	0.55125
"CDC25A"	"PSMA7"	0.53575
"CDC25A"	"BRSK1"	0.53025
"CDC25A"	"FOXM1"	0.7955
"OR5A2"	"GNB1"	0.76725
"OR5A2"	"ADRBK1"	NA
"GP9"	"GNB2"	0.35375
"GP9"	"PIK3R5"	0.34775
"GP9"	"DIRAS2"	0.76725
"GP9"	"EEF1G"	0.32575
"GP9"	"GNB1"	0.4375
"GP9"	"HRAS"	0.4575
"GP9"	"WDTC1"	0.19
"GP9"	"DIRAS3"	NA
"GP9"	"GNAI2"	0.35825
"HINT1"	"FAU"	NA
"HINT1"	"UBE2V1"	0.56975
"HINT1"	"TBCA"	0.49525
"HINT1"	"SIN3B"	0.55875
"HINT1"	"RPLP0"	0.525
"HINT1"	"RPS21"	0.4995
"HINT1"	"RPL11"	0.60175
"HINT1"	"SUDS3"	0.6455
"HINT1"	"UQCRQ"	0.36175
"HINT1"	"RPL15"	0.54525
"HINT1"	"PFDN2"	0.49275
"HINT1"	"FHIT"	0.54775
"RAB24"	"RBM10"	0.275
"ZNHIT1"	"ANP32E"	0.726
"ZNHIT1"	"CSNK2B"	0.44225
"ZNHIT1"	"ACTA1"	0.243
"ORMDL3"	"IL13"	0.098
"ORMDL3"	"DDOST"	0.654
"IL13"	"SOCS1"	0.12575
"IL13"	"GATA2"	0.16025
"IL13"	"CSF3R"	0.1195
"IL13"	"STAT5A"	0.136
"IL13"	"IL7R"	0.123
"IL13"	"STAT4"	0.136
"IL13"	"CXCR4"	0.248
"IL13"	"SERPINB5"	0.62525
"IL13"	"IL6R"	0.31525
"IL13"	"TNF"	0.34225
"IL13"	"HBD"	0.28775
"RFXANK"	"HLA-DRA"	0.28675
"RFXANK"	"POU3F4"	0.73925
"TRIM56"	"TRIM22"	0.532
"TRIM56"	"LSM2"	0.322
"GNB2"	"GNB1"	0.66875
"GNB2"	"FSHR"	0.3495
"GNB2"	"WNT11"	0.45325
"GNB2"	"CACNA1A"	0.405
"GNB2"	"HRAS"	0.471
"GNB2"	"ADM2"	0.72475
"GNB2"	"OPTC"	0.32575
"GNB2"	"NPW"	0.72475
"GNB2"	"DIRAS3"	NA
"GNB2"	"PIK3R5"	0.42175
"GNB2"	"RTN4RL2"	0.494
"GNB2"	"ADRBK1"	NA
"GNB2"	"GNAI2"	0.57075
"GNB2"	"CXCR4"	0.5535
"GNB2"	"RHOG"	0.643
"GNB2"	"CACNA1H"	0.37175
"GNB2"	"CORT"	0.35525
"GNB2"	"P2RY11"	0.35375
"GNB2"	"GRM4"	0.502
"GNB2"	"HTR4"	0.428
"GNB2"	"IGFALS"	0.47725
"GNB2"	"UTS2R"	0.4035
"GNB2"	"DIRAS2"	0.76725
"GNB2"	"GPR20"	0.3335
"SOX14"	"GATA2"	0.58
"PCBP1"	"GTF2F1"	0.47125
"PCBP1"	"POLR2L"	0.532
"PCBP1"	"XAB2"	0.51825
"PCBP1"	"CTNNBL1"	0.54125
"PCBP1"	"FTL"	0.5755
"PCBP1"	"PCBP2"	0.65925
"PCBP1"	"LSM2"	0.56225
"PCBP1"	"CPSF1"	0.4775
"PCBP1"	"ECHS1"	0.367
"HOXC4"	"POLR2L"	0.73925
"HOXC4"	"HIST1H2AC"	0.73925
"PAM"	"CYB561"	0.3805
"PAM"	"SERPINB5"	0.4805
"PAM"	"FAU"	NA
"IL7R"	"IL6R"	0.33025
"IL7R"	"TNF"	0.43725
"IL7R"	"SPN"	0.4015
"IL7R"	"STAT5A"	0.271
"IL7R"	"STAT4"	0.271
"IL7R"	"SLAMF1"	0.4355
"IL7R"	"LAMP1"	0.50825
"IL7R"	"CXCR4"	0.41625
"IL7R"	"P2RY8"	0.605
"SLAMF1"	"TREX1"	0.2355
"SLAMF1"	"SIGLEC1"	0.111
"SLAMF1"	"PSMA7"	0.8255
"KCNK3"	"GABRD"	0.429
"GABARAP"	"ACTA1"	0.373
"GABARAP"	"SQSTM1"	0.5045
"GABARAP"	"GABRD"	0.23225
"GABARAP"	"WDR81"	0.61525
"GABARAP"	"FAU"	NA
"ASL"	"POR"	0.491
"ASL"	"CNDP2"	0.674
"ASL"	"GNL1"	0.4955
"CALB2"	"CACNA1A"	0.5425
"CALB2"	"FGF8"	0.16
"CALB2"	"ACTA1"	0.3535
"CALB2"	"OBSCN"	0.35625
"CALB2"	"POR"	0.42775
"CALB2"	"TUBB"	0.3335
"CALB2"	"CAMK2A"	0.59375
"CALB2"	"TNNI1"	0.3505
"CALB2"	"TH"	0.56325
"CALB2"	"EEF1G"	0.453
"CALB2"	"FAU"	NA
"CALB2"	"NES"	0.28875
"CALB2"	"MYO18B"	0.1305
"MRC2"	"CD207"	0.329
"MRC2"	"PLAUR"	0.4765
"DRAP1"	"FOXH1"	0.73925
"MUS81"	"APEX2"	0.5385
"MUS81"	"FANCG"	0.4765
"EEF2"	"HCFC1"	0.48175
"EEF2"	"RPL11"	0.6245
"EEF2"	"RPS21"	0.464
"EEF2"	"RPL27A"	0.504
"EEF2"	"FAU"	NA
"EEF2"	"RPLP2"	0.568
"EEF2"	"EIF4EBP1"	0.3815
"EEF2"	"RPL15"	0.4765
"EEF2"	"RPL13A"	0.56125
"EEF2"	"DPH5"	0.788
"EEF2"	"NDUFV1"	0.392
"EEF2"	"RPL37A"	0.539
"EEF2"	"MRPS12"	0.35175
"EEF2"	"GSPT2"	0.319
"EEF2"	"XAB2"	0.4875
"EEF2"	"RPL14"	0.57475
"EEF2"	"RPL32"	0.47825
"EEF2"	"EIF4A2"	0.32625
"EEF2"	"ISYNA1"	0.3815
"EEF2"	"ACTA1"	0.4
"EEF2"	"EIF5A"	0.5205
"EEF2"	"MDH2"	0.47075
"EEF2"	"STK11"	0.61225
"EEF2"	"RPL7"	0.54925
"EEF2"	"TUBB"	0.554
"EEF2"	"LSM2"	0.4855
"EEF2"	"RPS2"	0.60225
"EEF2"	"RPL4"	0.62025
"EEF2"	"EEF1G"	0.61425
"EEF2"	"RPL36AL"	0.5515
"EEF2"	"RPL18"	0.51975
"EEF2"	"WDTC1"	0.61225
"EEF2"	"PGK1"	0.5665
"EEF2"	"RPL10"	0.538
"EEF2"	"RPL41"	0.3895
"EEF2"	"RPLP0"	0.596
"EEF2"	"PPP2R4"	NA
"EEF2"	"RHOT2"	0.461
"SNCB"	"ALAS2"	0.308
"MRPS12"	"RPL15"	0.5725
"MRPS12"	"RPL4"	0.41175
"MRPS12"	"RPL36AL"	0.4715
"MRPS12"	"RPL18"	0.44525
"MRPS12"	"RPL13A"	0.483
"MRPS12"	"RPS21"	0.60675
"MRPS12"	"RPL27A"	0.50125
"MRPS12"	"RPL11"	0.47275
"MRPS12"	"MRPL52"	0.81175
"MRPS12"	"GSPT2"	0.27275
"MRPS12"	"RPL10"	0.444
"MRPS12"	"RPL37A"	0.419
"MRPS12"	"RPLP0"	0.387
"MRPS12"	"MRPS24"	0.869
"MRPS12"	"RPL14"	0.44525
"MRPS12"	"RPL32"	0.549
"MRPS12"	"MRPL21"	0.81175
"MRPS12"	"EIF5A"	0.37325
"MRPS12"	"FAU"	NA
"MRPS12"	"RPL7"	0.42375
"MRPS12"	"RPLP2"	0.43275
"MRPS12"	"RPS2"	0.44025
"BAD"	"MCL1"	0.62175
"BAD"	"BBC3"	0.594
"BAD"	"BID"	0.7585
"RPL15"	"RPL10"	0.63075
"RPL15"	"EXOSC3"	0.51875
"RPL15"	"RPL37A"	0.67075
"RPL15"	"RPL41"	0.72875
"RPL15"	"RPLP0"	0.54875
"RPL15"	"RPL14"	0.579
"RPL15"	"EEF1G"	0.53125
"RPL15"	"RPL32"	0.66125
"RPL15"	"EIF4A2"	0.46425
"RPL15"	"FAU"	NA
"RPL15"	"EIF5A"	0.501
"RPL15"	"DDOST"	0.39975
"RPL15"	"RPL7"	0.6015
"RPL15"	"RPS21"	0.73525
"RPL15"	"RPL27A"	0.6415
"RPL15"	"RPL11"	0.619
"RPL15"	"RPLP2"	0.56525
"RPL15"	"RPS2"	0.6005
"RPL15"	"RPL4"	0.585
"RPL15"	"GSPT2"	0.47975
"RPL15"	"RPL36AL"	0.6935
"RPL15"	"RPL18"	0.62475
"RPL15"	"RPL13A"	0.63925
"HCFC1"	"FOXK1"	0.479
"HCFC1"	"HIST1H2AC"	0.47175
"HCFC1"	"SIN3B"	0.494
"HCFC1"	"SP1"	0.49625
"HRAS"	"RTN4RL2"	0.2885
"HRAS"	"RASSF7"	0.25425
"HRAS"	"SDHC"	0.372
"HRAS"	"SPHK1"	0.702
"HRAS"	"SYNGAP1"	0.788
"HRAS"	"FHIT"	0.6425
"HRAS"	"EPHB3"	0.5455
"HRAS"	"S100A6"	0.51475
"HRAS"	"MCL1"	0.525
"HRAS"	"ACTA1"	0.29475
"HRAS"	"CALML5"	0.44475
"HRAS"	"TNF"	0.40625
"HRAS"	"VAV1"	0.66375
"HRAS"	"S100A8"	0.4635
"HRAS"	"SOS1"	0.702
"HRAS"	"GNB1"	0.51575
"HRAS"	"STK11"	0.55225
"HRAS"	"TP73"	0.534
"HRAS"	"RGS14"	0.4065
"HRAS"	"SOCS1"	0.5155
"HRAS"	"SLC3A2"	0.5395
"HRAS"	"FGF8"	0.17225
"HRAS"	"OPTC"	0.14575
"HRAS"	"STAT5A"	0.5015
"HRAS"	"EIF4EBP1"	0.60375
"HRAS"	"FOXM1"	0.3655
"HRAS"	"RASGRP2"	0.66375
"HRAS"	"GNAI2"	0.51075
"HRAS"	"WDTC1"	0.3655
"HRAS"	"SLC9A3R2"	0.37275
"HRAS"	"CAMK2A"	0.48775
"HRAS"	"IGFALS"	0.21625
"HRAS"	"HCK"	0.487
"HRAS"	"SP1"	0.277
"HRAS"	"LCE3C"	0.52775
"HRAS"	"CEBPA"	0.3575
"HRAS"	"PIK3R5"	0.52325
"TBX5"	"WNT11"	0.33125
"TBX5"	"FGF8"	0.17225
"TBX5"	"TNNT2"	0.32875
"IRF3"	"IFITM1"	0.214
"IRF3"	"HLA-DRB1"	0.285
"IRF3"	"HLA-G"	0.301
"IRF3"	"IFI30"	0.52275
"IRF3"	"IFIT2"	0.6
"IRF3"	"HLA-DRA"	0.288
"IRF3"	"TREX1"	0.557
"IRF3"	"SOCS1"	0.61375
"IRF3"	"ADAR"	0.59975
"IRF3"	"TRIM22"	0.70825
"IRF3"	"TRIM46"	0.1125
"IRF3"	"HLA-DQA2"	0.30225
"IRF3"	"GTF2F1"	0.5005
"IRF3"	"IRF7"	0.7095
"IRF3"	"IRF2"	0.6245
"IRF3"	"TNF"	0.2145
"IRF3"	"TRIM3"	0.69175
"BRSK1"	"CAMKK2"	0.33475
"BRSK1"	"STK11"	0.508
"BRSK1"	"EEF1G"	0.46875
"BRSK1"	"PRMT5"	0.50875
"VANGL1"	"DLG5"	NA
"VANGL1"	"WNT11"	NA
"VANGL1"	"ADAR"	NA
"CKS1B"	"FOXM1"	0.7955
"CKS1B"	"DNAJC9"	0.3705
"CKS1B"	"RRM2"	0.236
"CYP4A11"	"SCNN1D"	0.389
"CYP4A11"	"PLA2G2F"	0.32025
"CYP4A11"	"LSS"	0.50325
"CYP4A11"	"CHDH"	0.368
"CYP4A11"	"POR"	0.61175
"VEGFB"	"TMSB4X"	0.578
"RPL4"	"RPS21"	0.5485
"RPL4"	"RPL27A"	0.58825
"RPL4"	"RPL11"	0.683
"RPL4"	"RPLP2"	0.6835
"RPL4"	"RPL13A"	0.72125
"RPL4"	"ATP5G2"	NA
"RPL4"	"GSPT2"	0.3485
"RPL4"	"EXOSC3"	0.51575
"RPL4"	"RPL37A"	0.6855
"RPL4"	"RPL14"	0.59
"RPL4"	"RPL32"	0.554
"RPL4"	"PSTPIP1"	0.50625
"RPL4"	"EIF4A2"	0.3535
"RPL4"	"EIF5A"	0.54125
"RPL4"	"FTSJ3"	0.472
"RPL4"	"RPL7"	0.7115
"RPL4"	"RPS2"	0.70625
"RPL4"	"RPL18"	0.7155
"RPL4"	"DDOST"	0.5145
"RPL4"	"RPL36AL"	0.61625
"RPL4"	"PGK1"	0.52075
"RPL4"	"RPL10"	0.6205
"RPL4"	"RPL41"	0.4945
"RPL4"	"RPLP0"	0.70025
"RPL4"	"EEF1G"	0.6205
"RPL4"	"FAU"	NA
"RPL4"	"MYBBP1A"	0.54925
"GSTM1"	"COMT"	0.4125
"ARR3"	"ADRBK1"	NA
"ARR3"	"CXCR4"	0.306
"ARR3"	"KCNE1"	0.221
"CD7"	"CEBPA"	0.1995
"CD7"	"SPN"	0.44625
"ADRBK1"	"FSHR"	NA
"ADRBK1"	"GNB1"	NA
"ADRBK1"	"OR6N1"	NA
"ADRBK1"	"CXCR4"	NA
"ADRBK1"	"P2RY11"	NA
"ADRBK1"	"OR1M1"	NA
"ADRBK1"	"UTS2R"	NA
"ADRBK1"	"CSNK1E"	NA
"ADRBK1"	"GIT1"	NA
"ADRBK1"	"OR2Z1"	NA
"ADRBK1"	"OR4C46"	NA
"SEZ6L2"	"DOC2A"	NA
"ACAD9"	"TXNRD2"	0.57925
"ACAD9"	"NDUFV1"	0.6455
"ACAD9"	"NDUFA3"	0.674
"ACAD9"	"ECHS1"	0.61275
"TCAP"	"TNNI1"	0.72375
"TCAP"	"OBSCN"	0.68925
"TCAP"	"TNNT2"	0.742
"TCAP"	"TPM2"	0.6205
"CAMKK2"	"STK11"	0.452
"CAMKK2"	"CALML5"	0.3905
"NFKBIB"	"NFKB2"	0.788
"NFKBIB"	"CORT"	0.13975
"NFKBIB"	"TNF"	0.316
"NFKBIB"	"PSME4"	0.788
"NFKBIB"	"PSMA7"	0.788
"GNAI2"	"PIK3R5"	0.5855
"GNAI2"	"RTN4RL2"	0.448
"GNAI2"	"RHOG"	0.5525
"GNAI2"	"CXCR4"	0.53575
"GNAI2"	"FSHR"	0.3695
"GNAI2"	"CACNA1A"	0.4725
"GNAI2"	"SLC3A2"	0.59925
"GNAI2"	"PTPRU"	0.3395
"GNAI2"	"GNB1"	0.6455
"GNAI2"	"RGS14"	0.5225
"GNAI2"	"OPTC"	0.29125
"GNAI2"	"NPW"	0.6575
"GNAI2"	"DIRAS3"	NA
"GNAI2"	"CORT"	0.3125
"GNAI2"	"DHX30"	0.4545
"GNAI2"	"GRM4"	0.51575
"GNAI2"	"IGFALS"	0.49275
"GNAI2"	"HCK"	0.55825
"GNAI2"	"DIRAS2"	0.76725
"BAI1"	"RHOG"	NA
"SPHK1"	"ANAPC2"	0.44725
"SPHK1"	"TNF"	0.39775
"SPHK1"	"PPAP2C"	NA
"KLHDC3"	"SOS1"	0.529
"KLHDC3"	"RASGRP2"	0.452
"ANAPC2"	"KLC2"	0.46275
"ANAPC2"	"SOCS1"	0.612
"ANAPC2"	"PSMA7"	0.522
"ANAPC2"	"MIB2"	0.4975
"ANAPC2"	"PCGF6"	0.6425
"ANAPC2"	"HIST1H2AC"	0.51725
"ANAPC2"	"ASB2"	0.64525
"ANAPC2"	"HECTD3"	0.3225
"ANAPC2"	"PSME4"	0.609
"ANAPC2"	"RNF130"	0.49275
"ANAPC2"	"UBE2V1"	0.59175
"ANAPC2"	"IFIT2"	0.50225
"TSC22D3"	"SCNN1D"	0.22575
"KLC2"	"RHOG"	0.43475
"KLC2"	"KIF1A"	0.37625
"KLC2"	"LSMD1"	NA
"KLC2"	"SURF4"	0.37975
"KLC2"	"HLA-DMA"	0.42575
"KLC2"	"HLA-DRB1"	0.3835
"KLC2"	"NFKB2"	0.4755
"KLC2"	"HLA-DQA2"	0.37525
"KLC2"	"OSBPL1A"	0.46575
"KLC2"	"DYNC1H1"	0.56
"KLC2"	"KIF25"	0.44375
"KLC2"	"HLA-DRA"	0.36975
"KLC2"	"FOXH1"	0.431
"KLC2"	"KIFC1"	0.60225
"KLC2"	"EXT2"	0.40175
"OR2Z1"	"GNB1"	0.76725
"OR2Z1"	"ZNF414"	NA
"DLGAP1"	"HOMER3"	0.76725
"DLGAP1"	"SYNGAP1"	0.196
"DLGAP1"	"CAMK2A"	0.76725
"TRAPPC5"	"XAB2"	0.21875
"TRAPPC5"	"MRPL21"	0.2595
"FKBP10"	"ECE1"	NA
"FKBP10"	"CRTAP"	NA
"FKBP10"	"CHCHD2"	NA
"APOL1"	"COMT"	0.44725
"APOL1"	"LPA"	0.611
"APOL1"	"SP1"	0.25675
"COX5A"	"UQCRQ"	0.80425
"COX5A"	"ATP5G2"	NA
"COX5A"	"WDTC1"	0.33475
"COX5A"	"SDHC"	0.67125
"COX5A"	"CHCHD2"	0.57875
"COX5A"	"TRIM3"	0.35425
"COX5A"	"MDH2"	0.5235
"COX5A"	"MGAM"	0.3605
"COX5A"	"ATP5G1"	NA
"COX5A"	"NDUFV1"	0.70425
"CES2"	"CDA"	0.47975
"TNIP1"	"LRRC20"	NA
"TNIP1"	"TNF"	0.2115
"GYS1"	"ISYNA1"	0.56625
"GYS1"	"SLC1A5"	0.4805
"GYS1"	"PGK1"	0.52175
"GYS1"	"UGP2"	0.44775
"MRPS24"	"MRPL21"	0.79175
"MRPS24"	"MRPL52"	0.79175
"OS9"	"BET1L"	0.51825
"BID"	"TP73"	0.428
"BID"	"MCL1"	0.664
"BID"	"BBC3"	0.52
"PRMT5"	"GEMIN4"	0.537
"PRMT5"	"GTF2F1"	0.52675
"PRMT5"	"DYNC1H1"	0.41875
"PRMT5"	"LSM2"	0.53025
"PRMT5"	"HIST1H2AC"	0.50525
"PRMT5"	"PRMT8"	0.353
"NUDC"	"RANGAP1"	0.51025
"NUDC"	"INCENP"	0.48525
"NUDC"	"DYNC1H1"	0.38725
"NUDC"	"MDH2"	0.4685
"CHDH"	"PLA2G2F"	0.32775
"CHDH"	"TBXAS1"	0.28075
"CHDH"	"ECHS1"	0.70275
"CHDH"	"HSD17B1"	0.35875
"CHDH"	"DHRS7B"	0.396
"OSBPL1A"	"HLA-DMA"	0.4595
"OSBPL1A"	"HLA-DRB1"	0.5095
"OSBPL1A"	"DYNC1H1"	0.53875
"OSBPL1A"	"HLA-DQA2"	0.43425
"OSBPL1A"	"HLA-DRA"	0.4835
"TTLL11"	"CRTC2"	0.49275
"HIST1H2AC"	"FOXK1"	0.65375
"HIST1H2AC"	"TAF1C"	0.62025
"HIST1H2AC"	"TCF7"	0.5935
"HIST1H2AC"	"SUDS3"	0.6335
"HIST1H2AC"	"POLR2L"	0.5335
"HIST1H2AC"	"MTA1"	0.5765
"HIST1H2AC"	"SIN3B"	0.71275
"HIST1H2AC"	"PHF1"	0.597
"HIST1H2AC"	"BAZ1B"	0.629
"HIST1H2AC"	"BCL9L"	0.6045
"HIST1H2AC"	"MYBBP1A"	0.521
"SLC34A1"	"SLC9A3R2"	0.44325
"GEMIN4"	"LSM2"	0.5445
"GEMIN4"	"KHSRP"	0.55175
"FGF8"	"MSX1"	0.16
"FGF8"	"PAX8"	0.16
"FGF8"	"NPM3"	0.17225
"FGF8"	"WNT11"	0.78175
"FGF8"	"NES"	0.17225
"FGF8"	"LBH"	NA
"FGF8"	"TH"	0.17225
"FGF8"	"ALX4"	0.16
"FGF8"	"TBX1"	0.16
"FGF8"	"LHX2"	NA
"RHOT2"	"RHOG"	0.50375
"RHOT2"	"OBSCN"	0.48925
"RHOT2"	"RPS2"	0.492
"RHOT2"	"FGD3"	0.3785
"RHOT2"	"ARHGEF16"	0.788
"RHOT2"	"VAV1"	0.61875
"RHOT2"	"ARHGAP9"	0.40525
"RHOT2"	"SOS1"	0.61
"RHOT2"	"RHOBTB1"	0.57275
"PORCN"	"WNT11"	0.2965
"RPLP2"	"RPL14"	0.67225
"RPLP2"	"EXOSC3"	0.3725
"RPLP2"	"DDOST"	0.44275
"RPLP2"	"RPL10"	0.5525
"RPLP2"	"RPL7"	0.63325
"RPLP2"	"RPS21"	0.53625
"RPLP2"	"RPL27A"	0.61675
"RPLP2"	"RPL11"	0.62975
"RPLP2"	"RPS2"	0.7185
"RPLP2"	"RPL13A"	0.65425
"RPLP2"	"GSPT2"	0.37325
"RPLP2"	"RPL37A"	0.727
"RPLP2"	"RPL41"	0.55025
"RPLP2"	"RPLP0"	0.6375
"RPLP2"	"RPL36AL"	0.57225
"RPLP2"	"RPL18"	0.661
"RPLP2"	"EEF1G"	0.58975
"RPLP2"	"RPL32"	0.6355
"RPLP2"	"EIF4A2"	0.372
"RPLP2"	"EIF5A"	0.4775
"RPLP2"	"FAU"	NA
"NDUFV1"	"MDH2"	0.58675
"NDUFV1"	"RNASET2"	0.2505
"NDUFV1"	"POR"	0.50175
"NDUFV1"	"UQCRQ"	0.7455
"NDUFV1"	"SDHC"	0.6995
"NDUFV1"	"NDUFA3"	0.787
"NDUFV1"	"SLC9A3R2"	0.25775
"KIF1A"	"PPFIA3"	0.32025
"KIF1A"	"KIFC1"	0.495
"KIF1A"	"SURF4"	0.1815
"KIF1A"	"OBSCN"	0.355
"KIF1A"	"DYNC1H1"	0.4145
"KIF1A"	"KIF25"	0.5495
"KIF1A"	"WDTC1"	0.3155
"KIF1A"	"GIT1"	0.138
"EXOSC3"	"ZFP36L1"	0.53825
"EXOSC3"	"RPLP0"	0.45475
"EXOSC3"	"RPL14"	0.38025
"EXOSC3"	"RPL32"	0.38825
"EXOSC3"	"KHSRP"	0.6745
"EXOSC3"	"KPNA6"	0.50275
"EXOSC3"	"RPL7"	0.5235
"EXOSC3"	"RPL27A"	0.40925
"EXOSC3"	"RPL11"	0.558
"EXOSC3"	"RPS2"	0.5
"EXOSC3"	"RPL41"	0.4025
"EXOSC3"	"RPL36AL"	0.494
"EXOSC3"	"RPL18"	0.50425
"EXOSC3"	"RPL13A"	0.51175
"EXOSC3"	"RPL10"	0.4895
"EXOSC3"	"RPL37A"	0.47725
"UTS2R"	"GNB1"	0.48025
"UTS2R"	"P2RY11"	0.756
"UTS2R"	"EVX1"	0.19675
"UTS2R"	"ZFPM1"	0.174
"CRTAP"	"COL9A3"	0.6675
"P2RY11"	"GNB1"	0.4375
"P2RY11"	"FSHR"	0.66025
"P2RY11"	"ADM2"	0.14975
"P2RY11"	"HTR4"	0.59425
"P2RY11"	"WDTC1"	0.19
"P2RY11"	"ENTPD2"	0.56525
"P2RY11"	"GPR20"	0.65575
"ANP32E"	"RPS2"	0.47075
"ANP32E"	"H2AFY"	0.58575
"POLR2L"	"ENTPD2"	0.2155
"POLR2L"	"CTNNBL1"	0.48325
"POLR2L"	"UBL5"	0.49175
"POLR2L"	"BAZ1B"	0.526
"POLR2L"	"SP1"	0.50225
"POLR2L"	"MYBBP1A"	0.535
"POLR2L"	"PCBP2"	0.52975
"POLR2L"	"GTF2F1"	0.61275
"POLR2L"	"LSM2"	0.5265
"POLR2L"	"POLR2J2"	0.927
"POLR2L"	"RPL18"	0.49725
"POLR2L"	"TAF1C"	0.616
"POLR2L"	"CPSF1"	0.552
"POLR2L"	"XAB2"	0.478
"POLR2L"	"ZMAT5"	0.49
"IL32"	"TNF"	0.334
"STK11"	"WDR6"	0.54975
"STK11"	"WDTC1"	0.7955
"STK11"	"EIF4EBP1"	0.4885
"STK11"	"CRTC2"	0.65775
"WNT11"	"ALX4"	0.35775
"WNT11"	"TCF7"	0.24975
"WNT11"	"GNB1"	0.4335
"CNDP2"	"GCLM"	0.41025
"CNDP2"	"GLUD2"	0.3975
"ODF3"	"PFDN2"	NA
"ODF3"	"ODF4"	NA
"EIF4A2"	"RPS21"	0.4235
"EIF4A2"	"RPL27A"	0.454
"EIF4A2"	"RPL11"	0.3805
"EIF4A2"	"EIF4EBP1"	0.52525
"EIF4A2"	"RPL13A"	0.35925
"EIF4A2"	"EIF4G3"	0.75775
"EIF4A2"	"RPL37A"	0.38625
"EIF4A2"	"RPL14"	0.37575
"EIF4A2"	"RPL32"	0.4325
"EIF4A2"	"EIF5A"	0.37675
"EIF4A2"	"FKBP1C"	NA
"EIF4A2"	"FTSJ3"	0.2225
"EIF4A2"	"RPL7"	0.36225
"EIF4A2"	"PCBP2"	0.3495
"EIF4A2"	"RPS2"	0.348
"EIF4A2"	"RPL18"	0.361
"EIF4A2"	"RPL36AL"	0.436
"EIF4A2"	"RPL10"	0.414
"EIF4A2"	"RPLP0"	0.33975
"EIF4A2"	"RPL41"	0.477
"EIF4A2"	"EEF1G"	0.397
"EIF4A2"	"FAU"	NA
"THOC6"	"CPSF1"	0.57475
"TACC3"	"INCENP"	0.48075
"TACC3"	"FOXM1"	0.3845
"ZFPM1"	"STAT5A"	0.446
"ZFPM1"	"MTA1"	0.59175
"ZFPM1"	"GATA2"	0.53
"ARFRP1"	"WDTC1"	0.34325
"ARFRP1"	"DNAJB2"	0.491
"ARFRP1"	"LSMD1"	NA
"ARFRP1"	"TGOLN2"	0.5895
"LIMS2"	"OBSCN"	0.35075
"MDH2"	"TXNRD2"	0.61125
"MDH2"	"PGK1"	0.4575
"MDH2"	"EEF1G"	0.53675
"MDH2"	"GLUD2"	0.812
"MDH2"	"SDHC"	0.4905
"MDH2"	"ATP5G2"	NA
"MDH2"	"IDH2"	0.7715
"MYT1"	"SIN3B"	0.58675
"TSEN54"	"CPSF1"	0.579
"GLUD2"	"IDH2"	0.812
"GLUD2"	"PGK1"	0.3975
"GLUD2"	"GCLM"	0.3975
"CNGA2"	"CALML5"	0.3415
"FOXK1"	"SUDS3"	0.60525
"OR4C46"	"GNB1"	0.76725
"STAC3"	"NUMA1"	0.39525
"SP1"	"KLF6"	0.46775
"SP1"	"ACTA1"	0.243
"SP1"	"GTF2F1"	0.54125
"SP1"	"CEBPA"	0.58225
"SP1"	"SDHC"	0.28975
"SP1"	"NFKB2"	0.49
"SP1"	"CRABP2"	0.42925
"SP1"	"FOXM1"	0.7955
"SP1"	"NR5A1"	0.5765
"SP1"	"TNF"	0.1625
"SP1"	"PPP2R4"	NA
"SP1"	"BBC3"	0.2675
"SP1"	"APOL3"	0.18425
"IRF7"	"SOCS1"	0.6
"IRF7"	"ADAR"	0.6
"IRF7"	"TRIM46"	0.1125
"IRF7"	"HLA-DQA2"	0.45475
"IRF7"	"EIF4EBP1"	0.566
"IRF7"	"GTF2F1"	0.48775
"IRF7"	"STAT4"	0.65525
"IRF7"	"IRF2"	0.58725
"IRF7"	"IFITM1"	0.27975
"IRF7"	"IFI30"	0.50425
"IRF7"	"HLA-DRA"	0.4475
"IRF7"	"TRIM22"	0.69225
"IRF7"	"TNF"	0.3365
"IRF7"	"TRIM3"	0.69175
"IRF7"	"HLA-DRB1"	0.45825
"IRF7"	"HLA-G"	0.49325
"IRF7"	"UBE2V1"	0.543
"IRF7"	"IFIT2"	0.59175
"SOCS1"	"RNF130"	0.69175
"SOCS1"	"TNF"	0.26975
"SOCS1"	"VAV1"	0.45325
"SOCS1"	"PIM2"	0.69175
"SOCS1"	"UBE2V1"	0.59325
"SOCS1"	"STAT5A"	0.56725
"SOCS1"	"STAT4"	0.56725
"SOCS1"	"MIB2"	0.518
"SOCS1"	"ASB2"	0.54175
"SOCS1"	"CXCR4"	0.39325
"SOCS1"	"HECTD3"	0.35325
"PPAP2C"	"LPHN1"	NA
"PPAP2C"	"AGPAT1"	NA
"PPAP2C"	"MGAM"	NA
"CD300E"	"ZCWPW1"	NA
"NPW"	"CXCR4"	0.65475
"NPW"	"CORT"	0.78175
"NPW"	"GRM4"	0.18525
"NPW"	"GNB1"	0.6575
"DNAH11"	"TUBB"	0.5515
"DNAH11"	"KIFC1"	0.76
"DNAH11"	"KIF25"	0.76
"DNAH11"	"DYNC1H1"	0.9005
"DNAH11"	"ACTA1"	0.4625
"KRTAP11-1"	"KRTAP23-1"	0.788
"KRTAP11-1"	"KRTAP19-6"	0.788
"KRTAP11-1"	"KRTAP6-2"	0.788
"KRTAP11-1"	"KRTAP6-3"	0.788
"IFITM1"	"ADAR"	0.39175
"IFITM1"	"TRIM22"	0.202
"IFITM1"	"IRF2"	0.16875
"IFITM1"	"HLA-G"	0.45425
"IFITM1"	"IFIT2"	0.20875
"TSSC4"	"IGF2R"	NA
"TSSC4"	"CDKN1C"	NA
"DGCR6"	"PRODH"	0.07575
"DGCR6"	"TBX1"	0.11075
"IDH2"	"CEBPA"	0.414
"IDH2"	"TXNRD2"	0.63525
"IDH2"	"WDTC1"	0.491
"IDH2"	"ECHS1"	0.7205
"IDH2"	"UGP2"	0.52825
"EEF1G"	"RPL7"	0.54025
"EEF1G"	"RANGAP1"	0.5
"EEF1G"	"RPL36AL"	0.654
"EEF1G"	"RPL27A"	0.62925
"EEF1G"	"RPL11"	0.6055
"EEF1G"	"RTN4RL2"	0.41925
"EEF1G"	"RPL13A"	0.50225
"EEF1G"	"GSPT2"	0.39725
"EEF1G"	"NPM3"	0.53125
"EEF1G"	"RPL37A"	0.5815
"EEF1G"	"TUBB"	0.5065
"EEF1G"	"OPTC"	0.33075
"EEF1G"	"RPS2"	0.633
"EEF1G"	"IGFALS"	0.518
"EEF1G"	"RPLP0"	0.58925
"EEF1G"	"RPL14"	0.6
"EEF1G"	"RPL32"	0.512
"EEF1G"	"CALML5"	0.57725
"EEF1G"	"EIF5A"	0.61225
"EEF1G"	"RPL18"	0.591
"EEF1G"	"PGK1"	0.63325
"EEF1G"	"GNL1"	0.521
"EEF1G"	"RPL10"	0.62525
"EEF1G"	"SDSL"	0.788
"EEF1G"	"FAU"	NA
"LSMD1"	"LSM2"	NA
"EPHB3"	"AP2A1"	0.45025
"EPHB3"	"ARPC4"	0.418
"EPHB3"	"ARPC5"	0.4335
"EPHB3"	"TCF7"	0.27225
"EPHB3"	"LIMK2"	0.35
"EPHB3"	"GIT1"	0.42725
"EPHB3"	"EFNA4"	0.4465
"TNFAIP2"	"MIB2"	0.232
"ALAS2"	"SARDH"	0.746
"ALAS2"	"HBD"	0.23625
"ALAS2"	"GCAT"	0.696
"ALX4"	"EXT2"	0.40925
"LAMP1"	"VPS28"	0.65475
"LAMP1"	"KIR2DL1"	0.40875
"LAMP1"	"TGOLN2"	0.5375
"LAMP1"	"TNF"	0.561
"LAMP1"	"SQSTM1"	0.46575
"LAMP1"	"IGF2R"	0.618
"RAB11B"	"RAB5B"	0.631
"RAB11B"	"MYO18B"	0.121
"RAB11B"	"RAB5C"	0.63125
"RAB11B"	"PIP5K1C"	0.53
"RAB11B"	"ARL16"	NA
"MTA1"	"PIAS3"	0.7955
"MTA1"	"TAF1C"	0.56
"VWCE"	"DLG5"	0.2545
"CACNA1H"	"CACNA1A"	0.50325
"CACNA1H"	"RASGRP2"	0.535
"CACNA1H"	"CACNA2D4"	0.74975
"CACNA1H"	"PPP2R4"	NA
"CACNA1H"	"CALML5"	0.17675
"KRTAP6-2"	"KRTAP19-6"	0.788
"KRTAP6-2"	"KRTAP23-1"	0.788
"KRTAP6-2"	"KRTAP6-3"	0.788
"MYO18B"	"ACTA1"	0.60875
"MYO18B"	"CALML5"	0.15675
"MYO18B"	"TPM2"	0.60875
"MYO18B"	"MYL6"	0.9495
"TRIM46"	"HLA-DRA"	0.08775
"TRIM46"	"HLA-DRB1"	0.09425
"TRIM46"	"IFI30"	0.11125
"TRIM46"	"HLA-DQA2"	0.08775
"TRIM46"	"HLA-G"	0.09425
"TRIM46"	"IRF2"	0.07725
"BCL9L"	"TCF7"	0.70125
"PIP5K1C"	"PIK3R5"	0.365
"PIP5K1C"	"PLCD1"	0.439
"PIP5K1C"	"DNM2"	0.4515
"RTN4RL2"	"GNB1"	0.56625
"RTN4RL2"	"DIRAS3"	NA
"RTN4RL2"	"DIRAS2"	0.76725
"OR6N1"	"GNB1"	0.76725
"PPFIA3"	"GIT1"	0.3605
"PPFIA3"	"DOC2A"	0.20325
"EIF5A"	"RPL18"	0.537
"EIF5A"	"RPL36AL"	0.5795
"EIF5A"	"RPL7"	0.54525
"EIF5A"	"RPL27A"	0.55325
"EIF5A"	"RPL11"	0.55425
"EIF5A"	"RPS2"	0.54775
"EIF5A"	"RPL13A"	0.5215
"EIF5A"	"PGK1"	0.52475
"EIF5A"	"RPL10"	0.569
"EIF5A"	"RPL37A"	0.46125
"EIF5A"	"RPLP0"	0.50525
"EIF5A"	"RPL14"	0.4875
"KIR2DL1"	"HLA-G"	0.457
"FGD3"	"RHOG"	0.508
"FGD3"	"RHOBTB1"	0.46425
"TNNI1"	"MYL6"	0.417
"TNNI1"	"TNNT2"	0.8
"TNNI1"	"KCNIP2"	0.3215
"TNNI1"	"ACTA1"	0.45825
"TNNI1"	"CALML5"	0.31475
"TNNI1"	"TPM2"	0.71425
"KCNE1"	"KCNJ11"	0.499
"KCNE1"	"TH"	0.29575
"KCNE1"	"KCNIP2"	0.589
"KCNE1"	"PCNT"	0.35925
"KCNE1"	"MICAL1"	0.32775
"ZFP36L1"	"KHSRP"	0.49675
"ISYNA1"	"ECHS1"	0.4075
"ISYNA1"	"MSN"	0.28275
"DNAJB2"	"GSPT2"	0.389
"STARD7"	"NR5A1"	0.303
"RHOBTB1"	"OBSCN"	0.557
"RHOBTB1"	"VAV1"	0.63825
"RHOBTB1"	"ARHGEF16"	0.788
"RHOBTB1"	"RHOG"	0.5055
"RHOBTB1"	"SOS1"	0.68175
"RHOBTB1"	"ACTA1"	0.4075
"RHOBTB1"	"ARHGAP9"	0.49825
"UGP2"	"SLC37A1"	0.32525
"UGP2"	"MGAM"	0.45875
"UGP2"	"WDTC1"	0.601
"RASGRP2"	"CACNA2D4"	0.532
"RASGRP2"	"CACNA1A"	0.44825
"TUBB"	"FAU"	NA
"TUBB"	"AZI1"	NA
"TUBB"	"PCNT"	0.413
"TUBB"	"KIFC1"	0.4685
"TUBB"	"ACTA1"	0.56
"TUBB"	"CALML5"	0.53775
"TUBB"	"TBCA"	0.48625
"TUBB"	"OBSCN"	0.41625
"TUBB"	"DYNC1H1"	0.598
"TUBB"	"KIF25"	0.38775
"TUBB"	"PLP2"	0.29125
"TUBB"	"CSNK1E"	0.4495
"RPLP0"	"RPL37A"	0.635
"RPLP0"	"RPL41"	0.46425
"RPLP0"	"RPL32"	0.52025
"RPLP0"	"FTSJ3"	0.39875
"RPLP0"	"RPL10"	0.60675
"RPLP0"	"RPL7"	0.737
"RPLP0"	"RPS21"	0.50575
"RPLP0"	"RPL27A"	0.571
"RPLP0"	"RPL11"	0.61325
"RPLP0"	"MIB2"	0.391
"RPLP0"	"RPS2"	0.6535
"RPLP0"	"DDOST"	0.52475
"RPLP0"	"RPL36AL"	0.59275
"RPLP0"	"RPL18"	0.6535
"RPLP0"	"RPL13A"	0.661
"RPLP0"	"ATP5G2"	NA
"RPLP0"	"PGK1"	0.48925
"RPLP0"	"GNL1"	0.373
"RPLP0"	"GSPT2"	0.334
"RPLP0"	"RPL14"	0.67075
"RPLP0"	"FAU"	NA
"PLAUR"	"TBCA"	0.26275
"PLAUR"	"HCK"	0.53325
"PLAUR"	"IGF2R"	0.572
"PLAUR"	"TNF"	0.50925
"PLAUR"	"ADAMTS4"	0.17375
"PLAUR"	"FOXM1"	0.452
"CPSF1"	"RANGAP1"	0.391
"CPSF1"	"PCBP2"	0.47525
"CPSF1"	"GTF2F1"	0.555
"CPSF1"	"LSM2"	0.47175
"CPSF1"	"XAB2"	0.4945
"CPSF1"	"CTNNBL1"	0.54125
"RHOG"	"SOS1"	0.51475
"RHOG"	"OBSCN"	0.43075
"RHOG"	"VAV1"	0.4715
"RHOG"	"DNM2"	0.60325
"RHOG"	"ARHGEF16"	0.788
"RHOG"	"ACTA1"	0.4535
"RHOG"	"ARHGAP9"	0.5365
"RPL7"	"RPS21"	0.56325
"RPL7"	"RPL27A"	0.571
"RPL7"	"RPL11"	0.64425
"RPL7"	"RPS2"	0.66575
"RPL7"	"DDOST"	0.4695
"RPL7"	"RPL36AL"	0.60025
"RPL7"	"RPL18"	0.70825
"RPL7"	"RPL13A"	0.738
"RPL7"	"GSPT2"	0.35725
"RPL7"	"GNL1"	0.3295
"RPL7"	"RPL10"	0.5965
"RPL7"	"RPL37A"	0.63725
"RPL7"	"RPL41"	0.512
"RPL7"	"PPAN"	0.4175
"RPL7"	"RPL14"	0.629
"RPL7"	"RPL32"	0.574
"RPL7"	"FAU"	NA
"RPL7"	"FTSJ3"	0.48075
"RPL7"	"MYBBP1A"	0.559
"TPST2"	"KHSRP"	0.345
"TPST2"	"FOXM1"	0.359
"UBE2V1"	"ATP6V1F"	0.46175
"UBE2V1"	"MIB2"	0.3905
"UBE2V1"	"ASB2"	0.53375
"UBE2V1"	"HECTD3"	0.35325
"UBE2V1"	"RNF130"	0.69175
"UBE2V1"	"FAU"	NA
"TCF7"	"NR5A1"	0.76225
"EIF4EBP1"	"PPP2R4"	NA
"EIF4EBP1"	"FKBP1C"	NA
"EIF4EBP1"	"LRRC20"	NA
"EIF4EBP1"	"PIM2"	0.69175
"EIF4EBP1"	"CRTC2"	0.4455
"EIF4EBP1"	"GSPT2"	0.55775
"EIF4EBP1"	"EIF4G3"	0.568
"TRIM3"	"HLA-DRA"	0.378
"TRIM3"	"HLA-DQA2"	0.37625
"TRIM3"	"IRF2"	0.49275
"TRIM3"	"HLA-DRB1"	0.38275
"TRIM3"	"HLA-G"	0.38275
"TRIM3"	"IFI30"	0.4985
"SDSL"	"GCAT"	0.3975
"SDSL"	"SLC3A2"	0.788
"SDSL"	"RPL27A"	0.788
"SDSL"	"RPL11"	0.788
"SIGLEC1"	"SPN"	0.68225
"STAT5A"	"PIAS3"	0.7955
"STAT5A"	"CSF3R"	0.1545
"STAT5A"	"STAT4"	0.79175
"STAT5A"	"SDHC"	0.267
"STAT5A"	"CXCR4"	0.282
"STAT5A"	"MCL1"	0.458
"STAT5A"	"IL6R"	0.096
"STAT5A"	"HCK"	0.42225
"STAT5A"	"TNF"	0.16625
"STAT5A"	"VAV1"	0.50175
"GSPT2"	"RPL27A"	0.46875
"GSPT2"	"RPS21"	0.43025
"GSPT2"	"RPL11"	0.376
"GSPT2"	"RPL13A"	0.35375
"GSPT2"	"RPL37A"	0.38925
"GSPT2"	"RPL14"	0.3775
"GSPT2"	"RPL32"	0.44275
"GSPT2"	"ACTA1"	0.22925
"GSPT2"	"RPS2"	0.34625
"GSPT2"	"RPL36AL"	0.44625
"GSPT2"	"RPL18"	0.36025
"GSPT2"	"PGK1"	0.313
"GSPT2"	"RPL10"	0.41625
"GSPT2"	"RPL41"	0.4985
"GSPT2"	"FAU"	NA
"RPL10"	"RPS21"	0.578
"RPL10"	"RPL27A"	0.709
"RPL10"	"RPL11"	0.6345
"RPL10"	"RPL13A"	0.6235
"RPL10"	"ATP5G2"	NA
"RPL10"	"RPL37A"	0.54575
"RPL10"	"RPL14"	0.562
"RPL10"	"RPL32"	0.61375
"RPL10"	"RPS2"	0.58475
"RPL10"	"RPL18"	0.67325
"RPL10"	"DDOST"	0.62475
"RPL10"	"RPL36AL"	0.71875
"RPL10"	"RPL41"	0.5465
"RPL10"	"FAU"	NA
"RPS2"	"RPL27A"	0.55725
"RPS2"	"RPS21"	0.629
"RPS2"	"RPL41"	0.479
"RPS2"	"CSNK1E"	0.56925
"RPS2"	"RPL14"	0.602
"RPS2"	"RPL32"	0.556
"RPS2"	"ELAVL3"	NA
"RPS2"	"FAU"	NA
"RPS2"	"PRMT8"	0.41225
"RPS2"	"RPL11"	0.667
"RPS2"	"LSM2"	0.5095
"RPS2"	"DDOST"	0.4735
"RPS2"	"RPL36AL"	0.60575
"RPS2"	"RPL18"	0.69025
"RPS2"	"RPL13A"	0.6725
"RPS2"	"MYBBP1A"	0.54925
"RPS2"	"ATP5G2"	NA
"RPS2"	"PGK1"	0.58025
"RPS2"	"RPL37A"	0.73325
"FHIT"	"SARDH"	0.47075
"FOXM1"	"SDHC"	0.362
"FOXM1"	"PAX8"	0.7955
"FOXM1"	"KCNJ11"	0.19
"FOXM1"	"RRM2"	0.236
"FOXM1"	"S100A8"	0.61225
"FOXM1"	"WDTC1"	0.7955
"FOXM1"	"NKX6-2"	0.601
"FOXM1"	"PPP2R4"	NA
"BAZ1B"	"MYBBP1A"	0.48075
"BAZ1B"	"WAC"	0.647
"BAZ1B"	"TAF1C"	0.611
"PYCR2"	"PRODH"	0.7545
"SERPINA6"	"CORT"	0.76475
"GAL3ST1"	"SPN"	0.42875
"GAL3ST1"	"MGAM"	0.424
"HELT"	"GATA2"	0.73925
"HELT"	"MGAM"	0.33825
"TNFSF13"	"SET"	0.4775
"ZMAT5"	"GTF2F1"	0.48475
"ZMAT5"	"LSM2"	0.528
"APOL3"	"COMT"	0.71325
"APOL3"	"TNF"	0.5955
"RPL14"	"RPL27A"	0.62525
"RPL14"	"RPS21"	0.54725
"RPL14"	"RPL11"	0.636
"RPL14"	"DDOST"	0.4525
"RPL14"	"RPL36AL"	0.58475
"RPL14"	"RPL18"	0.553
"RPL14"	"RPL13A"	0.56675
"RPL14"	"RPL37A"	0.587
"RPL14"	"RPL41"	0.559
"RPL14"	"RPL32"	0.642
"RPL14"	"FAU"	NA
"RPL14"	"FTSJ3"	0.32375
"GATA2"	"QRSL1"	0.345
"GATA2"	"CEBPA"	0.646
"RAB5C"	"AP2A1"	0.60975
"RAB5C"	"TGOLN2"	0.561
"RAB5C"	"RAB5B"	0.71625
"RAB5C"	"MCL1"	0.38725
"RAB5C"	"ARPC4"	0.433
"RAB5C"	"IGF2R"	0.6
"RAB5C"	"FTL"	0.54975
"RAB5C"	"SYT8"	0.48825
"RAB5C"	"RBM10"	0.27125
"RAB5C"	"BLOC1S3"	0.38475
"RAB5C"	"ARPC5"	0.45125
"RAB5C"	"NDP"	0.21075
"RAB5C"	"DNM2"	0.4655
"KCNJ11"	"WDTC1"	0.19
"RPS21"	"RPL27A"	0.603
"RPS21"	"RPL11"	0.666
"RPS21"	"UQCRQ"	0.314
"RPS21"	"DDOST"	0.35925
"RPS21"	"RPL36AL"	0.63075
"RPS21"	"RPL18"	0.631
"RPS21"	"RPL13A"	0.5965
"RPS21"	"RPL37A"	0.6085
"RPS21"	"RPL41"	0.7585
"RPS21"	"CSNK1E"	0.5865
"RPS21"	"RPL32"	0.69275
"RPS21"	"ELAVL3"	NA
"RPS21"	"FAU"	NA
"RPL36AL"	"RPL27A"	0.7325
"RPL36AL"	"RPL18"	0.68375
"RPL36AL"	"RPL11"	0.61375
"RPL36AL"	"DDOST"	0.605
"RPL36AL"	"RPL13A"	0.6225
"RPL36AL"	"RPL37A"	0.591
"RPL36AL"	"RPL41"	0.60675
"RPL36AL"	"RPL32"	0.6505
"RPL36AL"	"FAU"	NA
"RPL27A"	"SLC3A2"	0.53375
"RPL27A"	"RPL11"	0.6
"RPL27A"	"DDOST"	0.58325
"RPL27A"	"RPL18"	0.662
"RPL27A"	"RPL13A"	0.60125
"RPL27A"	"RPL37A"	0.5265
"RPL27A"	"RPL41"	0.64725
"RPL27A"	"RPL32"	0.72425
"RPL27A"	"PSTPIP1"	0.57375
"RPL27A"	"FAU"	NA
"KIF25"	"SURF4"	0.203
"KIF25"	"INCENP"	0.36925
"KIF25"	"KIFC1"	0.63525
"KIF25"	"DYNC1H1"	0.53275
"ADAMTSL2"	"ADAMTS13"	NA
"ADAMTSL2"	"ADAMTS4"	NA
"KRTAP23-1"	"KRTAP19-6"	0.788
"KRTAP23-1"	"KRTAP6-3"	0.788
"ENTPD2"	"POLR2J2"	0.12175
"ENTPD2"	"WDTC1"	0.28975
"ENTPD2"	"RRM2"	0.196
"MRPL52"	"MRPL21"	0.8545
"HTR3A"	"HTR4"	0.58525
"DNM2"	"VAV1"	0.34875
"DNM2"	"HLA-DRA"	0.49925
"DNM2"	"RAB5B"	0.497
"DNM2"	"MPZ"	0.76725
"DNM2"	"TGOLN2"	0.46075
"DNM2"	"MSN"	0.545
"DNM2"	"PSTPIP1"	0.4535
"DNM2"	"HLA-DQA2"	0.4915
"DNM2"	"SYT8"	0.53325
"DNM2"	"AP2A1"	0.51575
"DNM2"	"ACTA1"	0.4415
"DNM2"	"ARPC4"	0.34775
"DNM2"	"IGF2R"	0.5465
"DNM2"	"HLA-DRB1"	0.5095
"DNM2"	"ARPC5"	0.459
"ATP5G1"	"RPL11"	NA
"ATP5G1"	"UQCRQ"	NA
"ATP5G1"	"ATP6V1F"	NA
"ATP5G1"	"CHCHD2"	NA
"ATP5G1"	"ATP5G2"	NA
"ATP5G1"	"ATP6AP1"	NA
"ATP5G1"	"RRM2"	NA
"ATP5G1"	"TIMM8A"	NA
"RANGAP1"	"INCENP"	0.54775
"RANGAP1"	"GNL1"	0.34525
"RANGAP1"	"RPL37A"	0.44875
"DYNC1H1"	"AZI1"	NA
"DYNC1H1"	"PCNT"	0.61475
"DYNC1H1"	"HLA-DQA2"	0.4125
"DYNC1H1"	"KIFC1"	0.56675
"DYNC1H1"	"RAB3GAP2"	0.43925
"DYNC1H1"	"BET1L"	0.412
"DYNC1H1"	"EPPK1"	0.44975
"DYNC1H1"	"HLA-DRA"	0.46675
"DYNC1H1"	"CSNK1E"	0.3885
"DYNC1H1"	"MSN"	0.462
"DYNC1H1"	"HLA-DMA"	0.40225
"DYNC1H1"	"ACTA1"	0.53475
"DYNC1H1"	"HLA-DRB1"	0.4745
"DYNC1H1"	"TPM2"	0.47375
"TNFRSF10C"	"ECE1"	0.40125
"TNFRSF10C"	"TNF"	0.5155
"TNFRSF10C"	"MCL1"	0.27875
"TNFRSF10C"	"NDP"	0.4985
"ADAM15"	"HCK"	0.3395
"IGF2R"	"AP2A1"	0.6055
"IGF2R"	"SYT8"	0.49325
"IGF2R"	"BLOC1S3"	0.40525
"IGF2R"	"CDKN1C"	0.29475
"IGF2R"	"ARPC5"	0.4625
"IGF2R"	"RAB5B"	0.626
"IGF2R"	"TGOLN2"	0.6765
"IGF2R"	"ARPC4"	0.37775
"IGF2R"	"FTL"	0.46075
"MFNG"	"CRB2"	0.73
"MFNG"	"LHX2"	NA
"PRODH"	"COMT"	0.32625
"ASNA1"	"EMD"	0.52425
"SEMA4F"	"OBSCN"	0.41975
"XAB2"	"PCBP2"	0.47725
"XAB2"	"GTF2F1"	0.4925
"XAB2"	"LSM2"	0.576
"XAB2"	"CTNNBL1"	0.78325
"STAT4"	"TNF"	0.16625
"STAT4"	"PIAS3"	0.7955
"STAT4"	"HLA-DRB1"	0.24725
"ZNF429"	"HLA-DRB1"	NA
"ZNF429"	"HLA-DRA"	NA
"UBL5"	"UQCRQ"	0.37175
"UBL5"	"POLR2J2"	0.30075
"UBL5"	"FAU"	NA
"ENTPD4"	"NT5M"	0.2375
"ENTPD4"	"RRM2"	0.33225
"MICAL1"	"TH"	0.3905
"MICAL1"	"ACTA1"	0.422
"PPP2R4"	"CACNA1A"	NA
"PPP2R4"	"TLX1"	NA
"PPP2R4"	"MCL1"	NA
"PPP2R4"	"PRAM1"	NA
"PPP2R4"	"SET"	NA
"PPP2R4"	"CACNA2D4"	NA
"AP2A1"	"HLA-DQA2"	0.69825
"AP2A1"	"SYT8"	0.519
"AP2A1"	"ARPC5"	0.39125
"AP2A1"	"MSN"	0.386
"AP2A1"	"HLA-DRB1"	0.65775
"AP2A1"	"ARPC4"	0.3865
"AP2A1"	"RAB5B"	0.61875
"AP2A1"	"HLA-DRA"	0.64625
"AP2A1"	"TGOLN2"	0.63925
"ELAVL3"	"HSD17B1"	NA
"ELAVL3"	"FAU"	NA
"ELAVL3"	"DHRS7B"	NA
"PCBP2"	"GTF2F1"	0.528
"PCBP2"	"CEBPA"	0.499
"PCBP2"	"CTNNBL1"	0.5055
"PCBP2"	"LSM2"	0.46775
"PCNT"	"AZI1"	NA
"PCNT"	"CNTROB"	0.752
"PCNT"	"CSNK1E"	0.41475
"ARPC5"	"SYT8"	0.34475
"ARPC5"	"EFHD2"	NA
"ARPC5"	"RAB5B"	0.4875
"ARPC5"	"TGOLN2"	0.40025
"ARPC5"	"ACTA1"	0.54875
"ARPC5"	"ARPC4"	0.6995
"DDA1"	"ECHS1"	0.356
"CSNK1E"	"SMAP1"	NA
"CSNK1E"	"AZI1"	NA
"CSNK1E"	"CSNK2B"	0.54
"CSNK1E"	"OBSCN"	0.48925
"HLA-DRB1"	"GNB1"	0.59975
"HLA-DRB1"	"HLA-DRA"	0.85375
"HLA-DRB1"	"TRIM22"	0.36075
"HLA-DRB1"	"HLA-DQA2"	0.771
"HLA-DRB1"	"IRF2"	0.239
"HLA-DRB1"	"LAT"	0.506
"HLA-DRB1"	"TNF"	0.594
"HLA-DRB1"	"VAV1"	0.355
"HLA-DRB1"	"PADI4"	0.306
"HLA-DRB1"	"HLA-DMA"	0.6245
"HLA-DRB1"	"FYB"	NA
"HLA-DRB1"	"HLA-G"	0.71375
"HLA-DRB1"	"IFI30"	0.33975
"SPN"	"TNF"	0.62975
"SPN"	"VAV1"	0.347
"SPN"	"MSN"	0.56125
"CD300A"	"MSN"	0.417
"CACNA1A"	"CALML5"	0.4085
"CACNA1A"	"GNB1"	0.4855
"CACNA1A"	"CACNA2D4"	0.412
"CACNA1A"	"KCNIP2"	0.519
"CACNA1A"	"KCNK4"	0.4645
"MSN"	"ACTA1"	0.53025
"MSN"	"CRB2"	0.44375
"MSN"	"PGK1"	0.428
"MSN"	"SLC9A3R2"	0.44375
"MSN"	"VAV1"	0.322
"RAB5B"	"TGOLN2"	0.59175
"RAB5B"	"ARPC4"	0.465
"RAB5B"	"SYT8"	0.5175
"RAB5B"	"RBM10"	0.3395
"HLA-G"	"HLA-DRA"	0.685
"HLA-G"	"ADM2"	0.16725
"HLA-G"	"ADAR"	0.3855
"HLA-G"	"TRIM22"	0.38375
"HLA-G"	"HLA-DQA2"	0.75425
"HLA-G"	"IRF2"	0.24875
"HLA-G"	"IFI30"	0.2655
"HLA-G"	"IFIT2"	0.37425
"RRM2"	"ATP5G2"	NA
"RRM2"	"DNAJC9"	0.788
"RRM2"	"TNNT2"	0.788
"HTR4"	"FSHR"	0.551
"HTR4"	"GNB1"	0.51175
"HTR4"	"ADM2"	0.17225
"HTR4"	"GPR20"	0.5345
"CYB561"	"DBH"	0.35325
"DNAJC5"	"ECE1"	0.57925
"TPM2"	"MYL6"	0.49
"TPM2"	"TNNT2"	0.702
"TPM2"	"ACTA1"	0.543
"COMT"	"TXNRD2"	0.39925
"COMT"	"DBH"	0.53625
"COMT"	"TH"	0.60625
"MRPL21"	"PSTPIP1"	0.392
"CTNNBL1"	"LSM2"	0.54625
"CTNNBL1"	"GTF2F1"	0.5105
"SEPN1"	"SEPW1"	NA
"SEPN1"	"ACTA1"	NA
"SEPN1"	"TXNRD2"	NA
"HMGN2"	"TXNRD2"	0.4655
"WDTC1"	"MGAM"	0.30675
"WDTC1"	"ATP6V1F"	0.30775
"WDTC1"	"NUMA1"	0.7955
"WDTC1"	"TNF"	0.25975
"WDTC1"	"DPH5"	0.236
"IRF2BP2"	"IRF2"	0.51375
"ACTA1"	"MYL6"	0.52175
"ACTA1"	"TMSB4X"	0.41475
"ACTA1"	"TNNT2"	0.5545
"ACTA1"	"ARPC4"	0.51225
"ACTA1"	"CALML5"	0.37525
"ACTA1"	"OBSCN"	0.4505
"ACTA1"	"DIRAS3"	NA
"ACTA1"	"MIB2"	0.282
"ACTA1"	"PGK1"	0.4085
"ACTA1"	"DIRAS2"	0.196
"ACTA1"	"VAV1"	0.238
"ACTA1"	"FAU"	NA
"OPTC"	"DIRAS2"	0.14975
"OPTC"	"GNB1"	0.31325
"OPTC"	"DIRAS3"	NA
"TNNT2"	"MYL6"	0.4215
"SDHC"	"TNF"	0.34575
"SDHC"	"TIMM8A"	0.51725
"SDHC"	"UQCRQ"	0.69975
"SDHC"	"NR5A1"	0.30575
"ADAMTS4"	"ADAMTS13"	0.52725
"CRABP2"	"PSTPIP1"	0.39575
"NES"	"CXCR4"	0.31275
"NES"	"TH"	0.324
"NES"	"NKX6-2"	0.36475
"NES"	"MCL1"	0.36825
"NES"	"NDP"	0.136
"ADAR"	"WDR81"	0.34375
"ADAR"	"PSMA7"	0.4835
"ADAR"	"IRF2"	0.4785
"ADAR"	"CDA"	0.34775
"ADAR"	"IFIT2"	0.41625
"IL6R"	"CSF3R"	0.60875
"IL6R"	"HCK"	0.33375
"IL6R"	"TNF"	0.5665
"IL6R"	"VAV1"	0.32175
"IL6R"	"SOS1"	0.321
"ECHS1"	"DHRS7B"	0.1495
"ECHS1"	"HBD"	0.221
"ECHS1"	"HSD17B1"	0.4075
"NKX6-2"	"POU3F4"	0.73925
"CRTC2"	"CREB3L1"	0.50275
"CRTC2"	"FKBP1C"	NA
"S100A6"	"S100A8"	0.60025
"S100A8"	"S100A12"	0.74875
"S100A8"	"FCN1"	0.53425
"S100A8"	"HCK"	0.47975
"S100A8"	"TNF"	0.516
"S100A12"	"FCN1"	0.523
"S100A12"	"NFKB2"	0.52675
"LCE2A"	"LCE2C"	0.7965
"MCL1"	"ECE1"	0.41725
"MCL1"	"DDOST"	0.48825
"MCL1"	"TNF"	0.335
"MCL1"	"BBC3"	0.445
"MCL1"	"NDP"	0.13725
"PLEKHO1"	"CSNK2B"	NA
"ATP6AP1"	"ATP6V1F"	0.68775
"ATP6AP1"	"ATP5G2"	NA
"EMD"	"GUCA2B"	0.17925
"ATXN7L2"	"ATXN7L3"	NA
"NFKB2"	"CORT"	0.1345
"NFKB2"	"TNF"	0.202
"NFKB2"	"TLX1"	NA
"NFKB2"	"PSMA7"	0.53275
"NFKB2"	"PSME4"	0.57275
"TLX1"	"LHX2"	NA
"SMAP1"	"SYNGAP1"	NA
"PSMA7"	"PSME4"	0.7
"PSMA7"	"OAZ2"	0.4985
"PSMA7"	"TNF"	0.28625
"PSMA7"	"ARPC4"	0.514
"PSMA7"	"CXCR4"	0.43975
"DIRAS3"	"GNB1"	NA
"DIRAS3"	"IGFALS"	NA
"FCN1"	"HCK"	0.358
"IFIT2"	"TRIM22"	0.5725
"IFIT2"	"IRF2"	0.49025
"SARDH"	"GCAT"	0.6195
"SARDH"	"TXNRD2"	0.74525
"HECTD3"	"RNF130"	0.3485
"HECTD3"	"MIB2"	0.35325
"HECTD3"	"ASB2"	0.3225
"ZNF503"	"SAMD8"	NA
"SET"	"TREX1"	0.4535
"SET"	"PPAN"	0.44475
"SET"	"PRMT8"	0.275
"TIMM8A"	"CDA"	0.302
"POU3F1"	"MPZ"	0.2235
"CSF3R"	"HCK"	0.40525
"CSF3R"	"PRAM1"	0.60925
"CSF3R"	"TNF"	0.53775
"CSF3R"	"CEBPA"	0.23925
"POU3F4"	"PGK1"	0.34475
"PGK1"	"RPL13A"	0.392
"PGK1"	"RPL11"	0.5465
"PGK1"	"CXCR4"	0.481
"NR5A1"	"FSHR"	0.23475
"LHX2"	"CRB2"	NA
"LHX2"	"MSX1"	NA
"LHX2"	"EVX1"	NA
"KPNA6"	"RPL11"	0.585
"GRM4"	"GNB1"	0.554
"GRM4"	"CXCR4"	0.5305
"GRM4"	"CORT"	0.143
"RPL11"	"RPL41"	0.5985
"RPL11"	"TP73"	0.4905
"RPL11"	"SLC3A2"	0.5645
"RPL11"	"RPL18"	0.66775
"RPL11"	"DDOST"	0.5115
"RPL11"	"RPL13A"	0.668
"RPL11"	"ATP5G2"	NA
"RPL11"	"RPL37A"	0.61225
"RPL11"	"RPL32"	0.654
"RPL11"	"FAU"	NA
"SLC39A7"	"KIFC1"	0.47625
"HLA-DMA"	"HLA-DRA"	0.616
"HLA-DMA"	"HLA-DQA2"	0.5105
"ECE1"	"TH"	0.45375
"HLA-DQA2"	"HLA-DRA"	0.78925
"HLA-DQA2"	"RNASET2"	0.43175
"HLA-DQA2"	"TRIM22"	0.38875
"HLA-DQA2"	"IRF2"	0.25375
"HLA-DQA2"	"LAT"	0.56675
"HLA-DQA2"	"IFI30"	0.3695
"DDOST"	"UQCRQ"	0.3985
"DDOST"	"RPL18"	0.54075
"DDOST"	"RPL13A"	0.47375
"DDOST"	"RPL37A"	0.37925
"DDOST"	"RPL41"	0.32175
"DDOST"	"RPL32"	0.44825
"CDA"	"NT5M"	0.325
"TSPYL2"	"GABRD"	0.1385
"LSM2"	"GTF2F1"	0.48125
"DIRAS2"	"MGAM"	0.76725
"DIRAS2"	"GNB1"	0.76725
"DIRAS2"	"IGFALS"	0.19
"HCK"	"VAV1"	0.47225
"HCK"	"PIK3R5"	0.531
"HCK"	"SOS1"	0.488
"CSNK2B"	"MIB2"	0.3845
"CSNK2B"	"STK24"	0.61225
"CSNK2B"	"RPL41"	0.35275
"EFHD2"	"ARPC4"	NA
"GNL1"	"PPAN"	0.41525
"GNL1"	"FTSJ3"	0.432
"CORT"	"GNB1"	0.33875
"CORT"	"CXCR4"	0.248
"FTL"	"TGOLN2"	0.40975
"VPS28"	"CYHR1"	0.373
"VPS28"	"ZFYVE1"	0.38975
"GPR20"	"FSHR"	0.7975
"GPR20"	"GNB1"	0.42625
"GPR20"	"ADM2"	0.14975
"SLC3A2"	"FAU"	NA
"SLC3A2"	"MGAM"	0.532
"SLC3A2"	"SLC1A5"	0.631
"TAF1C"	"MYBBP1A"	0.59925
"GABRD"	"CLIC3"	0.1435
"GNB1"	"FSHR"	0.4375
"GNB1"	"ADM2"	0.6575
"GNB1"	"PIK3R5"	0.52
"GNB1"	"SOS1"	0.5055
"GNB1"	"CXCR4"	0.58925
"GNB1"	"IGFALS"	0.4595
"GNB1"	"VAV1"	0.501
"GNB1"	"OR1M1"	0.76725
"FANCG"	"TNF"	0.34725
"UQCRQ"	"FAU"	NA
"UQCRQ"	"ATP5G2"	NA
"SIN3B"	"SUDS3"	0.74325
"SIN3B"	"PAH"	0.279
"TRIM22"	"HLA-DRA"	0.35975
"TRIM22"	"IRF2"	0.59825
"TRIM22"	"IFI30"	0.50375
"HBD"	"TH"	0.29525
"HBD"	"PAH"	0.788
"CALML5"	"OBSCN"	0.34925
"CALML5"	"POR"	0.422
"CALML5"	"CAMK2A"	0.44275
"CALML5"	"FAU"	NA
"UCN3"	"VAV1"	0.244
"TH"	"PAH"	0.788
"TH"	"SQSTM1"	0.4015
"TH"	"DBH"	0.443
"MYBBP1A"	"RPL18"	0.548
"MYBBP1A"	"DHX30"	0.514
"MYBBP1A"	"RPL37A"	0.449
"MYBBP1A"	"PPAN"	0.45275
"MYBBP1A"	"FTSJ3"	0.5265
"SYT8"	"TGOLN2"	0.54425
"SYT8"	"ARPC4"	0.303
"PRMT8"	"FTSJ3"	0.1695
"CACNA2D4"	"CAMK2A"	0.30675
"SERPINB5"	"TNF"	0.355
"SMYD3"	"SOS1"	0.491
"SQSTM1"	"OBSCN"	0.39675
"SQSTM1"	"CAMK2A"	0.43875
"KRTAP19-6"	"KRTAP6-3"	0.788
"RPL13A"	"RPL18"	0.71925
"RPL13A"	"RPL37A"	0.65525
"RPL13A"	"RPL41"	0.56075
"RPL13A"	"RPL32"	0.61
"RPL13A"	"PSTPIP1"	0.50125
"RPL13A"	"FAU"	NA
"HOMER3"	"SLC9A3R2"	0.30875
"PIAS3"	"INCENP"	0.7955
"DBH"	"PAH"	0.49675
"IRF2"	"IFI30"	0.59675
"IRF2"	"HLA-DRA"	0.242
"IRF2"	"GTF2F1"	0.54025
"ATP5G2"	"ATP6V1F"	NA
"GTF2F1"	"POLR2J2"	0.7395
"INCENP"	"KIFC1"	0.483
"HLA-DRA"	"IFI30"	0.3665
"HLA-DRA"	"LAT"	0.507
"CHCHD2"	"TREX1"	0.46175
"CHCHD2"	"KHSRP"	0.3885
"LAT"	"VAV1"	0.4455
"LAT"	"PIK3R5"	0.395
"LAT"	"FYB"	NA
"LAT"	"SOS1"	0.451
"WDR6"	"FTSJ3"	0.31825
"DHRS7B"	"TXNRD2"	0.1965
"ADM2"	"FSHR"	0.14975
"RPL32"	"RPL37A"	0.53025
"RPL32"	"RPL18"	0.65175
"RPL32"	"RPL41"	0.76775
"RPL32"	"FAU"	NA
"CAMK2A"	"MYL6"	0.4085
"CAMK2A"	"CREB3L1"	0.44025
"CAMK2A"	"SYNGAP1"	0.788
"CAMK2A"	"KCNIP2"	0.432
"TXNRD2"	"SEPW1"	NA
"TXNRD2"	"HSD17B1"	0.6255
"PSME4"	"OAZ2"	0.5475
"PSME4"	"TNF"	0.1745
"KCTD17"	"OBSCN"	0.29675
"SOS1"	"IGFALS"	0.18075
"SOS1"	"VAV1"	0.7205
"SOS1"	"SYNGAP1"	0.788
"TGOLN2"	"BLOC1S3"	0.469
"TGOLN2"	"ARPC4"	0.40675
"CXCR4"	"TNF"	0.587
"CXCR4"	"VAV1"	0.37725
"TBXAS1"	"MGAM"	0.4135
"MFRP"	"FAU"	NA
"PIK3R5"	"PLCD1"	0.5035
"PIK3R5"	"VAV1"	0.48175
"FTSJ3"	"PPAN"	0.76775
"TNF"	"CEBPA"	0.197
"TNF"	"MGAM"	0.54725
"SYNGAP1"	"FYB"	NA
"RPL37A"	"RPL41"	0.566
"RPL37A"	"FAU"	NA
"RPL37A"	"RPL18"	0.6635
"RPL41"	"RPL18"	0.593
"RPL41"	"FAU"	NA
"FYB"	"VAV1"	NA
"MIB2"	"MYL6"	0.327
"MIB2"	"ASB2"	0.56725
"MIB2"	"RNF130"	0.69175
"MIB2"	"FAU"	NA
"RNF130"	"ASB2"	0.49275
"FAU"	"RPL18"	NA
"FAU"	"ZFYVE1"	NA
"FAU"	"OBSCN"	NA
