"PGLYRP1"	"DLG5"	0.312
"PGLYRP1"	"HSPBP1"	0.406
"SCTR"	"HTR4"	0.629
"SCTR"	"FSHR"	0.547
"SCTR"	"GNB1"	0.489
"SCTR"	"ADM2"	0.235
"SCTR"	"GNB2"	0.445
"SCTR"	"ADCY1"	0.602
"SCTR"	"P2RY11"	0.704
"SCTR"	"GPR20"	0.595
"PIGQ"	"PIGL"	1
"RTN4R"	"GNB1"	0.591
"RTN4R"	"HRAS"	0.523
"RTN4R"	"CAB39"	0.497
"RTN4R"	"AKT1"	0.521
"RTN4R"	"GNAI2"	0.609
"RTN4R"	"DIRAS2"	1
"RTN4R"	"EEF1G"	0.571
"RTN4R"	"TYRO3"	0.597
"RTN4R"	"GNB2"	0.554
"RTN4R"	"RTN2"	0.372
"RTN4R"	"PPP3CC"	0.354
"RTN4R"	"SH3GL1"	0.377
"RTN4R"	"MCL1"	0.461
"PSMA4"	"EXOSC5"	0.816
"PSMA4"	"ACHE"	0.512
"PSMA4"	"NFKB2"	0.831
"PSMA4"	"PSMA7"	0.938
"PSMA4"	"UQCRQ"	0.534
"PSMA4"	"PSMC4"	0.795
"PSMA4"	"PPIB"	0.671
"PSMA4"	"PPP2R5A"	0.704
"PSMA4"	"CDC25A"	0.815
"PSMA4"	"RPN1"	0.605
"PSMA4"	"PLK1"	0.653
"PSMA4"	"TNF"	0.431
"PSMA4"	"RELB"	0.705
"PSMA4"	"PSMB4"	0.957
"PSMA4"	"ASNA1"	0.793
"PSMA4"	"ANAPC2"	0.676
"PSMA4"	"PSME4"	0.877
"PSMA4"	"OAZ2"	0.774
"PSMA4"	"NFKBIB"	1
"GRN"	"HK3"	0.68
"GRN"	"AKT1"	0.518
"GRN"	"ITGA2B"	0.543
"GRN"	"IFI30"	0.677
"GRN"	"TNF"	0.53
"CD22"	"SELL"	0.573
"CD22"	"FFAR2"	0.531
"CD22"	"CD7"	0.607
"CD22"	"TNF"	0.703
"CD22"	"CD79A"	0.641
"CD22"	"SPN"	0.666
"CD22"	"CD72"	0.531
"CD22"	"TNFRSF13B"	1
"PSMC4"	"NFKB2"	0.777
"PSMC4"	"PSMA7"	0.805
"PSMC4"	"PPP2R5A"	0.749
"PSMC4"	"CDC25A"	0.762
"PSMC4"	"PLK1"	0.624
"PSMC4"	"TNF"	0.452
"PSMC4"	"RELB"	0.711
"PSMC4"	"PSMB4"	0.807
"PSMC4"	"ANAPC2"	0.666
"PSMC4"	"PSME4"	0.817
"PSMC4"	"OAZ2"	0.709
"PSMC4"	"NFKBIB"	1
"PSMC4"	"FTSJ3"	0.58
"BCL3"	"NFKB2"	0.865
"BCL3"	"STAT3"	0.835
"BCL3"	"AKT1"	0.863
"BCL3"	"PLK1"	0.702
"BCL3"	"RFXANK"	0.719
"BCL3"	"TNF"	0.593
"BCL3"	"HDAC3"	0.837
"BCL3"	"RELB"	0.784
"HBQ1"	"HBZ"	0.818
"HBQ1"	"ALAS2"	0.347
"HBQ1"	"HBE1"	0.815
"HBQ1"	"ECHS1"	0.349
"HBQ1"	"TH"	0.374
"HBQ1"	"HBD"	0.815
"HBQ1"	"PAH"	0.712
"ITGB4"	"KLC2"	0.471
"ITGB4"	"HRAS"	0.399
"ITGB4"	"VWF"	0.362
"ITGB4"	"CHAD"	0.293
"ITGB4"	"PRKCG"	0.423
"ITGB4"	"AKT1"	0.491
"ITGB4"	"ITGA2B"	0.604
"ITGB4"	"LAMA5"	0.395
"ITGB4"	"CRK"	0.508
"ITGB4"	"EPPK1"	0.517
"ITGB4"	"ACTN4"	0.551
"ITGB4"	"COMP"	0.381
"ITGB4"	"COL9A3"	0.334
"PPP1R15A"	"PPP2R5A"	0.773
"PPP1R15A"	"TSC2"	0.842
"PPP1R15A"	"ZNF148"	0.667
"PPP1R15A"	"KLF6"	0.695
"TFAP4"	"SP1"	0.803
"TFAP4"	"TPST2"	0.644
"TFAP4"	"SALL2"	1
"THPO"	"SPI1"	0.166
"THPO"	"ACHE"	1
"THPO"	"VWF"	1
"THPO"	"GATA2"	0.234
"THPO"	"SOS1"	0.235
"THPO"	"STAT3"	0.235
"THPO"	"PSMA7"	0.296
"THPO"	"CSF3R"	0.276
"THPO"	"STAT5A"	0.191
"THPO"	"IL7R"	0.235
"THPO"	"GP9"	0.235
"THPO"	"IL6R"	1
"THPO"	"CNTFR"	0.432
"THPO"	"AKT1"	0.444
"THPO"	"ITGA2B"	0.549
"THPO"	"CXCR4"	0.444
"THPO"	"ZFPM1"	0.276
"THPO"	"PF4"	1
"SEMA4G"	"OBSCN"	0.275
"PRRT1"	"EPPK1"	1
"NDUFB7"	"NDUFB10"	0.893
"NDUFB7"	"NDUFV1"	0.915
"NDUFB7"	"UQCRC2"	0.854
"NDUFB7"	"UQCRQ"	0.905
"NDUFB7"	"COX5A"	0.833
"NDUFB7"	"NDUFB11"	0.959
"NDUFB7"	"ZNHIT1"	0.529
"NDUFB7"	"ACAD9"	0.813
"NDUFB7"	"NDUFS7"	0.803
"NDUFB7"	"SDHC"	0.775
"NDUFB7"	"COX7C"	0.908
"NDUFB7"	"NDUFA3"	0.959
"TIMM13"	"CAB39"	0.418
"TIMM13"	"CHCHD4"	0.806
"TIMM13"	"TIMM8A"	0.806
"PDXP"	"ECE1"	0.535
"PDXP"	"SH3GL1"	0.56
"PDXP"	"MCL1"	0.575
"PDXP"	"AMBP"	0.478
"PDXP"	"COMP"	0.207
"PDXP"	"TH"	0.612
"PDXP"	"NDP"	0.443
"PDXP"	"TYRO3"	0.593
"PDXP"	"TNFRSF10C"	0.618
"JOSD1"	"TIMM8A"	0.443
"NIPSNAP1"	"B3GAT3"	0.824
"NIPSNAP1"	"CHCHD2"	1
"TXN2"	"EEF2"	0.449
"TXN2"	"GLRX"	0.432
"TXN2"	"APEX2"	0.795
"TXN2"	"CLPP"	0.838
"TXN2"	"SEC61A1"	0.556
"TXN2"	"RPL8"	0.405
"TXN2"	"MDH2"	0.796
"TXN2"	"TXNRD2"	0.832
"EFS"	"CRK"	0.577
"GSS"	"TXNRD2"	0.677
"GSS"	"CNDP2"	0.864
"GSS"	"GLRX"	1
"GSS"	"GGT1"	0.607
"GSS"	"ALOX5AP"	0.355
"GSS"	"GSTM1"	0.687
"GSS"	"GCLM"	0.677
"SRMS"	"ILKAP"	0.677
"SRMS"	"PPP3CC"	0.833
"SRMS"	"CD79A"	0.485
"PQBP1"	"SF3A2"	0.703
"PQBP1"	"PCBP2"	0.741
"PQBP1"	"GTF2F1"	0.722
"PQBP1"	"POLR2L"	0.894
"PQBP1"	"LSM2"	0.708
"PQBP1"	"CPSF1"	0.864
"PQBP1"	"XAB2"	0.676
"PQBP1"	"CTNNBL1"	0.694
"PQBP1"	"PCBP1"	0.763
"PQBP1"	"LSM7"	0.71
"PQBP1"	"DNM2"	0.427
"PCSK1N"	"CPE"	1
"PCSK1N"	"UTS2R"	0.305
"USP11"	"MCM3AP"	0.881
"USP11"	"RBM10"	0.82
"USP11"	"USP5"	0.742
"ACP5"	"CLCN7"	0.494
"ACP5"	"NES"	0.482
"ACP5"	"TNF"	0.414
"ACP5"	"CD207"	0.375
"MT4"	"MT1X"	0.957
"MMP15"	"TNF"	1
"MMP15"	"HLA-G"	1
"TSC2"	"STK11"	0.827
"TSC2"	"HRAS"	0.74
"TSC2"	"EIF4EBP1"	0.705
"TSC2"	"AKT1"	0.733
"TSC2"	"CRTC2"	0.698
"TSC2"	"PLK1"	0.641
"TSC2"	"EEF2"	0.73
"TSC2"	"PI3"	0.612
"TSC2"	"CAMKK2"	0.666
"ZP2"	"ZP3"	0.712
"ZP2"	"FGF8"	1
"ZP2"	"ALX4"	0.704
"CSK"	"GNB1"	0.771
"CSK"	"HRAS"	0.753
"CSK"	"VWF"	0.477
"CSK"	"STAT3"	0.708
"CSK"	"HLA-DQA2"	0.46
"CSK"	"ARRB2"	0.773
"CSK"	"RHOG"	0.774
"CSK"	"ILKAP"	0.61
"CSK"	"PPP3CC"	0.722
"CSK"	"ACTN4"	0.598
"CSK"	"AKT1"	0.701
"CSK"	"ITGA2B"	0.677
"CSK"	"HLA-DRA"	0.549
"CSK"	"HCK"	0.622
"CSK"	"PLAUR"	0.471
"CSK"	"DNM2"	0.599
"CSK"	"CD79A"	0.582
"CSK"	"PORCN"	0.437
"CSK"	"ACTA1"	0.588
"CSK"	"HLA-DRB1"	0.538
"CTSH"	"BID"	0.6
"CTSH"	"HLA-DRB1"	0.541
"CTSH"	"HLA-DQA2"	0.475
"CTSH"	"HLA-DRA"	0.569
"EXOSC5"	"RPL7"	0.723
"EXOSC5"	"RPL27A"	0.616
"EXOSC5"	"RPL11"	0.73
"EXOSC5"	"RPLP2"	0.51
"EXOSC5"	"RPS9"	0.729
"EXOSC5"	"RPS2"	0.696
"EXOSC5"	"RPL4"	0.708
"EXOSC5"	"RPL36AL"	0.71
"EXOSC5"	"RPL18"	0.711
"EXOSC5"	"RPL15"	0.724
"EXOSC5"	"RPL13A"	0.708
"EXOSC5"	"MPHOSPH6"	0.891
"EXOSC5"	"RPL41"	0.586
"EXOSC5"	"ZFP36L1"	0.744
"EXOSC5"	"RPLP0"	0.626
"EXOSC5"	"RPL35"	0.723
"EXOSC5"	"RPL30"	0.608
"EXOSC5"	"RPL14"	0.536
"EXOSC5"	"RPL32"	0.559
"EXOSC5"	"KHSRP"	0.812
"EXOSC5"	"KPNA6"	0.736
"EXOSC5"	"RPL8"	0.517
"EXOSC5"	"EXOSC7"	0.909
"EXOSC5"	"EXOSC3"	1
"EXOSC5"	"RPL10"	0.676
"EXOSC5"	"RPL37"	0.596
"EXOSC5"	"RPL37A"	0.655
"PAF1"	"GTF2F1"	0.737
"PAF1"	"POLR2L"	0.697
"PAF1"	"CSNK2B"	0.651
"PAF1"	"KLC2"	0.708
"PAF1"	"GTF2H4"	0.664
"PAF1"	"IFIT2"	0.566
"RELB"	"NFKB2"	0.774
"RELB"	"PSMB4"	0.703
"RELB"	"PSME4"	0.748
"RELB"	"PSMA7"	0.68
"RELB"	"STAT3"	0.727
"RELB"	"TRAF5"	0.725
"RELB"	"TNF"	0.389
"RELB"	"NFKBIB"	1
"RELB"	"AKT1"	0.83
"RELB"	"ANXA5"	0.479
"RELB"	"DAXX"	0.776
"RELB"	"IRF3"	0.762
"RELB"	"CORT"	0.258
"SF3A2"	"RANGAP1"	0.553
"SF3A2"	"AGPAT1"	0.443
"SF3A2"	"LSM2"	0.733
"SF3A2"	"PCBP2"	0.533
"SF3A2"	"GTF2F1"	0.632
"SF3A2"	"POLR2L"	0.691
"SF3A2"	"RBM10"	0.69
"SF3A2"	"EEF2"	0.443
"SF3A2"	"CPSF1"	0.738
"SF3A2"	"EIF4G3"	0.355
"SF3A2"	"XAB2"	0.776
"SF3A2"	"CTNNBL1"	0.766
"SF3A2"	"LSM7"	0.788
"SF3A2"	"PCBP1"	0.578
"FSD1"	"SRF"	0.428
"FSD1"	"MYOG"	0.367
"FSD1"	"RPS2"	0.323
"CD79A"	"SELL"	0.615
"CD79A"	"SLC3A2"	0.591
"CD79A"	"IL13"	0.175
"CD79A"	"VWF"	0.358
"CD79A"	"IL7R"	0.603
"CD79A"	"CD7"	0.595
"CD79A"	"AKT1"	0.55
"CD79A"	"CXCR4"	0.667
"CD79A"	"UNG"	0.421
"CD79A"	"GGT1"	0.504
"CD79A"	"COX5A"	0.325
"CD79A"	"CD68"	0.604
"CD79A"	"TNF"	0.753
"CD79A"	"VAV1"	0.642
"CD79A"	"SPN"	0.515
"CD79A"	"CD72"	0.611
"CD79A"	"HLA-DRB1"	0.547
"CD79A"	"TNFRSF13B"	1
"CD79A"	"CFP"	0.294
"CD79A"	"MGAM"	0.545
"CD79A"	"S100A8"	0.481
"CD79A"	"AMBP"	0.416
"CD79A"	"SOS1"	0.63
"LIM2"	"GJA8"	0.611
"LIM2"	"FTL"	0.355
"RABAC1"	"RAB5C"	0.529
"DBP"	"CEBPA"	1
"DBP"	"BATF"	1
"COMP"	"TNFRSF10C"	0.21
"COMP"	"UNG"	0.166
"COMP"	"HINT1"	0.349
"COMP"	"TYRO3"	0.216
"COMP"	"MICAL1"	0.162
"COMP"	"FOXM1"	0.163
"COMP"	"ITGA2B"	0.531
"COMP"	"NES"	0.16
"COMP"	"TH"	0.2
"COMP"	"ECE1"	0.354
"COMP"	"SH3GL1"	0.152
"COMP"	"MCL1"	0.264
"COMP"	"COL9A3"	0.668
"COMP"	"NDP"	0.694
"COMP"	"ZBTB32"	0.158
"COMP"	"RAB5C"	0.32
"COMP"	"TNIP1"	0.207
"COMP"	"AMBP"	0.819
"HAMP"	"GDF15"	0.606
"HAMP"	"STAT3"	0.174
"HAMP"	"TNF"	0.485
"HAMP"	"FTL"	0.416
"DLX5"	"FGF8"	0.1
"DLX5"	"MSX1"	0.681
"DLX5"	"WNT10B"	0.1
"FIS1"	"RHOT2"	0.81
"FIS1"	"DNM2"	0.497
"FIS1"	"ZNHIT1"	0.453
"C8G"	"LCN1"	0.803
"C8G"	"VTN"	0.678
"ACTA2"	"MYL2"	0.491
"ACTA2"	"EGR1"	0.506
"ACTA2"	"MYL6"	0.603
"ACTA2"	"TMSB4X"	0.655
"ACTA2"	"PRKCG"	0.541
"ACTA2"	"ANXA5"	0.666
"ACTA2"	"GSPT2"	0.506
"ACTA2"	"RHOG"	0.685
"ACTA2"	"DYNC1H1"	0.568
"ACTA2"	"EEF2"	0.682
"ACTA2"	"MYO18B"	0.371
"ACTA2"	"ACTN4"	0.752
"ACTA2"	"TNNT2"	0.464
"ACTA2"	"HK3"	0.545
"ACTA2"	"RPL14"	0.609
"ACTA2"	"RPS23"	0.511
"ACTA2"	"CALML5"	0.577
"ACTA2"	"ARPC4"	0.595
"ACTA2"	"VWF"	0.488
"ACTA2"	"OBSCN"	0.511
"ACTA2"	"TUBB"	0.663
"ACTA2"	"SRF"	0.506
"ACTA2"	"ARPC5"	0.615
"ACTA2"	"RPL18"	0.489
"ACTA2"	"AKT1"	0.646
"ACTA2"	"CDC25A"	0.565
"ACTA2"	"MYL3"	0.478
"ACTA2"	"PGK1"	0.684
"ACTA2"	"PLK1"	0.483
"ACTA2"	"CALB2"	0.564
"ACTA2"	"SMARCD3"	0.338
"ACTA2"	"TUBB2B"	0.503
"ACTA2"	"TNF"	0.534
"ACTA2"	"DIRAS2"	0.53
"ACTA2"	"DNAH11"	0.182
"ACTA2"	"HDAC3"	0.57
"ACTA2"	"DNM2"	0.541
"ACTA2"	"SP1"	0.429
"ACTA2"	"FAU"	0.643
"ACTA2"	"ARPC1B"	0.573
"ACTA2"	"MYO1A"	0.529
"ACTA2"	"RHOBTB1"	0.576
"ACTA2"	"HRAS"	0.541
"ACTA2"	"GABARAP"	0.487
"ACTA2"	"CABP2"	0.418
"ACTA2"	"TPM2"	0.46
"ACTA2"	"ZNHIT1"	0.315
"WNT3"	"MSX1"	0.376
"WNT3"	"AKT1"	0.55
"WNT3"	"TCF7"	0.44
"WNT3"	"EVX1"	0.643
"WNT3"	"PORCN"	0.411
"WNT3"	"WNT10B"	0.514
"WNT3"	"WNT11"	0.604
"WNT3"	"FGF8"	1
"PIGL"	"MSX1"	0.472
"PIGL"	"GYS1"	0.415
"VTN"	"TNF"	0.651
"VTN"	"PLAUR"	0.404
"VTN"	"SPARC"	0.62
"VTN"	"PF4"	0.69
"VTN"	"AMBP"	0.815
"VTN"	"VWF"	0.772
"VTN"	"AKT1"	0.52
"VTN"	"ITGA2B"	0.643
"FRG1"	"TNNT3"	0.533
"SPI1"	"QRSL1"	0.572
"SPI1"	"TAL1"	0.87
"SPI1"	"GATA2"	0.864
"SPI1"	"CSF3R"	0.221
"SPI1"	"STAT3"	0.787
"SPI1"	"STAT5A"	0.751
"SPI1"	"IL7R"	0.345
"SPI1"	"SRF"	0.864
"SPI1"	"MCM3AP"	0.706
"SPI1"	"IRF2"	0.64
"SPI1"	"NDRG2"	0.497
"SPI1"	"CEBPA"	0.891
"SPI1"	"IL32"	0.308
"SPI1"	"SDHC"	0.463
"SPI1"	"CD53"	0.287
"SPI1"	"PRAM1"	0.259
"SPI1"	"NONO"	0.798
"SPI1"	"CLPP"	0.625
"SPI1"	"HCK"	0.519
"SPI1"	"CD68"	0.271
"SPI1"	"TNF"	0.315
"SPI1"	"VAV1"	0.336
"SPI1"	"HDAC3"	0.667
"SPI1"	"NPM1"	0.545
"SPI1"	"ZFPM1"	0.754
"MYL2"	"MYL6"	0.635
"MYL2"	"TCAP"	0.784
"MYL2"	"MYO18B"	0.941
"MYL2"	"PPP3CC"	0.632
"MYL2"	"TNNT2"	0.854
"MYL2"	"ACTA1"	0.674
"MYL2"	"TPM2"	0.832
"MYL2"	"OBSCN"	0.782
"MYL2"	"MIB2"	0.643
"MYL2"	"AKT1"	0.642
"MYL2"	"PLK1"	0.693
"MYL2"	"MYL3"	0.852
"MYL2"	"CAMK2A"	0.56
"MYL2"	"TNNI1"	0.708
"MYL2"	"TBX5"	0.517
"MYL2"	"TNNI2"	0.697
"MYL2"	"TNNT3"	0.708
"UNC93A"	"KCNK9"	0.802
"UNC93A"	"KCNK3"	0.802
"HARS2"	"MARS"	0.692
"HARS2"	"PEPD"	0.562
"SPARC"	"VWF"	0.686
"SPARC"	"VEGFB"	0.764
"SPARC"	"ACTN4"	0.731
"SPARC"	"TMSB4X"	0.814
"SPARC"	"STAB1"	0.482
"SPARC"	"PF4"	0.72
"HAND1"	"SLC25A23"	0.74
"NCK2"	"TNK2"	0.646
"NCK2"	"CRK"	0.731
"NCK2"	"EPHB3"	0.602
"NCK2"	"GIT1"	0.617
"NCK2"	"ARPC1B"	0.566
"NCK2"	"SOS1"	0.833
"NCK2"	"ARPC5"	0.599
"NDUFS7"	"UQCRC2"	0.743
"NDUFS7"	"RPL11"	0.403
"NDUFS7"	"ACAD9"	0.587
"NDUFS7"	"NDUFB11"	0.818
"NDUFS7"	"SDHC"	0.621
"NDUFS7"	"NDUFA3"	0.818
"NDUFS7"	"NDUFB10"	0.823
"NDUFS7"	"NDUFV1"	0.758
"NDUFS7"	"RHOT2"	0.454
"COX7A2L"	"HINT1"	0.535
"COX7A2L"	"COX5A"	0.784
"COX7A2L"	"COX7C"	0.875
"GRIN3B"	"GRIK5"	0.688
"TPSG1"	"IL13"	0.688
"RGS2"	"PRKCG"	0.774
"RGS2"	"TRIM47"	1
"RGS2"	"GNAI2"	0.7
"SELL"	"CD7"	0.663
"SELL"	"AKT1"	0.479
"SELL"	"ANXA5"	0.326
"SELL"	"ITGA2B"	0.677
"SELL"	"CXCR4"	0.534
"SELL"	"LAMP1"	0.685
"SELL"	"IL6R"	0.525
"SELL"	"TNF"	0.625
"SELL"	"MSN"	0.447
"SELL"	"SPN"	0.591
"SELL"	"STAT3"	0.518
"SELL"	"ELF4"	0.325
"SELL"	"IL13"	0.174
"SELL"	"VWF"	0.369
"SELL"	"STAT5A"	0.332
"SELL"	"IL7R"	0.838
"GLRX"	"AKT1"	0.527
"GLRX"	"TXNRD2"	0.677
"GLRX"	"MARS"	0.721
"GLRX"	"EEF1G"	0.745
"GLRX"	"RRM2"	1
"EGR1"	"IRF2"	0.723
"EGR1"	"IRF7"	0.907
"EGR1"	"CDKN1C"	0.932
"EGR1"	"SDHC"	0.506
"EGR1"	"DAXX"	0.897
"EGR1"	"ALOX5AP"	0.596
"EGR1"	"BST2"	0.54
"EGR1"	"HRAS"	0.64
"EGR1"	"PITX1"	0.828
"EGR1"	"GDF15"	0.668
"EGR1"	"SOCS1"	0.753
"EGR1"	"ADAR"	0.855
"EGR1"	"IER2"	1
"EGR1"	"HSPB1"	0.65
"EGR1"	"CAMK2A"	0.739
"EGR1"	"NR5A1"	0.859
"EGR1"	"TNF"	0.385
"EGR1"	"SP1"	0.69
"EGR1"	"HLA-G"	0.413
"EGR1"	"IRF3"	0.969
"EGR1"	"IFIT2"	0.782
"EGR1"	"GATA2"	1
"EGR1"	"IFITM1"	0.309
"EGR1"	"STAT3"	0.854
"EGR1"	"SRF"	1
"EGR1"	"AKT1"	0.749
"PPP3CC"	"CALB2"	0.587
"PPP3CC"	"PLCB2"	1
"PPP3CC"	"CALML5"	0.64
"PPP3CC"	"PPP2R5A"	0.71
"PPP3CC"	"AKT1"	0.621
"PPP3CC"	"MYL3"	0.647
"PPP3CC"	"LIMK2"	0.767
"PPP3CC"	"PLCB3"	0.657
"PPP3CC"	"CAMK2A"	0.632
"PPP3CC"	"PIP5K1C"	0.564
"PPP3CC"	"HCK"	0.524
"PPP3CC"	"BAD"	0.704
"PPP3CC"	"KCNIP2"	0.592
"PPP3CC"	"MEF2D"	0.452
"PPP3CC"	"NFATC4"	0.678
"PPP3CC"	"ANAPC2"	0.674
"PPP3CC"	"PPP1R1B"	0.909
"PPP3CC"	"EPHB3"	0.618
"PPP3CC"	"BIN2"	0.382
"PPP3CC"	"RIPK1"	0.632
"PPP3CC"	"CABP2"	0.498
"PPP3CC"	"STK11"	0.636
"PPP3CC"	"PIM2"	1
"PPP3CC"	"TYRO3"	0.572
"PPP3CC"	"AP2A1"	0.477
"PPP3CC"	"MYL6"	0.506
"PPP3CC"	"PRKCG"	0.682
"PPP3CC"	"CRTC2"	0.614
"GJA8"	"CACNA1H"	1
"MYOG"	"SRF"	0.775
"MYOG"	"AKT1"	0.704
"MYOG"	"PRMT5"	0.731
"MYOG"	"NES"	0.473
"MYOG"	"DYRK1B"	1
"MYOG"	"TNF"	0.369
"MYOG"	"MEF2D"	0.782
"MYOG"	"SP1"	0.849
"MYOG"	"CTF1"	0.34
"NPY"	"GNB1"	0.434
"NPY"	"FFAR2"	0.317
"NPY"	"ACHE"	0.743
"NPY"	"STAT3"	0.483
"NPY"	"NPW"	1
"NPY"	"GNB2"	0.546
"NPY"	"PNMT"	0.433
"NPY"	"ADCY1"	0.414
"NPY"	"GNAI2"	0.479
"NPY"	"DBH"	0.727
"NPY"	"CXCR4"	0.569
"NPY"	"CALB2"	0.497
"NPY"	"CORT"	0.762
"NPY"	"GRM4"	0.454
"NPY"	"ASIP"	1
"NPY"	"HTR3A"	0.366
"NPY"	"TH"	0.502
"NPY"	"TNF"	0.654
"NPY"	"CD63"	0.569
"NPY"	"PF4"	0.602
"CNTFR"	"IL13"	0.334
"CNTFR"	"STAT3"	0.454
"CNTFR"	"CTF1"	0.432
"CNTFR"	"IL6R"	0.88
"UNG"	"APEX2"	0.877
"UNG"	"GGT1"	0.248
"UNG"	"SH3GL1"	0.423
"UNG"	"CDA"	0.495
"UNG"	"MCL1"	0.672
"UNG"	"RRM2"	0.606
"SEC61A1"	"EEF2"	0.63
"SEC61A1"	"RPL7"	0.624
"SEC61A1"	"PCSK4"	0.494
"SEC61A1"	"RPS21"	0.549
"SEC61A1"	"UQCRC2"	0.555
"SEC61A1"	"RPL27A"	0.835
"SEC61A1"	"RPL11"	0.614
"SEC61A1"	"MRPL16"	0.564
"SEC61A1"	"RPLP2"	0.602
"SEC61A1"	"RPS9"	0.602
"SEC61A1"	"RPS2"	0.622
"SEC61A1"	"RPL10"	0.803
"SEC61A1"	"RPL37"	0.551
"SEC61A1"	"RPL37A"	0.525
"SEC61A1"	"MRPS12"	0.472
"SEC61A1"	"RPL41"	0.546
"SEC61A1"	"DYRK1B"	0.704
"SEC61A1"	"RPLP0"	0.659
"SEC61A1"	"RPL30"	0.606
"SEC61A1"	"RPL14"	0.62
"SEC61A1"	"SURF4"	0.74
"SEC61A1"	"RPL35"	0.674
"SEC61A1"	"RPS23"	0.762
"SEC61A1"	"RPL32"	0.673
"SEC61A1"	"TNF"	0.491
"SEC61A1"	"ASNA1"	0.692
"SEC61A1"	"RPL8"	0.589
"SEC61A1"	"RPL4"	0.675
"SEC61A1"	"DDOST"	0.806
"SEC61A1"	"OS9"	0.792
"SEC61A1"	"MRPL17"	0.564
"SEC61A1"	"RPL36AL"	0.738
"SEC61A1"	"RPL18"	0.73
"SEC61A1"	"RPL15"	0.593
"SEC61A1"	"RPL13A"	0.607
"SEC61A1"	"RPN1"	0.95
"CHPF"	"B3GAT3"	1
"CHPF"	"EXT2"	1
"PI3"	"TYRO3"	0.465
"PI3"	"STAT5A"	0.501
"PI3"	"EIF4EBP1"	0.604
"PI3"	"ANXA5"	0.606
"PI3"	"SH3GL1"	0.496
"PI3"	"CTNNBL1"	0.398
"PI3"	"SERPINB5"	0.58
"PI3"	"ZFYVE1"	0.539
"PI3"	"MCL1"	0.571
"PI3"	"ALOX5AP"	0.446
"PI3"	"HRAS"	0.622
"PI3"	"STAT3"	0.573
"PI3"	"WDTC1"	0.318
"PI3"	"AKT1"	0.612
"PI3"	"TNF"	0.642
"PEPD"	"EIF5A"	0.546
"PEPD"	"CNDP2"	0.846
"PEPD"	"SARDH"	0.587
"TREM1"	"TNF"	1
"TREM1"	"KIR2DL1"	1
"CLPP"	"MDH2"	0.771
"THOC2"	"MCM3AP"	0.605
"THOC2"	"CPSF1"	0.78
"THOC2"	"NR5A1"	0.802
"THOC2"	"THOC6"	0.955
"THOC2"	"POM121"	0.74
"THOC2"	"NUP210"	0.584
"SLURP1"	"LY6H"	0.63
"FFAR2"	"PROK2"	0.235
"FFAR2"	"GNAI2"	0.463
"FFAR2"	"P2RY11"	1
"FFAR2"	"PLCB2"	0.356
"FFAR2"	"GNB1"	0.481
"FFAR2"	"PLCB3"	0.277
"FFAR2"	"UTS2R"	0.906
"FFAR2"	"GNB2"	0.427
"CFP"	"THSD1"	0.433
"CFP"	"ADAMTS13"	0.514
"CFP"	"ADAMTS4"	0.636
"CFP"	"FCN1"	0.808
"COX7C"	"HCFC1"	0.445
"COX7C"	"RPL37A"	0.46
"COX7C"	"HINT1"	0.489
"COX7C"	"RPS21"	0.506
"COX7C"	"UQCRC2"	0.917
"COX7C"	"RPL11"	0.43
"COX7C"	"UQCRQ"	0.937
"COX7C"	"COX5A"	0.928
"COX7C"	"RPL30"	0.439
"COX7C"	"RPL35"	0.448
"COX7C"	"UBL5"	0.587
"COX7C"	"FAU"	0.173
"COX7C"	"TBCA"	0.487
"HSPB1"	"STAT3"	0.666
"HSPB1"	"AKT1"	0.704
"HSPB1"	"ANXA5"	0.745
"HSPB1"	"DAXX"	0.685
"HSPB1"	"PFDN2"	0.689
"HSPB1"	"CRK"	0.778
"HSPB1"	"NDUFV1"	0.547
"HSPB1"	"MSN"	0.758
"HSPB1"	"ACTA1"	0.714
"HSPB1"	"TNF"	0.491
"GGT1"	"TBX1"	0.305
"GGT1"	"MGAM"	0.686
"GGT1"	"GCAT"	0.232
"GGT1"	"HRAS"	0.428
"GGT1"	"FOXM1"	0.233
"GGT1"	"AKT1"	0.458
"GGT1"	"TXNRD2"	0.297
"GGT1"	"ITGA2B"	0.807
"GGT1"	"CNDP2"	0.545
"GGT1"	"TNF"	0.666
"GGT1"	"GLUD2"	0.275
"GGT1"	"GSTM1"	0.474
"GGT1"	"GCLM"	0.242
"GGT1"	"RPL27A"	0.34
"GGT1"	"S100A12"	0.517
"GGT1"	"ANXA5"	0.523
"GGT1"	"SDHC"	0.276
"PIAS1"	"DAXX"	0.83
"PIAS1"	"MTA1"	0.767
"PIAS1"	"IL6R"	0.18
"PIAS1"	"RANGAP1"	0.603
"PIAS1"	"STAT3"	0.739
"PIAS1"	"STAT5A"	0.784
"PIAS1"	"STAT4"	0.784
"PIAS1"	"GTF2H4"	0.833
"PIAS1"	"AKT1"	0.64
"PIAS1"	"MSX1"	0.969
"PIAS1"	"UBE2R2"	0.413
"CD68"	"IFI30"	0.413
"CD68"	"CXCR4"	0.523
"CD68"	"SIGLEC1"	0.525
"CD68"	"TNF"	0.581
"CD68"	"CD207"	0.661
"CD68"	"SPN"	0.601
"CD68"	"CD7"	0.786
"CD68"	"IL13"	0.299
"CD68"	"VWF"	0.375
"CD68"	"TNFSF13"	0.36
"CD68"	"AKT1"	0.481
"CHRNA10"	"CHRNG"	0.864
"KLF16"	"FOXK1"	1
"KLF16"	"SIN3B"	1
"CNGB1"	"CNGA2"	0.822
"PHC1"	"ANAPC2"	0.776
"PHC1"	"HIST1H2AC"	0.773
"PHC1"	"TFCP2"	0.746
"PHC1"	"PRMT5"	0.746
"PHC1"	"PCGF6"	1
"BST2"	"LILRA4"	0.404
"BST2"	"IFIT2"	0.63
"BST2"	"RIPK1"	0.614
"BST2"	"IRF3"	0.585
"BST2"	"TREX1"	0.519
"BST2"	"TRIM22"	0.636
"BST2"	"ADAR"	0.617
"BST2"	"IRF7"	0.602
"BST2"	"IRF2"	0.459
"BST2"	"IFITM1"	0.557
"BST2"	"HLA-G"	0.65
"LSM7"	"PCBP2"	0.632
"LSM7"	"KLC2"	0.62
"LSM7"	"GTF2F1"	0.662
"LSM7"	"POLR2L"	0.704
"LSM7"	"LSM2"	0.959
"LSM7"	"CPSF1"	0.656
"LSM7"	"EEF2"	0.579
"LSM7"	"XAB2"	0.758
"LSM7"	"CTNNBL1"	0.755
"LSM7"	"RPL35"	0.577
"LSM7"	"PCBP1"	0.62
"LSM7"	"FAU"	0.383
"ACTN4"	"MYL6"	0.591
"ACTN4"	"GNB2"	0.691
"ACTN4"	"TMSB4X"	0.78
"ACTN4"	"NDUFB10"	0.282
"ACTN4"	"LIMS2"	0.512
"ACTN4"	"TRIM3"	1
"ACTN4"	"APOL1"	0.545
"ACTN4"	"CALML5"	0.697
"ACTN4"	"ACTA1"	0.69
"ACTN4"	"SQSTM1"	0.69
"ACTN4"	"LIMD1"	0.657
"ACTN4"	"TPM2"	0.524
"ACTN4"	"CABP2"	0.426
"ACTN4"	"SOS1"	0.513
"ACTN4"	"VWF"	0.612
"ACTN4"	"VEGFB"	0.55
"ACTN4"	"MIB2"	0.509
"ACTN4"	"AKT1"	0.734
"ACTN4"	"ITGA2B"	0.546
"ACTN4"	"CALB2"	0.595
"ACTN4"	"SLC9A3R2"	0.486
"ACTN4"	"CAMK2A"	0.634
"ACTN4"	"PIP5K1C"	0.604
"ACTN4"	"DNM2"	0.616
"ACTN4"	"PF4"	0.643
"ACTN4"	"TNNT3"	0.445
"ARPC1B"	"PSMA7"	0.63
"ARPC1B"	"ARPC5"	0.807
"ARPC1B"	"EPHB3"	0.469
"ARPC1B"	"ARPC4"	0.786
"ARPC1B"	"ACTA1"	0.652
"GDF15"	"TSPAN4"	0.325
"GDF15"	"PITX1"	0.545
"GDF15"	"AKT1"	0.65
"GDF15"	"TNF"	0.609
"TNNI2"	"CHRNG"	0.262
"TNNI2"	"MYL6"	0.562
"TNNI2"	"TCAP"	0.737
"TNNI2"	"MYL3"	0.759
"TNNI2"	"CALB2"	0.644
"TNNI2"	"TNNI1"	0.883
"TNNI2"	"KCNIP2"	0.447
"TNNI2"	"TNNT2"	0.84
"TNNI2"	"ACTA1"	0.547
"TNNI2"	"CALML5"	0.661
"TNNI2"	"CABP2"	0.55
"TNNI2"	"TNNT3"	0.883
"TNNI2"	"TPM2"	0.763
"TUBGCP2"	"CSNK1E"	0.626
"TUBGCP2"	"TUBB2B"	0.696
"TUBGCP2"	"KIFC1"	0.766
"TUBGCP2"	"PCNT"	0.885
"TUBGCP2"	"TUBB"	0.631
"TUBGCP2"	"KIF25"	0.718
"TUBGCP2"	"DYNC1H1"	0.768
"TUBGCP2"	"PLK1"	0.795
"TUBGCP2"	"NUMA1"	0.74
"HBZ"	"HBD"	0.761
"HBZ"	"PAH"	0.712
"HBZ"	"SP1"	0.41
"HBZ"	"AMBP"	0.412
"HBZ"	"TH"	0.365
"HBZ"	"HBE1"	0.761
"HBZ"	"ECHS1"	0.323
"LAMA5"	"RAPSN"	0.224
"LAMA5"	"ITGA2B"	0.507
"LAMA5"	"ACTA1"	0.515
"PPP1R1B"	"CXCR4"	0.543
"PPP1R1B"	"CALB2"	0.605
"PPP1R1B"	"CSNK2B"	0.57
"PPP1R1B"	"TH"	0.61
"NUP210"	"INCENP"	0.5
"NUP210"	"RANGAP1"	0.623
"NUP210"	"GEMIN4"	0.565
"NUP210"	"GEMIN7"	0.493
"NUP210"	"OS9"	0.476
"NUP210"	"CPSF1"	0.564
"NUP210"	"NES"	0.376
"NUP210"	"THOC6"	0.6
"NUP210"	"NONO"	0.73
"NUP210"	"POM121"	0.827
"NUP210"	"NPM1"	0.541
"ILKAP"	"EPHB3"	0.487
"ILKAP"	"RIPK1"	0.606
"ILKAP"	"LIMK2"	0.846
"ILKAP"	"TYRO3"	0.613
"ILKAP"	"STK11"	0.796
"ILKAP"	"PIM2"	0.784
"ILKAP"	"HCK"	0.614
"SCLY"	"HYI"	0.255
"SCLY"	"TXNRD2"	1
"HSPBP1"	"BRSK1"	1
"ITIH5"	"SLC3A2"	0
"HRK"	"BBC3"	1
"HRK"	"BAD"	1
"HRK"	"MCL1"	1
"POM121"	"RANGAP1"	0.698
"POM121"	"INCENP"	0.567
"POM121"	"GEMIN4"	0.559
"POM121"	"NPM1"	0.475
"POM121"	"GEMIN7"	0.641
"POM121"	"THOC6"	0.754
"POM121"	"CPSF1"	0.772
"CD63"	"VWF"	0.526
"CD63"	"ANXA5"	0.467
"CD63"	"ITGA2B"	0.775
"CD63"	"CXCR4"	0.686
"CD63"	"LAMP1"	0.821
"CD63"	"TGOLN2"	0.66
"CD63"	"SLC29A2"	0.511
"MPHOSPH6"	"RPL37"	0.444
"MPHOSPH6"	"RPL37A"	0.57
"MPHOSPH6"	"RPL7"	0.633
"MPHOSPH6"	"RPL27A"	0.502
"MPHOSPH6"	"RPL41"	0.442
"MPHOSPH6"	"RPL11"	0.64
"MPHOSPH6"	"RPLP0"	0.524
"MPHOSPH6"	"RPS9"	0.647
"MPHOSPH6"	"RPLP2"	0.363
"MPHOSPH6"	"RPL14"	0.401
"MPHOSPH6"	"RPL30"	0.521
"MPHOSPH6"	"RPL35"	0.651
"MPHOSPH6"	"RPS2"	0.636
"MPHOSPH6"	"RPL18"	0.652
"MPHOSPH6"	"RPL32"	0.414
"MPHOSPH6"	"RPL4"	0.62
"MPHOSPH6"	"RPL36AL"	0.643
"MPHOSPH6"	"RPL15"	0.649
"MPHOSPH6"	"RPL13A"	0.617
"MPHOSPH6"	"RPL8"	0.388
"MPHOSPH6"	"EXOSC3"	0.891
"MPHOSPH6"	"EXOSC7"	0.879
"MPHOSPH6"	"RPL10"	0.611
"CAB39"	"RTN4RL2"	0.55
"CAB39"	"CAMKK2"	0.587
"CAB39"	"UBL5"	0.472
"CAB39"	"STK11"	0.661
"CAB39"	"OPTC"	0.4
"CAB39"	"STK24"	0.65
"CAB39"	"CHAD"	0.319
"CAB39"	"BRSK1"	0.474
"CAB39"	"DCXR"	0.525
"CAB39"	"LRG1"	0.765
"CAB39"	"IGFALS"	0.603
"CAB39"	"GP9"	0.279
"THSD1"	"ADAMTS4"	0.296
"THSD1"	"ADAMTS13"	0.433
"CHAD"	"EEF1G"	0.282
"CHAD"	"GNB2"	0.406
"CHAD"	"GNB1"	0.285
"CHAD"	"HRAS"	0.171
"CHAD"	"DIRAS2"	0.235
"CHAD"	"GNAI2"	0.286
"CHAD"	"ITGA2B"	0.421
"RPL35"	"RPS23"	0.842
"RPL35"	"EEF1G"	0.725
"RPL35"	"SLC3A2"	0.67
"RPL35"	"RPL32"	0.889
"RPL35"	"RPL7"	0.799
"RPL35"	"HINT1"	0.624
"RPL35"	"EIF4A2"	0.633
"RPL35"	"SDSL"	1
"RPL35"	"EIF5A"	0.751
"RPL35"	"FAU"	0.643
"RPL35"	"RPL8"	0.738
"RPL35"	"EXOSC7"	0.694
"RPL35"	"RPL37"	0.775
"RPL35"	"RPL11"	0.835
"RPL35"	"RPL27A"	0.881
"RPL35"	"RPS21"	0.768
"RPL35"	"RPLP2"	0.756
"RPL35"	"MRPL16"	0.525
"RPL35"	"RPS9"	0.753
"RPL35"	"RPS2"	0.75
"RPL35"	"DDOST"	0.571
"RPL35"	"RPL4"	0.759
"RPL35"	"RPL36AL"	0.762
"RPL35"	"RPL18"	0.836
"RPL35"	"EEF2"	0.63
"RPL35"	"RPL15"	0.769
"RPL35"	"RPN1"	0.692
"RPL35"	"RPL13A"	0.787
"RPL35"	"GSPT2"	0.609
"RPL35"	"MRPL17"	0.525
"RPL35"	"EXOSC3"	0.723
"RPL35"	"RPL10"	0.798
"RPL35"	"RPL37A"	0.64
"RPL35"	"MRPS12"	0.488
"RPL35"	"SMG6"	0.743
"RPL35"	"RPL41"	0.758
"RPL35"	"RPLP0"	0.668
"RPL35"	"RPL14"	0.786
"RPL35"	"RPL30"	0.724
"FRS3"	"HRAS"	1
"FRS3"	"CRK"	0.425
"FRS3"	"HCK"	1
"FRS3"	"SOS1"	1
"RIPK1"	"TRAF5"	0.653
"RIPK1"	"BID"	0.685
"RIPK1"	"DAXX"	0.592
"RIPK1"	"NFKBIB"	1
"RIPK1"	"SQSTM1"	0.616
"RIPK1"	"USP2"	0.508
"RIPK1"	"TNF"	0.493
"RIPK1"	"UBE2V1"	0.633
"RIPK1"	"NFKB2"	0.656
"RIPK1"	"IRF3"	0.631
"TUBB2B"	"KIF25"	0.716
"TUBB2B"	"ARF1"	0.544
"TUBB2B"	"KIFC1"	0.768
"TUBB2B"	"KIF1A"	0.579
"TUBB2B"	"DYNC1LI1"	0.584
"TUBB2B"	"PFDN2"	0.731
"TUBB2B"	"CALML5"	0.699
"TUBB2B"	"ACTA1"	0.555
"TUBB2B"	"CABP2"	0.534
"TUBB2B"	"TBCA"	0.845
"TUBB2B"	"OBSCN"	0.599
"TUBB2B"	"DYNC1H1"	0.603
"TUBB2B"	"PLK1"	0.787
"TUBB2B"	"CALB2"	0.602
"TUBB2B"	"DNAH11"	0.377
"TUBB2B"	"EEF1G"	0.687
"TUBB2B"	"FAU"	0.314
"GTF2H4"	"XAB2"	0.718
"GTF2H4"	"PIAS3"	1
"GTF2H4"	"GTF2F1"	0.822
"GTF2H4"	"POLR2L"	0.822
"GTF2H4"	"POLR2J2"	0.839
"GTF2H4"	"POLD3"	0.803
"GTF2H4"	"TAF1C"	0.821
"GTF2H4"	"DDX11"	0.699
"USP2"	"ZFYVE1"	0.541
"USP2"	"RHPN1"	0.784
"USP2"	"TNF"	0.35
"USP2"	"FAU"	0.314
"PLCB2"	"P2RY11"	0.356
"PLCB2"	"PLCB3"	1
"PLCB2"	"PIP5K1C"	1
"PLCB2"	"CAMK2A"	1
"PLCB2"	"TAS1R1"	0.356
"PLCB2"	"GNB2"	1
"PLCB2"	"PIK3R5"	1
"PLCB2"	"PRKCG"	1
"PLCB2"	"UTS2R"	0.356
"PLCB2"	"CALML5"	0.784
"PLCB2"	"GNB1"	1
"PLCB2"	"PLCD1"	1
"PLCB2"	"PROK2"	0.191
"PLCB2"	"GNAI2"	1
"SIX3"	"ENTPD2"	0.318
"SIX3"	"MTA1"	0.686
"SIX3"	"FGF8"	0.186
"SIX3"	"WDTC1"	0.661
"VWF"	"HRAS"	0.432
"VWF"	"GATA2"	0.422
"VWF"	"ARRB2"	0.53
"VWF"	"VEGFB"	0.658
"VWF"	"GP9"	0.184
"VWF"	"TMSB4X"	0.645
"VWF"	"AKT1"	0.46
"VWF"	"ANXA5"	0.652
"VWF"	"WDTC1"	0.498
"VWF"	"ITGA2B"	0.536
"VWF"	"COX5A"	0.301
"VWF"	"NONO"	0.457
"VWF"	"TNF"	0.466
"VWF"	"ADAMTS13"	0.523
"VWF"	"PF4"	0.706
"VWF"	"SOS1"	0.341
"VWF"	"CXCR4"	0.557
"VWF"	"CRK"	0.561
"PPP2R5A"	"PSME4"	0.688
"PPP2R5A"	"RANGAP1"	0.712
"PPP2R5A"	"HRAS"	0.649
"PPP2R5A"	"INCENP"	0.687
"PPP2R5A"	"PSMA7"	0.682
"PPP2R5A"	"ARRB2"	0.755
"PPP2R5A"	"AKT1"	0.724
"PPP2R5A"	"PLK1"	0.733
"PPP2R5A"	"CENPH"	0.682
"PPP2R5A"	"CACNA2D4"	0.343
"PPP2R5A"	"NUDC"	0.687
"PPP2R5A"	"PSMB4"	0.698
"TRAF5"	"NFKB2"	0.551
"TRAF5"	"TNFSF13"	0.514
"TRAF5"	"TNF"	0.541
"TRAF5"	"TNFRSF13B"	0.64
"USP22"	"HIST1H2AC"	0.727
"USP22"	"ATXN7L3"	0.855
"USP22"	"FOXM1"	1
"USP22"	"HIST1H2AA"	0.572
"LPIN2"	"AGPAT1"	0.699
"LPIN2"	"ZNF148"	0.757
"CYBA"	"HRAS"	0.565
"CYBA"	"TNF"	0.599
"CYBA"	"VAV1"	0.525
"CYBA"	"AKT1"	0.513
"TNFRSF13B"	"TNFSF13"	0.425
"TNFRSF13B"	"TNF"	1
"CYP46A1"	"POR"	0.726
"CYP46A1"	"LSS"	0.675
"CYP46A1"	"CHDH"	0.576
"MARS"	"RPL27A"	0.706
"MARS"	"RPL11"	0.858
"MARS"	"RPL13A"	0.707
"MARS"	"GSPT2"	0.593
"MARS"	"EIF5A"	0.757
"MARS"	"RPL8"	0.611
"MARS"	"TXLNA"	0.769
"MARS"	"RPS9"	0.801
"MARS"	"RPS2"	0.788
"MARS"	"RPL10"	0.68
"MARS"	"RPL4"	0.801
"MARS"	"PGK1"	0.76
"MARS"	"EEF2"	0.749
"MARS"	"RPLP0"	0.714
"MARS"	"EEF1G"	0.868
"MARS"	"FAU"	0.643
"SMARCD3"	"STK11"	0.664
"SMARCD3"	"PRMT5"	0.718
"SMARCD3"	"ACTA1"	0.358
"SMARCD3"	"CKS1B"	0.658
"SMARCD3"	"NR5A1"	0.823
"SMARCD3"	"TBX5"	0.689
"SMARCD3"	"HDAC3"	0.669
"SMARCD3"	"CYP4A11"	0.593
"PKMYT1"	"DUSP23"	0.712
"PKMYT1"	"BRSK1"	0.675
"PKMYT1"	"CDC25A"	0.84
"PKMYT1"	"FOXM1"	1
"PKMYT1"	"PLK1"	0.706
"PKMYT1"	"PRMT5"	0.863
"PKMYT1"	"CAMKK2"	0.586
"PKMYT1"	"MYT1"	0.842
"PKMYT1"	"RRM2"	1
"PKMYT1"	"FAU"	0.643
"PKMYT1"	"CKS1B"	0.59
"NUBP2"	"PTMS"	0.413
"NUBP2"	"NUDC"	1
"NUBP2"	"TNNT3"	1
"CHTF18"	"DDX11"	0.671
"ITGA2B"	"CRK"	0.523
"ITGA2B"	"LIMS2"	0.264
"ITGA2B"	"HRAS"	0.481
"ITGA2B"	"IL13"	0.456
"ITGA2B"	"GATA2"	0.369
"ITGA2B"	"STAT5A"	0.315
"ITGA2B"	"ARRB2"	0.53
"ITGA2B"	"GP9"	0.519
"ITGA2B"	"CD7"	0.501
"ITGA2B"	"AKT1"	0.485
"ITGA2B"	"RASGRP2"	0.502
"ITGA2B"	"ANXA5"	0.528
"ITGA2B"	"SLAMF1"	1
"ITGA2B"	"WDTC1"	0.355
"ITGA2B"	"GIT1"	0.345
"ITGA2B"	"TNF"	0.693
"ITGA2B"	"COL9A3"	0.44
"ITGA2B"	"PF4"	0.493
"ITGA2B"	"SOS1"	0.504
"RPL8"	"RPL11"	0.704
"RPL8"	"RPL7"	0.828
"RPL8"	"SLC3A2"	0.592
"RPL8"	"RPS21"	0.658
"RPL8"	"RPL27A"	0.742
"RPL8"	"RPL4"	0.719
"RPL8"	"DDOST"	0.517
"RPL8"	"RPLP2"	0.793
"RPL8"	"MRPL16"	0.444
"RPL8"	"RPS9"	0.718
"RPL8"	"RPS2"	0.716
"RPL8"	"RPL36AL"	0.643
"RPL8"	"RPL18"	0.819
"RPL8"	"RPL15"	0.673
"RPL8"	"RPN1"	0.606
"RPL8"	"RPL13A"	0.773
"RPL8"	"MRPL17"	0.444
"RPL8"	"GSPT2"	0.517
"RPL8"	"EEF2"	0.556
"RPL8"	"RPL10"	0.687
"RPL8"	"EXOSC3"	0.517
"RPL8"	"RPL37"	0.63
"RPL8"	"RPL37A"	0.683
"RPL8"	"MRPS12"	0.4
"RPL8"	"SMG6"	0.529
"RPL8"	"RPL41"	0.71
"RPL8"	"RPLP0"	0.83
"RPL8"	"RPL30"	0.876
"RPL8"	"RPL14"	0.796
"RPL8"	"EEF1G"	0.614
"RPL8"	"RPS23"	0.755
"RPL8"	"RPL32"	0.819
"RPL8"	"PSTPIP1"	0.671
"RPL8"	"EIF4A2"	0.543
"RPL8"	"SDSL"	1
"RPL8"	"EIF5A"	0.613
"RPL8"	"FAU"	0.643
"RPL8"	"EXOSC7"	0.491
"ZBTB32"	"TYRO3"	0.551
"ZBTB32"	"PCNT"	0.401
"ZBTB32"	"NES"	0.478
"ZBTB32"	"SH3GL1"	0.345
"ZBTB32"	"MCL1"	0.558
"ZBTB32"	"AMBP"	0.214
"ZBTB32"	"GATA2"	0.901
"ZBTB32"	"HELT"	1
"ZBTB32"	"POLD3"	0.915
"ZBTB32"	"FANCG"	0.729
"ZBTB32"	"MTA2"	0.691
"ZBTB32"	"HDAC3"	0.661
"ZBTB32"	"NDP"	0.22
"MOV10L1"	"SMG6"	0.587
"KCNQ4"	"CACNA1A"	0.67
"KCNQ4"	"KCNE1"	0.667
"TJP3"	"CLDN6"	0.652
"TJP3"	"F11R"	0.56
"SCARF1"	"KLHDC3"	0.346
"SCARF1"	"STAB1"	0.868
"SCARF1"	"CRK"	0.343
"SMG6"	"RPL7"	0.734
"SMG6"	"RPS21"	0.736
"SMG6"	"RPL27A"	0.646
"SMG6"	"RPL11"	0.71
"SMG6"	"RPLP2"	0.519
"SMG6"	"RPS9"	0.718
"SMG6"	"RPS2"	0.684
"SMG6"	"RPL4"	0.716
"SMG6"	"RPL36AL"	0.763
"SMG6"	"RPL18"	0.729
"SMG6"	"RPL15"	0.783
"SMG6"	"GSPT2"	0.63
"SMG6"	"RPL13A"	0.711
"SMG6"	"RPL10"	0.704
"SMG6"	"RPL37"	0.641
"SMG6"	"RPL37A"	0.692
"SMG6"	"RPL41"	0.626
"SMG6"	"RPLP0"	0.64
"SMG6"	"RPL30"	0.63
"SMG6"	"RPL14"	0.552
"SMG6"	"RPL32"	0.587
"SMG6"	"RPS23"	0.694
"ABCA7"	"FXYD2"	0.57
"UBE2R2"	"ASB2"	1
"UBE2R2"	"ANAPC2"	1
"UBE2R2"	"RNF149"	0.191
"UBE2R2"	"RANGAP1"	1
"UBE2R2"	"SOCS1"	1
"UBE2R2"	"MIB2"	1
"UBE2R2"	"OS9"	0.574
"UBE2R2"	"HECTD3"	0.779
"UBE2R2"	"RNF130"	0.784
"UBE2R2"	"FAU"	0.255
"UBE2R2"	"DTX3L"	1
"UBE2R2"	"UBE2V1"	1
"P2RX3"	"HTR3A"	0.638
"P2RX3"	"ENTPD2"	0.49
"P2RX3"	"TRPV2"	0.727
"P2RX3"	"P2RY11"	0.727
"PRKCG"	"GNAI2"	0.594
"PRKCG"	"CREB3L1"	0.456
"PRKCG"	"CRK"	0.562
"PRKCG"	"PLCB3"	0.565
"PRKCG"	"F11R"	0.41
"PRKCG"	"ATP6AP1"	0.285
"PRKCG"	"CACNA1A"	0.687
"PRKCG"	"AP2A1"	0.574
"PRKCG"	"GNB2"	0.601
"PRKCG"	"PAX8"	0.348
"PRKCG"	"RHOG"	0.648
"PRKCG"	"SPHK1"	0.845
"PRKCG"	"ACTA1"	0.472
"PRKCG"	"HRAS"	0.721
"PRKCG"	"PLCD1"	0.751
"PRKCG"	"RHOBTB1"	0.791
"CDON"	"MEF2D"	0.229
"POLD3"	"POLR2L"	0.792
"POLD3"	"XAB2"	0.677
"TYRO3"	"ECE1"	0.557
"TYRO3"	"SH3GL1"	0.495
"TYRO3"	"CTNNBL1"	0.606
"TYRO3"	"MCL1"	0.7
"TYRO3"	"AMBP"	0.42
"TYRO3"	"SOCS1"	0.601
"TYRO3"	"MICAL1"	0.548
"TYRO3"	"TNF"	0.614
"TYRO3"	"KCNE1"	0.609
"VAMP8"	"AP2A1"	0.77
"VAMP8"	"ARF1"	0.713
"VAMP8"	"ARRB2"	0.69
"VAMP8"	"RAB5B"	0.835
"VAMP8"	"TGOLN2"	0.697
"VAMP8"	"SH3GL1"	0.468
"VAMP8"	"ARPC4"	0.56
"VAMP8"	"IGF2R"	0.8
"VAMP8"	"RAB5C"	0.796
"VAMP8"	"FTL"	0.658
"VAMP8"	"SYT8"	0.602
"VAMP8"	"BLOC1S3"	0.592
"VAMP8"	"ARPC5"	0.635
"VAMP8"	"BET1L"	0.687
"VAMP8"	"LAMP1"	0.879
"VAMP8"	"DNM2"	0.707
"VAMP8"	"HLA-G"	0.715
"PDCL3"	"TUBB"	0.628
"PDCL3"	"PLP2"	0.478
"THRA"	"PIK3R5"	0.521
"THRA"	"TXNRD2"	0.761
"THRA"	"HDAC3"	0.769
"STAT3"	"IRF7"	0.852
"STAT3"	"HCK"	0.735
"STAT3"	"ANXA5"	0.53
"STAT3"	"ZNF148"	0.747
"STAT3"	"SDHC"	0.513
"STAT3"	"CXCR4"	0.637
"STAT3"	"DAXX"	0.857
"STAT3"	"DYRK1B"	1
"STAT3"	"MCL1"	0.739
"STAT3"	"IL6R"	0.434
"STAT3"	"KPNA6"	0.772
"STAT3"	"NPM1"	0.677
"STAT3"	"CTF1"	0.235
"STAT3"	"TNF"	0.555
"STAT3"	"BATF"	0.854
"STAT3"	"HDAC3"	0.847
"STAT3"	"SLC39A4"	0.606
"STAT3"	"SP1"	0.696
"STAT3"	"IRF3"	0.887
"STAT3"	"PIAS3"	1
"STAT3"	"CSF3R"	0.483
"STAT3"	"STAT5A"	0.791
"STAT3"	"STAT4"	0.791
"STAT3"	"EIF4EBP1"	0.663
"STAT3"	"FOXM1"	1
"STAT3"	"MTA1"	0.829
"STAT3"	"NES"	0.59
"STAT3"	"STK11"	0.812
"STAT3"	"HRAS"	0.733
"STAT3"	"NFKB2"	0.859
"STAT3"	"SOCS1"	0.76
"STAT3"	"IL13"	0.174
"STAT3"	"GATA2"	0.854
"STAT3"	"IL7R"	0.505
"STAT3"	"IL32"	0.569
"STAT3"	"AKT1"	0.825
"STAT3"	"ECHS1"	0.589
"STAT3"	"SLC9A3R2"	0.409
"STAT3"	"TBX5"	0.749
"FETUB"	"AMBP"	0.634
"AMBP"	"HELT"	0.356
"AMBP"	"TNFRSF10C"	0.536
"AMBP"	"NES"	0.274
"AMBP"	"HBE1"	0.5
"AMBP"	"ECE1"	0.5
"AMBP"	"SH3GL1"	0.271
"AMBP"	"MCL1"	0.355
"AMBP"	"NDP"	0.832
"AMBP"	"TM4SF5"	0.611
"AMBP"	"RAB5C"	0.468
"AMBP"	"LPA"	0.521
"AMBP"	"TNIP1"	0.342
"AMBP"	"HINT1"	0.524
"AMBP"	"PCNT"	0.312
"PAIP2"	"VEGFB"	0.344
"PAIP2"	"EIF4A2"	0.784
"PITX1"	"FGF8"	0.166
"PITX1"	"NR5A1"	0.856
"PITX1"	"TBX5"	0.634
"PITX1"	"IRF3"	0.759
"SRF"	"SDHC"	0.506
"SRF"	"FOXK1"	0.901
"SRF"	"AKT1"	0.749
"SRF"	"HDAC3"	0.774
"SRF"	"NFATC4"	0.819
"SRF"	"ACTA1"	0.441
"SRF"	"SP1"	0.69
"SRF"	"LPXN"	0.698
"SRF"	"GTF2F1"	0.728
"ANXA11"	"RPS21"	0.566
"ANXA11"	"NDUFV1"	0.536
"ANXA11"	"SLC9A3R2"	0.411
"ANXA11"	"S100A6"	0.743
"ANXA11"	"PCBP1"	0.755
"ANXA11"	"HLA-DRB1"	0.557
"B3GAT3"	"SP1"	0.476
"B3GAT3"	"EXT2"	0.882
"EXOSC7"	"RPL7"	0.613
"EXOSC7"	"RPL27A"	0.599
"EXOSC7"	"RPL11"	0.673
"EXOSC7"	"RPLP2"	0.486
"EXOSC7"	"RPL15"	0.68
"EXOSC7"	"RPL13A"	0.606
"EXOSC7"	"EXOSC3"	0.909
"EXOSC7"	"RPL10"	0.61
"EXOSC7"	"RPL37"	0.631
"EXOSC7"	"RPL37A"	0.585
"EXOSC7"	"RPL41"	0.612
"EXOSC7"	"ZFP36L1"	0.679
"EXOSC7"	"RPLP0"	0.533
"EXOSC7"	"RPL30"	0.528
"EXOSC7"	"RPL14"	0.512
"EXOSC7"	"RPL32"	0.565
"EXOSC7"	"KHSRP"	0.865
"EXOSC7"	"KPNA6"	0.757
"EXOSC7"	"RPS9"	0.634
"EXOSC7"	"RPS2"	0.632
"EXOSC7"	"RPL18"	0.62
"EXOSC7"	"RPL4"	0.595
"EXOSC7"	"RPL36AL"	0.653
"DAXX"	"PRAM1"	0.299
"DAXX"	"HDAC3"	0.809
"DAXX"	"NPM1"	0.695
"TMEM115"	"DYNC1H1"	0.414
"TMEM115"	"SERPINB5"	0.431
"TMEM115"	"BET1L"	0.793
"BIN2"	"CD53"	0.621
"BIN2"	"LPXN"	0.607
"BIN2"	"AP2A1"	0.572
"BIN2"	"SH3GL1"	0.333
"UQCRC2"	"SDHC"	0.763
"UQCRC2"	"NDUFB10"	0.791
"UQCRC2"	"NDUFV1"	0.842
"UQCRC2"	"RAB5B"	0.543
"UQCRC2"	"COX5A"	0.842
"UQCRC2"	"RAB5C"	0.533
"UQCRC2"	"TPM2"	0.452
"UQCRC2"	"MDH2"	0.662
"UQCRC2"	"RPL7"	0.483
"UQCRC2"	"UQCRQ"	0.917
"UQCRC2"	"DDOST"	0.529
"UQCRC2"	"RPN1"	0.588
"NDUFB10"	"NDUFV1"	0.843
"NDUFB10"	"UQCRQ"	0.852
"NDUFB10"	"COX5A"	0.91
"NDUFB10"	"NDUFB11"	0.928
"NDUFB10"	"ACAD9"	0.695
"NDUFB10"	"SDHC"	0.7
"NDUFB10"	"TPM2"	0.376
"NDUFB10"	"NDUFA3"	0.928
"EPN3"	"FAU"	0.255
"EPN3"	"AP2A1"	0.579
"ARRB2"	"RAB5C"	0.709
"ARRB2"	"OR4C46"	1
"ARRB2"	"HRAS"	0.8
"ARRB2"	"AP2A1"	0.707
"ARRB2"	"SYT8"	0.656
"ARRB2"	"OR5A2"	1
"ARRB2"	"OR6N1"	1
"ARRB2"	"ARPC5"	0.674
"ARRB2"	"AKT1"	0.805
"ARRB2"	"CXCR4"	0.746
"ARRB2"	"IGFALS"	0.37
"ARRB2"	"RAB5B"	0.778
"ARRB2"	"OR1M1"	1
"ARRB2"	"HCK"	0.693
"ARRB2"	"TGOLN2"	0.727
"ARRB2"	"SH3GL1"	0.633
"ARRB2"	"OR2Z1"	1
"ARRB2"	"ARPC4"	0.714
"ARRB2"	"IGF2R"	0.7
"ARRB2"	"DNM2"	0.637
"PNMT"	"HELT"	0.506
"PNMT"	"TH"	0.61
"PNMT"	"COMT"	0.526
"PNMT"	"DBH"	0.512
"PNMT"	"TCAP"	0.76
"PNMT"	"SP1"	0.346
"SH3GL1"	"ARPC4"	0.501
"SH3GL1"	"IGF2R"	0.426
"SH3GL1"	"RAB5C"	0.396
"SH3GL1"	"TNIP1"	0.623
"SH3GL1"	"SYT8"	0.403
"SH3GL1"	"MICAL1"	0.678
"SH3GL1"	"PTMS"	0.506
"SH3GL1"	"ARPC5"	0.491
"SH3GL1"	"AKT1"	0.549
"SH3GL1"	"MTA2"	0.357
"SH3GL1"	"NDP"	0.297
"SH3GL1"	"DNM2"	0.491
"SH3GL1"	"HINT1"	0.502
"SH3GL1"	"AP2A1"	0.435
"SH3GL1"	"PCNT"	0.5
"SH3GL1"	"LPXN"	0.532
"SH3GL1"	"TNFRSF10C"	0.389
"SH3GL1"	"ARR3"	0.659
"SH3GL1"	"NES"	0.572
"SH3GL1"	"RAB5B"	0.437
"SH3GL1"	"CYGB"	0.576
"SH3GL1"	"ECE1"	0.387
"SH3GL1"	"TGOLN2"	0.422
"SH3GL1"	"CTNNBL1"	0.317
"SH3GL1"	"MCL1"	0.567
"DNMT3L"	"HIST1H2AC"	0.66
"DNMT3L"	"IGF2R"	0.499
"AKT1"	"ARF1"	0.73
"AKT1"	"TPM2"	0.604
"AKT1"	"MGAM"	0.466
"AKT1"	"IRF3"	0.788
"AKT1"	"SOS1"	0.708
"AKT1"	"GNB1"	0.614
"AKT1"	"SQSTM1"	0.724
"AKT1"	"STAT5A"	0.657
"AKT1"	"STK11"	0.771
"AKT1"	"MSN"	0.699
"AKT1"	"EIF4A2"	0.567
"AKT1"	"ACTA1"	0.553
"AKT1"	"SOCS1"	0.69
"AKT1"	"HRAS"	0.68
"AKT1"	"TAL1"	0.667
"AKT1"	"NFKB2"	0.783
"AKT1"	"IL13"	0.263
"AKT1"	"GATA2"	0.749
"AKT1"	"TUBB"	0.687
"AKT1"	"IL32"	0.574
"AKT1"	"FOXM1"	1
"AKT1"	"SYTL1"	0.538
"AKT1"	"GNAI2"	0.762
"AKT1"	"CDC25A"	0.788
"AKT1"	"WDTC1"	1
"AKT1"	"CREB3L1"	0.629
"AKT1"	"EEF2"	0.743
"AKT1"	"CRK"	0.801
"AKT1"	"NQO2"	0.654
"AKT1"	"BAD"	0.588
"AKT1"	"FSHR"	0.498
"AKT1"	"GNB2"	0.653
"AKT1"	"EIF4EBP1"	0.62
"AKT1"	"STAT4"	0.657
"AKT1"	"CDKN1C"	0.691
"AKT1"	"PIK3R5"	0.64
"AKT1"	"ANXA5"	0.567
"AKT1"	"CRTC2"	0.731
"AKT1"	"SDHC"	0.476
"AKT1"	"RHOG"	0.636
"AKT1"	"CXCR4"	0.714
"AKT1"	"SPHK1"	0.708
"AKT1"	"TH"	0.665
"AKT1"	"FHIT"	0.753
"AKT1"	"NES"	0.625
"AKT1"	"TNK2"	0.727
"AKT1"	"ZFP36L1"	0.763
"AKT1"	"GYS1"	0.574
"AKT1"	"MCL1"	0.731
"AKT1"	"IL6R"	0.511
"AKT1"	"NFKBIB"	1
"AKT1"	"NPM1"	0.807
"AKT1"	"CTF1"	0.444
"AKT1"	"TNF"	0.565
"AKT1"	"VAV1"	0.632
"AKT1"	"BBC3"	0.497
"AKT1"	"HDAC3"	0.855
"AKT1"	"SLC3A2"	0.706
"AKT1"	"KHSRP"	0.693
"AKT1"	"MEF2D"	0.67
"AKT1"	"PLAUR"	0.489
"AKT1"	"PCBP1"	0.726
"AKT1"	"DNM2"	0.594
"AKT1"	"SP1"	0.681
"GEMIN7"	"KHSRP"	0.812
"GEMIN7"	"GEMIN4"	0.867
"GEMIN7"	"PRMT5"	0.882
"GEMIN7"	"LSM2"	0.73
"GEMIN7"	"TPST2"	0.554
"TM4SF5"	"TSPAN1"	1
"CD53"	"VAV1"	0.512
"CD53"	"ALOX5AP"	0.422
"MEF2D"	"CAMK2A"	0.655
"MEF2D"	"HDAC3"	0.702
"MEF2D"	"NFATC4"	0.758
"MEF2D"	"SP1"	0.807
"ARF1"	"HLA-DRA"	0.687
"ARF1"	"DNM2"	0.723
"ARF1"	"KIF1A"	0.353
"ARF1"	"TUBB"	0.631
"ARF1"	"RAB5B"	0.73
"ARF1"	"TGOLN2"	0.653
"ARF1"	"SURF4"	0.668
"ARF1"	"ACTA1"	0.581
"ARF1"	"IGF2R"	0.779
"ARF1"	"HLA-DRB1"	0.685
"ARF1"	"RAB5C"	0.678
"ARF1"	"KLC2"	0.69
"ARF1"	"HLA-DQA2"	0.615
"ARF1"	"RAB11B"	0.684
"ARF1"	"DYNC1H1"	0.571
"ARF1"	"KIF25"	0.3
"ARF1"	"WDTC1"	0.498
"ARF1"	"BET1L"	0.629
"DYNC1LI1"	"RANGAP1"	0.63
"DYNC1LI1"	"TUBB"	0.57
"DYNC1LI1"	"PCNT"	0.797
"DYNC1LI1"	"DYNC1H1"	0.77
"DYNC1LI1"	"DNAH11"	0.417
"RPL37"	"RPL36AL"	0.763
"RPL37"	"RPL7"	0.597
"RPL37"	"RPS21"	0.779
"RPL37"	"RPL27A"	0.794
"RPL37"	"RPL11"	0.612
"RPL37"	"MRPL16"	0.583
"RPL37"	"RPLP2"	0.623
"RPL37"	"RPS9"	0.542
"RPL37"	"RPS2"	0.534
"RPL37"	"LSM2"	0.483
"RPL37"	"RPL4"	0.568
"RPL37"	"DDOST"	0.386
"RPL37"	"RPL18"	0.638
"RPL37"	"RPL10"	0.657
"RPL37"	"RPL15"	0.859
"RPL37"	"RPL13A"	0.609
"RPL37"	"GSPT2"	0.796
"RPL37"	"RPN1"	0.578
"RPL37"	"EEF2"	0.467
"RPL37"	"EXOSC3"	0.596
"RPL37"	"RPL37A"	0.655
"RPL37"	"MRPS12"	0.515
"RPL37"	"RPL41"	0.931
"RPL37"	"RPLP0"	0.552
"RPL37"	"RPL30"	0.581
"RPL37"	"RPL14"	0.664
"RPL37"	"RPL32"	0.808
"RPL37"	"EEF1G"	0.569
"RPL37"	"RPS23"	0.687
"RPL37"	"EIF4A2"	0.793
"RPL37"	"FAU"	0.255
"KCNMB1"	"CYP4A11"	0.434
"SLC22A3"	"IGF2R"	0.444
"NDUFB11"	"NDUFV1"	0.944
"NDUFB11"	"NDUFA3"	1
"NDUFB11"	"COX5A"	0.856
"NDUFB11"	"SURF4"	0.592
"NDUFB11"	"ACAD9"	0.818
"NDUFB11"	"SDHC"	0.782
"NONO"	"CRTC2"	0.732
"NONO"	"COX5A"	0.409
"NONO"	"RRM2"	0.413
"NONO"	"TPM2"	0.412
"PPRC1"	"HCFC1"	0.678
"SCGB1A1"	"SLC3A2"	0.583
"SCGB1A1"	"IL13"	0.636
"SCGB1A1"	"FAU"	0.418
"TNNT3"	"MYL6"	0.546
"TNNT3"	"TCAP"	0.801
"TNNT3"	"MYL3"	0.806
"TNNT3"	"TNNI1"	1
"TNNT3"	"TNNT2"	0.89
"TNNT3"	"ACTA1"	0.539
"TNNT3"	"TPM2"	0.806
"MTA2"	"TCF20"	0.709
"MTA2"	"TAF1C"	0.712
"MTA2"	"FADS2"	0.504
"MTA2"	"PRMT5"	0.707
"MTA2"	"MTA1"	0.734
"MTA2"	"NES"	0.424
"MTA2"	"HIST1H2AA"	0.637
"MTA2"	"SIN3B"	0.735
"MTA2"	"SAP30"	0.698
"MTA2"	"HDAC3"	0.747
"MTA2"	"CES2"	0.497
"MTA2"	"ZFPM1"	0.805
"MTA2"	"HINT1"	0.667
"MTA2"	"HIST1H2AC"	0.711
"MTA2"	"PCNT"	0.52
"MTA2"	"SUDS3"	0.733
"FADS2"	"PLA2G2F"	0.385
"PLCB3"	"GNB1"	0.448
"PLCB3"	"PLCD1"	0.56
"PLCB3"	"GNB2"	0.485
"PLCB3"	"PIK3R5"	0.581
"PLCB3"	"PROK2"	0.444
"PLCB3"	"GNAI2"	0.582
"PLCB3"	"P2RY11"	0.277
"PLCB3"	"SLC9A3R2"	0.256
"PLCB3"	"CAMK2A"	0.635
"PLCB3"	"PIP5K1C"	0.645
"PLCB3"	"UTS2R"	0.34
"PLCB3"	"CALML5"	0.611
"PLCB3"	"FAU"	0.643
"PLCB3"	"SMYD3"	0.809
"CTF1"	"SOCS1"	0.234
"CTF1"	"CSF3R"	0.276
"CTF1"	"IL7R"	0.235
"CTF1"	"IL6R"	1
"CTF1"	"SOS1"	0.235
"CATSPER3"	"CACNA2D4"	0.973
"CATSPER3"	"CACNA1H"	0.816
"CENPH"	"RANGAP1"	0.797
"CENPH"	"INCENP"	0.839
"CENPH"	"HIST1H2AC"	0.756
"CENPH"	"NUDC"	0.836
"CENPH"	"NPM1"	0.669
"CENPH"	"PLK1"	0.779
"TMSB4Y"	"TMSB4X"	1
"BATF"	"CEBPA"	0.872
"RPL30"	"HINT1"	0.72
"RPL30"	"RPL7"	0.861
"RPL30"	"RPS21"	0.666
"RPL30"	"RPL27A"	0.738
"RPL30"	"RPL11"	0.813
"RPL30"	"UQCRQ"	0.435
"RPL30"	"MRPL16"	0.483
"RPL30"	"RPLP2"	0.88
"RPL30"	"RPS9"	0.863
"RPL30"	"RPS2"	0.894
"RPL30"	"RPL4"	0.861
"RPL30"	"DDOST"	0.571
"RPL30"	"RPL36AL"	0.709
"RPL30"	"RPL18"	0.876
"RPL30"	"RPL15"	0.738
"RPL30"	"RPN1"	0.624
"RPL30"	"RPL13A"	0.813
"RPL30"	"RPL32"	0.767
"RPL30"	"GSPT2"	0.478
"RPL30"	"EEF2"	0.689
"RPL30"	"EXOSC3"	0.608
"RPL30"	"RPL10"	0.755
"RPL30"	"RPL37A"	0.867
"RPL30"	"MRPS12"	0.407
"RPL30"	"RPL41"	0.66
"RPL30"	"RPLP0"	0.896
"RPL30"	"RPL14"	0.867
"RPL30"	"EEF1G"	0.795
"RPL30"	"RPS23"	0.77
"RPL30"	"EIF4A2"	0.505
"RPL30"	"FAU"	0.643
"MRPL17"	"MRPL16"	1
"MRPL17"	"RPS9"	0.485
"MRPL17"	"RPS2"	0.474
"MRPL17"	"RPL4"	0.501
"MRPL17"	"RPL13A"	0.505
"MRPL17"	"MRPL52"	1
"MRPL17"	"EEF2"	0.438
"MRPL17"	"RPL10"	0.595
"MRPL17"	"MRPS12"	0.871
"MRPL17"	"RPLP0"	0.491
"MRPL17"	"MRPS24"	0.852
"MRPL17"	"RPS23"	0.597
"MRPL17"	"PSTPIP1"	0.448
"MRPL17"	"MRPL21"	1
"MRPL17"	"RPL11"	0.479
"MRPL17"	"RPL7"	0.49
"MRPL17"	"RPL27A"	0.613
"RHPN1"	"RGS14"	0.784
"RHPN1"	"ZFYVE1"	0.779
"F11R"	"KCNE1"	0.445
"F11R"	"S100A8"	0.484
"ARHGAP17"	"RHOBTB1"	0.797
"ARHGAP17"	"RHOG"	0.642
"ARHGAP17"	"TNK2"	0.695
"ARHGAP17"	"RHOT2"	0.671
"PSMB4"	"ANAPC2"	0.698
"PSMB4"	"PSME4"	0.905
"PSMB4"	"OAZ2"	0.788
"PSMB4"	"TNF"	0.406
"PSMB4"	"NFKBIB"	1
"PSMB4"	"FAU"	0.314
"PSMB4"	"NFKB2"	0.852
"PSMB4"	"PSMA7"	0.956
"PSMB4"	"CDC25A"	0.834
"PSMB4"	"RPN1"	0.58
"PSMB4"	"PLK1"	0.639
"FTCD"	"GLUD2"	0.86
"MCM3AP"	"KPNA6"	0.742
"FCN2"	"FCN1"	0.435
"LILRA4"	"HLA-G"	0.32
"MYL3"	"TCAP"	0.925
"MYL3"	"MYO18B"	0.74
"MYL3"	"TNNT2"	0.882
"MYL3"	"ACTA1"	0.616
"MYL3"	"TPM2"	0.766
"MYL3"	"MIB2"	0.674
"MYL3"	"CAMK2A"	0.537
"MYL3"	"TNNI1"	0.806
"AZGP1"	"SARDH"	0.394
"HK3"	"MRPL52"	0.477
"HK3"	"MGAM"	0.48
"HK3"	"MDH2"	0.496
"HK3"	"FCN1"	0.732
"HK3"	"WDTC1"	0.5
"HK3"	"PGK1"	0.548
"HK3"	"UGP2"	0.588
"HK3"	"HCK"	0.478
"HK3"	"IDH2"	0.502
"HK3"	"SLC3A2"	0.504
"HK3"	"ACTA1"	0.499
"LY6E"	"LY6H"	0.806
"HBE1"	"TH"	0.485
"HBE1"	"PAH"	1
"HBE1"	"HBD"	1
"HBE1"	"DCXR"	0.357
"HBE1"	"ECHS1"	0.388
"CYGB"	"ECHS1"	0.59
"CYGB"	"TH"	0.551
"CYGB"	"PAH"	1
"CABP2"	"CACNA1A"	0.649
"CABP2"	"ACTA1"	0.404
"CABP2"	"OBSCN"	0.656
"CABP2"	"TUBB"	0.484
"CABP2"	"POR"	0.633
"CABP2"	"MYO18B"	0.348
"CABP2"	"CAMK2A"	0.627
"CABP2"	"TNNI1"	0.479
"CABP2"	"EEF1G"	0.606
"CABP2"	"FAU"	0.308
"CABP2"	"MYO1A"	0.542
"TAL1"	"GATA2"	0.796
"TAL1"	"ZFPM1"	0.852
"PROK2"	"GNB1"	0.444
"PROK2"	"FGF8"	1
"PROK2"	"S100A12"	1
"PROK2"	"UTS2R"	0.444
"PROK2"	"GNB2"	0.619
"PROK2"	"P2RY11"	0.235
"CHCHD4"	"TIMM8A"	1
"CHCHD4"	"RAB5B"	0.548
"CHCHD4"	"RHOT2"	0.599
"CHCHD4"	"CHCHD2"	0.948
"PF4"	"GNB1"	0.408
"PF4"	"NPW"	1
"PF4"	"VEGFB"	0.683
"PF4"	"GNB2"	0.51
"PF4"	"GP9"	0.21
"PF4"	"TNF"	0.502
"PF4"	"TMSB4X"	0.699
"PF4"	"FLII"	0.352
"PF4"	"ADCY1"	0.421
"PF4"	"WDTC1"	0.446
"PF4"	"GNAI2"	0.484
"PF4"	"CXCR4"	0.487
"PF4"	"CORT"	0.534
"PF4"	"GRM4"	0.361
"DTX3L"	"ANAPC2"	0.731
"DTX3L"	"SOCS1"	0.74
"DTX3L"	"H2AFY"	0.624
"DTX3L"	"RNF130"	1
"DTX3L"	"MIB2"	0.69
"DTX3L"	"IRF7"	0.846
"DTX3L"	"ASB2"	0.611
"DTX3L"	"HECTD3"	0.784
"DTX3L"	"UBE2V1"	0.824
"RPN1"	"RPS9"	0.617
"RPN1"	"RPL15"	0.619
"RPN1"	"RPL41"	0.57
"RPN1"	"RPS2"	0.641
"RPN1"	"RPL36AL"	0.769
"RPN1"	"DDOST"	0.839
"RPN1"	"OS9"	0.811
"RPN1"	"RPL4"	0.705
"RPN1"	"RPL18"	0.755
"RPN1"	"PPIB"	0.738
"RPN1"	"RPL13A"	0.623
"RPN1"	"RPL10"	0.829
"RPN1"	"RPL37A"	0.548
"RPN1"	"RAB5B"	0.699
"RPN1"	"RPLP0"	0.678
"RPN1"	"RPL14"	0.639
"RPN1"	"RPL32"	0.694
"RPN1"	"RPS23"	0.789
"RPN1"	"RAB5C"	0.616
"RPN1"	"PSMA7"	0.565
"RPN1"	"RPL7"	0.641
"RPN1"	"RPL27A"	0.87
"RPN1"	"RPS21"	0.565
"RPN1"	"RPL11"	0.626
"RPN1"	"RPLP2"	0.621
"SAP30"	"HINT1"	0.572
"SAP30"	"SUDS3"	0.777
"SAP30"	"FOXK1"	0.864
"SAP30"	"HIST1H2AC"	0.717
"SAP30"	"HIST1H2AA"	0.577
"SAP30"	"SIN3B"	0.784
"SAP30"	"HDAC3"	0.619
"ANXA5"	"STAT5A"	0.441
"ANXA5"	"EIF4EBP1"	0.539
"ANXA5"	"SDHC"	0.393
"ANXA5"	"CXCR4"	0.608
"ANXA5"	"MCL1"	0.625
"ANXA5"	"SPN"	0.592
"ANXA5"	"NPM1"	0.624
"ANXA5"	"HRAS"	0.533
"ANXA5"	"IL13"	0.431
"ANXA5"	"TUBB"	0.63
"ANXA5"	"IL7R"	0.329
"ANXA5"	"WDTC1"	0.383
"ANXA5"	"LAMP1"	0.611
"ANXA5"	"BBC3"	0.337
"ANXA5"	"TNF"	0.509
"ANXA5"	"HDAC3"	0.522
"RPS23"	"RPL7"	0.746
"RPS23"	"RPS21"	0.878
"RPS23"	"RPL27A"	0.869
"RPS23"	"RPS9"	0.815
"RPS23"	"RPL11"	0.837
"RPS23"	"MRPL16"	0.597
"RPS23"	"RPLP2"	0.7
"RPS23"	"RPL4"	0.752
"RPS23"	"RPS2"	0.8
"RPS23"	"DDOST"	0.675
"RPS23"	"RPL36AL"	0.79
"RPS23"	"RPL18"	0.873
"RPS23"	"RPL15"	0.803
"RPS23"	"RPL13A"	0.781
"RPS23"	"GSPT2"	0.591
"RPS23"	"EEF2"	0.641
"RPS23"	"RPL10"	0.843
"RPS23"	"RPL37A"	0.643
"RPS23"	"RPL41"	0.77
"RPS23"	"RPLP0"	0.73
"RPS23"	"MRPS24"	0.522
"RPS23"	"CSNK1E"	0.721
"RPS23"	"RPL14"	0.726
"RPS23"	"EEF1G"	0.764
"RPS23"	"RPL32"	0.865
"RPS23"	"EIF4A2"	0.61
"RPS23"	"EIF5A"	0.722
"RPS23"	"FAU"	0.643
"RPS23"	"MYBBP1A"	0.754
"NPM1"	"PRAM1"	0.481
"NPM1"	"NPM3"	0.677
"NPM1"	"IDH2"	0.414
"NPM1"	"RPL37A"	0.618
"NPM1"	"RPL14"	0.562
"NPM1"	"TNF"	0.432
"NPM1"	"SURF4"	0.45
"NPM1"	"PADI4"	0.813
"NPM1"	"SP1"	0.693
"NPM1"	"MYBBP1A"	0.772
"NPM1"	"HRAS"	0.524
"NPM1"	"RPL11"	0.795
"NPM1"	"STAT5A"	0.563
"NPM1"	"RPL4"	0.849
"NPM1"	"CD7"	0.422
"NPM1"	"HIST1H2AC"	0.526
"NPM1"	"FOXM1"	1
"NPM1"	"CEBPA"	0.575
"NPM1"	"AQP7"	0.477
"NPM1"	"RPL13A"	0.846
"NPM1"	"PLK1"	0.723
"NPM1"	"NUMA1"	0.746
"HIST1H2AA"	"FOXK1"	0.714
"HIST1H2AA"	"HDAC3"	0.569
"HIST1H2AA"	"HCFC1"	0.548
"HIST1H2AA"	"SUDS3"	0.716
"HIST1H2AA"	"HIST1H2AC"	0.933
"HIST1H2AA"	"PRMT5"	0.62
"HIST1H2AA"	"MTA1"	0.642
"ADCY1"	"GNB2"	0.671
"ADCY1"	"CXCR4"	0.72
"ADCY1"	"GPR20"	0.667
"ADCY1"	"GNB1"	0.721
"ADCY1"	"HRAS"	0.685
"ADCY1"	"NPW"	0.296
"ADCY1"	"GNAI2"	0.741
"ADCY1"	"CORT"	0.258
"ADCY1"	"P2RY11"	0.752
"ADCY1"	"GRM4"	0.759
"ADCY1"	"HTR4"	0.779
"ADCY1"	"FSHR"	0.659
"ADCY1"	"ADM2"	0.296
"RAPSN"	"ACHE"	0.531
"RAPSN"	"CHRNG"	0.529
"RAPSN"	"ACTA1"	0.544
"SCN3B"	"WNT11"	0.326
"PPIB"	"RANGAP1"	0.626
"PPIB"	"HINT1"	0.658
"PPIB"	"PCBP2"	0.822
"PPIB"	"STAT5A"	0.48
"PPIB"	"CRTAP"	0.731
"PPIB"	"OS9"	0.637
"PPIB"	"ECHS1"	0.537
"PPIB"	"ISYNA1"	0.46
"PPIB"	"COL9A3"	0.54
"PPIB"	"ADAMTS13"	0.547
"PPIB"	"IRF3"	0.596
"PLK1"	"BRSK1"	0.714
"PLK1"	"FOXM1"	1
"PLK1"	"CDC25A"	0.687
"PLK1"	"CSNK1E"	0.687
"PLK1"	"NUDC"	0.642
"PLK1"	"MUS81"	0.615
"PLK1"	"TBC1D2B"	1
"PLK1"	"DYRK2"	0.675
"PLK1"	"PCNT"	0.736
"PLK1"	"RRM2"	1
"PLK1"	"SCNN1D"	0.547
"PLK1"	"KIFC1"	0.737
"PLK1"	"EIF4EBP1"	0.51
"PLK1"	"DUSP23"	0.601
"PLK1"	"HIST1H2AC"	0.609
"PLK1"	"ANAPC2"	0.62
"PLK1"	"PSME4"	0.654
"PLK1"	"DYRK1B"	1
"PLK1"	"MYT1"	0.675
"PLK1"	"ACTA1"	0.608
"PLK1"	"CALML5"	0.558
"PLK1"	"CNTROB"	0.733
"PLK1"	"INCENP"	0.902
"PLK1"	"CKS1B"	0.523
"PLK1"	"HRAS"	0.52
"PLK1"	"RANGAP1"	0.719
"PLK1"	"PSMA7"	0.635
"PLK1"	"TUBB"	0.703
"PLK1"	"MIB2"	0.51
"PLK1"	"TACC3"	0.765
"PLK1"	"KIF25"	0.686
"PLK1"	"DYNC1H1"	0.669
"MYO1A"	"CALML5"	0.49
"MYO1A"	"ACTA1"	0.563
"MYO1A"	"ARPC4"	0.512
"MYO1A"	"TPM2"	0.583
"MYO1A"	"HRAS"	0.592
"MYO1A"	"MYL6"	0.601
"MYO1A"	"RAB5B"	0.519
"MYO1A"	"ARPC5"	0.522
"MYO1A"	"CALB2"	0.469
"MRPL16"	"MRPL52"	1
"MRPL16"	"MRPS24"	0.852
"MRPL16"	"RPL14"	0.468
"MRPL16"	"RPL32"	0.527
"MRPL16"	"PSTPIP1"	0.448
"MRPL16"	"MRPL21"	1
"MRPL16"	"EIF5A"	0.508
"MRPL16"	"RPL7"	0.49
"MRPL16"	"RPS9"	0.485
"MRPL16"	"RPS2"	0.474
"MRPL16"	"RPL4"	0.501
"MRPL16"	"RPL36AL"	0.639
"MRPL16"	"RPL18"	0.565
"MRPL16"	"EEF2"	0.438
"MRPL16"	"RPLP0"	0.491
"MRPL16"	"EEF1G"	0.561
"MRPL16"	"FAU"	0.173
"MRPL16"	"RPL27A"	0.613
"MRPL16"	"RPS21"	0.585
"MRPL16"	"RPL11"	0.479
"MRPL16"	"RPLP2"	0.426
"MRPL16"	"RPL15"	0.642
"MRPL16"	"RPL13A"	0.505
"MRPL16"	"MRPS12"	0.871
"MRPL16"	"MARCKSL1"	0.245
"MRPL16"	"RPL37A"	0.517
"CRK"	"SOCS1"	0.662
"CRK"	"KCTD17"	0.596
"CRK"	"LPXN"	0.675
"CRK"	"STAT5A"	0.637
"CRK"	"PIK3R5"	0.598
"CRK"	"HCK"	0.528
"CRK"	"EPHB3"	0.629
"CRK"	"VAV1"	0.564
"CRK"	"DNM2"	0.547
"CRK"	"SOS1"	0.657
"TBC1D2B"	"DUSP23"	0.784
"PCSK4"	"DDOST"	0.496
"PCSK4"	"CNDP2"	0.382
"PCSK4"	"MGAM"	0.614
"WNT10B"	"TCF7"	0.153
"WNT10B"	"PORCN"	0.113
"WNT10B"	"WNT11"	0.847
"WNT10B"	"FGF8"	1
"WNT10B"	"CEBPA"	0.147
"KRT16"	"MIB2"	0.608
"VPS37C"	"VPS28"	0.763
"LTBP3"	"MSX1"	0.197
"KCNK9"	"KCNK3"	1
"LRG1"	"GNB1"	0.584
"LRG1"	"HRAS"	0.457
"LRG1"	"DIRAS2"	0.529
"LRG1"	"EEF1G"	0.719
"LRG1"	"GNB2"	0.637
"LRG1"	"GNAI2"	0.613
"RPS9"	"RPL7"	0.899
"RPS9"	"RPS21"	0.732
"RPS9"	"RPL27A"	0.687
"RPS9"	"RPL11"	0.893
"RPS9"	"RPLP2"	0.798
"RPS9"	"RPS2"	0.927
"RPS9"	"DDOST"	0.609
"RPS9"	"RPL4"	0.946
"RPS9"	"RPL36AL"	0.677
"RPS9"	"RPL18"	0.862
"RPS9"	"RPL15"	0.706
"RPS9"	"RPL13A"	0.911
"RPS9"	"GSPT2"	0.476
"RPS9"	"EEF2"	0.777
"RPS9"	"RPL10"	0.766
"RPS9"	"EXOSC3"	0.729
"RPS9"	"MRPS12"	0.442
"RPS9"	"RPL37A"	0.806
"RPS9"	"RPL41"	0.587
"RPS9"	"RPLP0"	0.881
"RPS9"	"RPL14"	0.718
"RPS9"	"CSNK1E"	0.708
"RPS9"	"EEF1G"	0.798
"RPS9"	"RPL32"	0.678
"RPS9"	"EIF4A2"	0.498
"RPS9"	"FAU"	0.643
"RPS9"	"EIF5A"	0.713
"HDAC3"	"TPM2"	0.596
"HDAC3"	"GATA2"	0.774
"HDAC3"	"TCF7"	0.724
"HDAC3"	"PRAM1"	0.48
"HDAC3"	"SIN3B"	0.686
"HDAC3"	"H2AFY"	0.617
"HDAC3"	"BAZ1B"	0.583
"HDAC3"	"FAU"	0.383
"HDAC3"	"SP1"	0.737
"HDAC3"	"POLR2L"	0.762
"HDAC3"	"IRF3"	0.808
"HDAC3"	"HIST1H2AC"	0.634
"HDAC3"	"CEBPA"	0.709
"HDAC3"	"ZNF148"	0.732
"HDAC3"	"PRMT5"	0.84
"HDAC3"	"KLF6"	0.756
"HDAC3"	"MTA1"	0.838
"HDAC3"	"ISYNA1"	0.612
"HDAC3"	"ACTA1"	0.529
"HDAC3"	"HINT1"	0.815
"HDAC3"	"SUDS3"	0.781
"ACHE"	"MGAM"	0.483
"ACHE"	"CALB2"	0.58
"ACHE"	"HTR3A"	0.555
"ACHE"	"CNGA2"	0.35
"ACHE"	"TH"	0.517
"DCXR"	"SPHK1"	0.577
"DCXR"	"NES"	0.5
"CDC25A"	"PRMT5"	0.916
"CDC25A"	"CAMKK2"	0.734
"CDC25A"	"PSME4"	0.881
"CDC25A"	"CKS1B"	0.661
"CDC25A"	"RRM2"	1
"CDC25A"	"HRAS"	0.704
"CDC25A"	"PSMA7"	0.803
"CDC25A"	"BRSK1"	0.689
"CDC25A"	"FOXM1"	1
"OR5A2"	"GNB1"	1
"GP9"	"GNB2"	0.427
"GP9"	"PIK3R5"	0.349
"GP9"	"DIRAS2"	1
"GP9"	"EEF1G"	0.349
"GP9"	"GNB1"	0.481
"GP9"	"HRAS"	0.521
"GP9"	"WDTC1"	0.233
"GP9"	"GNAI2"	0.463
"HINT1"	"FAU"	0.308
"HINT1"	"UBE2V1"	0.736
"HINT1"	"TBCA"	0.657
"HINT1"	"SIN3B"	0.653
"HINT1"	"RPLP0"	0.679
"HINT1"	"RPS21"	0.633
"HINT1"	"RPL11"	0.711
"HINT1"	"SUDS3"	0.756
"HINT1"	"UQCRQ"	0.49
"HINT1"	"RPL15"	0.695
"HINT1"	"PFDN2"	0.69
"HINT1"	"FHIT"	0.728
"RAB24"	"RBM10"	0.547
"ZNHIT1"	"ANP32E"	0.865
"ZNHIT1"	"CSNK2B"	0.596
"ZNHIT1"	"ACTA1"	0.348
"ORMDL3"	"IL13"	0.146
"ORMDL3"	"DDOST"	0.799
"IL13"	"SOCS1"	0.17
"IL13"	"GATA2"	0.184
"IL13"	"CSF3R"	0.21
"IL13"	"STAT5A"	0.16
"IL13"	"IL7R"	0.184
"IL13"	"STAT4"	0.16
"IL13"	"CXCR4"	0.254
"IL13"	"SERPINB5"	0.713
"IL13"	"IL6R"	0.46
"IL13"	"TNF"	0.485
"IL13"	"HBD"	0.477
"RFXANK"	"HLA-DRA"	0.408
"RFXANK"	"POU3F4"	1
"TRIM56"	"TRIM22"	0.73
"TRIM56"	"LSM2"	0.482
"GNB2"	"GNB1"	0.799
"GNB2"	"FSHR"	0.427
"GNB2"	"WNT11"	0.59
"GNB2"	"CACNA1A"	0.539
"GNB2"	"HRAS"	0.565
"GNB2"	"ADM2"	0.619
"GNB2"	"OPTC"	0.334
"GNB2"	"NPW"	0.619
"GNB2"	"PIK3R5"	0.56
"GNB2"	"RTN4RL2"	0.603
"GNB2"	"GNAI2"	0.718
"GNB2"	"CXCR4"	0.652
"GNB2"	"RHOG"	0.763
"GNB2"	"CACNA1H"	0.438
"GNB2"	"CORT"	0.422
"GNB2"	"P2RY11"	0.427
"GNB2"	"GRM4"	0.545
"GNB2"	"HTR4"	0.618
"GNB2"	"IGFALS"	0.558
"GNB2"	"UTS2R"	0.547
"GNB2"	"DIRAS2"	1
"GNB2"	"GPR20"	0.419
"SOX14"	"GATA2"	0.696
"PCBP1"	"GTF2F1"	0.611
"PCBP1"	"POLR2L"	0.718
"PCBP1"	"XAB2"	0.662
"PCBP1"	"CTNNBL1"	0.678
"PCBP1"	"FTL"	0.751
"PCBP1"	"PCBP2"	0.872
"PCBP1"	"LSM2"	0.666
"PCBP1"	"CPSF1"	0.603
"PCBP1"	"ECHS1"	0.512
"HOXC4"	"POLR2L"	1
"HOXC4"	"HIST1H2AC"	1
"PAM"	"CYB561"	0.337
"PAM"	"SERPINB5"	0.453
"PAM"	"FAU"	0.643
"IL7R"	"IL6R"	0.46
"IL7R"	"TNF"	0.547
"IL7R"	"SPN"	0.511
"IL7R"	"STAT5A"	0.359
"IL7R"	"STAT4"	0.359
"IL7R"	"SLAMF1"	0.239
"IL7R"	"LAMP1"	0.583
"IL7R"	"CXCR4"	0.522
"IL7R"	"P2RY8"	0.611
"SLAMF1"	"TREX1"	0.171
"SLAMF1"	"SIGLEC1"	0.085
"SLAMF1"	"PSMA7"	1
"KCNK3"	"GABRD"	0.563
"GABARAP"	"ACTA1"	0.442
"GABARAP"	"SQSTM1"	0.7
"GABARAP"	"GABRD"	0.231
"GABARAP"	"WDR81"	0.798
"GABARAP"	"FAU"	0.255
"ASL"	"POR"	0.608
"ASL"	"CNDP2"	0.861
"ASL"	"GNL1"	0.415
"CALB2"	"CACNA1A"	0.655
"CALB2"	"FGF8"	0.444
"CALB2"	"ACTA1"	0.496
"CALB2"	"OBSCN"	0.569
"CALB2"	"POR"	0.64
"CALB2"	"TUBB"	0.565
"CALB2"	"CAMK2A"	0.75
"CALB2"	"TNNI1"	0.509
"CALB2"	"TH"	0.743
"CALB2"	"EEF1G"	0.666
"CALB2"	"FAU"	0.643
"CALB2"	"NES"	0.49
"CALB2"	"MYO18B"	0.382
"MRC2"	"CD207"	0.282
"MRC2"	"PLAUR"	0.511
"DRAP1"	"FOXH1"	1
"MUS81"	"APEX2"	0.819
"MUS81"	"FANCG"	0.723
"EEF2"	"HCFC1"	0.678
"EEF2"	"RPL11"	0.752
"EEF2"	"RPS21"	0.518
"EEF2"	"RPL27A"	0.658
"EEF2"	"FAU"	0.643
"EEF2"	"RPLP2"	0.657
"EEF2"	"EIF4EBP1"	0.543
"EEF2"	"RPL15"	0.569
"EEF2"	"RPL13A"	0.708
"EEF2"	"DPH5"	0.57
"EEF2"	"NDUFV1"	0.52
"EEF2"	"RPL37A"	0.623
"EEF2"	"MRPS12"	0.351
"EEF2"	"GSPT2"	0.482
"EEF2"	"XAB2"	0.613
"EEF2"	"RPL14"	0.673
"EEF2"	"RPL32"	0.595
"EEF2"	"EIF4A2"	0.503
"EEF2"	"ISYNA1"	0.543
"EEF2"	"ACTA1"	0.567
"EEF2"	"EIF5A"	0.719
"EEF2"	"MDH2"	0.599
"EEF2"	"STK11"	0.801
"EEF2"	"RPL7"	0.727
"EEF2"	"TUBB"	0.741
"EEF2"	"LSM2"	0.571
"EEF2"	"RPS2"	0.72
"EEF2"	"RPL4"	0.791
"EEF2"	"EEF1G"	0.811
"EEF2"	"RPL36AL"	0.682
"EEF2"	"RPL18"	0.657
"EEF2"	"WDTC1"	0.661
"EEF2"	"PGK1"	0.69
"EEF2"	"RPL10"	0.725
"EEF2"	"RPL41"	0.474
"EEF2"	"RPLP0"	0.762
"EEF2"	"RHOT2"	0.699
"SNCB"	"ALAS2"	0.509
"MRPS12"	"RPL15"	0.564
"MRPS12"	"RPL4"	0.408
"MRPS12"	"RPL36AL"	0.501
"MRPS12"	"RPL18"	0.474
"MRPS12"	"RPL13A"	0.448
"MRPS12"	"RPS21"	0.598
"MRPS12"	"RPL27A"	0.494
"MRPS12"	"RPL11"	0.441
"MRPS12"	"MRPL52"	0.871
"MRPS12"	"GSPT2"	0.392
"MRPS12"	"RPL10"	0.459
"MRPS12"	"RPL37A"	0.412
"MRPS12"	"RPLP0"	0.392
"MRPS12"	"MRPS24"	0.977
"MRPS12"	"RPL14"	0.408
"MRPS12"	"RPL32"	0.487
"MRPS12"	"MRPL21"	0.871
"MRPS12"	"EIF5A"	0.402
"MRPS12"	"FAU"	0.114
"MRPS12"	"RPL7"	0.415
"MRPS12"	"RPLP2"	0.372
"MRPS12"	"RPS2"	0.415
"BAD"	"MCL1"	0.784
"BAD"	"BBC3"	0.786
"BAD"	"BID"	0.884
"RPL15"	"RPL10"	0.777
"RPL15"	"EXOSC3"	0.724
"RPL15"	"RPL37A"	0.786
"RPL15"	"RPL41"	0.891
"RPL15"	"RPLP0"	0.682
"RPL15"	"RPL14"	0.68
"RPL15"	"EEF1G"	0.699
"RPL15"	"RPL32"	0.803
"RPL15"	"EIF4A2"	0.704
"RPL15"	"FAU"	0.255
"RPL15"	"EIF5A"	0.695
"RPL15"	"DDOST"	0.505
"RPL15"	"RPL7"	0.714
"RPL15"	"RPS21"	0.849
"RPL15"	"RPL27A"	0.792
"RPL15"	"RPL11"	0.71
"RPL15"	"RPLP2"	0.631
"RPL15"	"RPS2"	0.69
"RPL15"	"RPL4"	0.69
"RPL15"	"GSPT2"	0.691
"RPL15"	"RPL36AL"	0.867
"RPL15"	"RPL18"	0.785
"RPL15"	"RPL13A"	0.737
"HCFC1"	"FOXK1"	0.678
"HCFC1"	"HIST1H2AC"	0.654
"HCFC1"	"SIN3B"	0.674
"HCFC1"	"SP1"	0.728
"HRAS"	"RTN4RL2"	0.416
"HRAS"	"RASSF7"	0.423
"HRAS"	"SDHC"	0.498
"HRAS"	"SPHK1"	0.822
"HRAS"	"SYNGAP1"	1
"HRAS"	"FHIT"	0.782
"HRAS"	"EPHB3"	0.666
"HRAS"	"S100A6"	0.632
"HRAS"	"MCL1"	0.672
"HRAS"	"ACTA1"	0.466
"HRAS"	"CALML5"	0.604
"HRAS"	"TNF"	0.566
"HRAS"	"VAV1"	0.765
"HRAS"	"S100A8"	0.555
"HRAS"	"SOS1"	0.822
"HRAS"	"GNB1"	0.583
"HRAS"	"STK11"	0.676
"HRAS"	"TP73"	0.669
"HRAS"	"RGS14"	0.592
"HRAS"	"SOCS1"	0.624
"HRAS"	"SLC3A2"	0.647
"HRAS"	"FGF8"	0.235
"HRAS"	"OPTC"	0.179
"HRAS"	"STAT5A"	0.602
"HRAS"	"EIF4EBP1"	0.714
"HRAS"	"FOXM1"	0.498
"HRAS"	"RASGRP2"	0.765
"HRAS"	"GNAI2"	0.621
"HRAS"	"WDTC1"	0.498
"HRAS"	"SLC9A3R2"	0.42
"HRAS"	"CAMK2A"	0.708
"HRAS"	"IGFALS"	0.264
"HRAS"	"HCK"	0.636
"HRAS"	"SP1"	0.389
"HRAS"	"LCE3C"	0.732
"HRAS"	"CEBPA"	0.51
"HRAS"	"PIK3R5"	0.587
"TBX5"	"WNT11"	0.553
"TBX5"	"FGF8"	0.444
"TBX5"	"TNNT2"	0.456
"IRF3"	"IFITM1"	0.316
"IRF3"	"HLA-DRB1"	0.4
"IRF3"	"HLA-G"	0.414
"IRF3"	"IFI30"	0.744
"IRF3"	"IFIT2"	0.844
"IRF3"	"HLA-DRA"	0.428
"IRF3"	"TREX1"	0.75
"IRF3"	"SOCS1"	0.806
"IRF3"	"ADAR"	0.848
"IRF3"	"TRIM22"	0.959
"IRF3"	"TRIM46"	0.295
"IRF3"	"HLA-DQA2"	0.407
"IRF3"	"GTF2F1"	0.703
"IRF3"	"IRF7"	0.941
"IRF3"	"IRF2"	0.794
"IRF3"	"TNF"	0.397
"IRF3"	"TRIM3"	1
"BRSK1"	"CAMKK2"	0.468
"BRSK1"	"STK11"	0.667
"BRSK1"	"EEF1G"	0.617
"BRSK1"	"PRMT5"	0.697
"CKS1B"	"FOXM1"	1
"CKS1B"	"DNAJC9"	0.561
"CKS1B"	"RRM2"	0.44
"CYP4A11"	"SCNN1D"	0.488
"CYP4A11"	"PLA2G2F"	0.479
"CYP4A11"	"LSS"	0.619
"CYP4A11"	"CHDH"	0.576
"CYP4A11"	"POR"	0.77
"VEGFB"	"TMSB4X"	0.667
"RPL4"	"RPS21"	0.632
"RPL4"	"RPL27A"	0.754
"RPL4"	"RPL11"	0.863
"RPL4"	"RPLP2"	0.836
"RPL4"	"RPL13A"	0.904
"RPL4"	"GSPT2"	0.488
"RPL4"	"EXOSC3"	0.708
"RPL4"	"RPL37A"	0.833
"RPL4"	"RPL14"	0.747
"RPL4"	"RPL32"	0.68
"RPL4"	"PSTPIP1"	0.654
"RPL4"	"EIF4A2"	0.511
"RPL4"	"EIF5A"	0.724
"RPL4"	"FTSJ3"	0.58
"RPL4"	"RPL7"	0.914
"RPL4"	"RPS2"	0.887
"RPL4"	"RPL18"	0.883
"RPL4"	"DDOST"	0.659
"RPL4"	"RPL36AL"	0.729
"RPL4"	"PGK1"	0.655
"RPL4"	"RPL10"	0.828
"RPL4"	"RPL41"	0.582
"RPL4"	"RPLP0"	0.908
"RPL4"	"EEF1G"	0.845
"RPL4"	"FAU"	0.643
"RPL4"	"MYBBP1A"	0.769
"GSTM1"	"COMT"	0.538
"ARR3"	"CXCR4"	0.536
"ARR3"	"KCNE1"	0.446
"CD7"	"CEBPA"	0.245
"CD7"	"SPN"	0.633
"ACAD9"	"TXNRD2"	0.698
"ACAD9"	"NDUFV1"	0.801
"ACAD9"	"NDUFA3"	0.818
"ACAD9"	"ECHS1"	0.709
"TCAP"	"TNNI1"	0.801
"TCAP"	"OBSCN"	0.811
"TCAP"	"TNNT2"	0.84
"TCAP"	"TPM2"	0.732
"CAMKK2"	"STK11"	0.602
"CAMKK2"	"CALML5"	0.588
"NFKBIB"	"NFKB2"	1
"NFKBIB"	"CORT"	0.191
"NFKBIB"	"TNF"	0.541
"NFKBIB"	"PSME4"	1
"NFKBIB"	"PSMA7"	1
"GNAI2"	"PIK3R5"	0.691
"GNAI2"	"RTN4RL2"	0.583
"GNAI2"	"RHOG"	0.714
"GNAI2"	"CXCR4"	0.701
"GNAI2"	"FSHR"	0.454
"GNAI2"	"CACNA1A"	0.639
"GNAI2"	"SLC3A2"	0.797
"GNAI2"	"PTPRU"	0.457
"GNAI2"	"GNB1"	0.825
"GNAI2"	"RGS14"	0.701
"GNAI2"	"OPTC"	0.279
"GNAI2"	"NPW"	0.444
"GNAI2"	"CORT"	0.286
"GNAI2"	"DHX30"	0.6
"GNAI2"	"GRM4"	0.589
"GNAI2"	"IGFALS"	0.548
"GNAI2"	"HCK"	0.691
"GNAI2"	"DIRAS2"	1
"SPHK1"	"ANAPC2"	0.643
"SPHK1"	"TNF"	0.57
"KLHDC3"	"SOS1"	0.727
"KLHDC3"	"RASGRP2"	0.626
"ANAPC2"	"KLC2"	0.62
"ANAPC2"	"SOCS1"	0.769
"ANAPC2"	"PSMA7"	0.669
"ANAPC2"	"MIB2"	0.701
"ANAPC2"	"PCGF6"	0.776
"ANAPC2"	"HIST1H2AC"	0.644
"ANAPC2"	"ASB2"	0.717
"ANAPC2"	"HECTD3"	0.779
"ANAPC2"	"PSME4"	0.775
"ANAPC2"	"RNF130"	0.784
"ANAPC2"	"UBE2V1"	0.673
"ANAPC2"	"IFIT2"	0.717
"TSC22D3"	"SCNN1D"	0.379
"KLC2"	"RHOG"	0.592
"KLC2"	"KIF1A"	0.522
"KLC2"	"SURF4"	0.612
"KLC2"	"HLA-DMA"	0.631
"KLC2"	"HLA-DRB1"	0.564
"KLC2"	"NFKB2"	0.668
"KLC2"	"HLA-DQA2"	0.528
"KLC2"	"OSBPL1A"	0.699
"KLC2"	"DYNC1H1"	0.692
"KLC2"	"KIF25"	0.558
"KLC2"	"HLA-DRA"	0.539
"KLC2"	"FOXH1"	0.6
"KLC2"	"KIFC1"	0.757
"KLC2"	"EXT2"	0.618
"OR2Z1"	"GNB1"	1
"DLGAP1"	"HOMER3"	0.643
"DLGAP1"	"SYNGAP1"	0.356
"DLGAP1"	"CAMK2A"	0.433
"TRAPPC5"	"XAB2"	0.471
"TRAPPC5"	"MRPL21"	0.57
"APOL1"	"COMT"	0.384
"APOL1"	"LPA"	0.696
"APOL1"	"SP1"	0.376
"COX5A"	"UQCRQ"	0.853
"COX5A"	"WDTC1"	0.445
"COX5A"	"SDHC"	0.696
"COX5A"	"CHCHD2"	0.618
"COX5A"	"TRIM3"	0.421
"COX5A"	"MDH2"	0.507
"COX5A"	"MGAM"	0.363
"COX5A"	"NDUFV1"	0.783
"CES2"	"CDA"	0.593
"TNIP1"	"TNF"	0.427
"GYS1"	"ISYNA1"	0.755
"GYS1"	"SLC1A5"	0.549
"GYS1"	"PGK1"	0.698
"GYS1"	"UGP2"	0.594
"MRPS24"	"MRPL21"	0.852
"MRPS24"	"MRPL52"	0.852
"OS9"	"BET1L"	0.665
"BID"	"TP73"	0.711
"BID"	"MCL1"	0.891
"BID"	"BBC3"	0.678
"PRMT5"	"GEMIN4"	0.754
"PRMT5"	"GTF2F1"	0.698
"PRMT5"	"DYNC1H1"	0.521
"PRMT5"	"LSM2"	0.713
"PRMT5"	"HIST1H2AC"	0.695
"PRMT5"	"PRMT8"	0.559
"NUDC"	"RANGAP1"	0.759
"NUDC"	"INCENP"	0.677
"NUDC"	"DYNC1H1"	0.496
"NUDC"	"MDH2"	0.565
"CHDH"	"PLA2G2F"	0.417
"CHDH"	"TBXAS1"	0.576
"CHDH"	"ECHS1"	0.64
"CHDH"	"HSD17B1"	0.421
"CHDH"	"DHRS7B"	0.207
"OSBPL1A"	"HLA-DMA"	0.669
"OSBPL1A"	"HLA-DRB1"	0.595
"OSBPL1A"	"DYNC1H1"	0.685
"OSBPL1A"	"HLA-DQA2"	0.46
"OSBPL1A"	"HLA-DRA"	0.556
"TTLL11"	"CRTC2"	0.784
"HIST1H2AC"	"FOXK1"	0.821
"HIST1H2AC"	"TAF1C"	0.82
"HIST1H2AC"	"TCF7"	0.781
"HIST1H2AC"	"SUDS3"	0.804
"HIST1H2AC"	"POLR2L"	0.744
"HIST1H2AC"	"MTA1"	0.713
"HIST1H2AC"	"SIN3B"	0.826
"HIST1H2AC"	"PHF1"	0.739
"HIST1H2AC"	"BAZ1B"	0.76
"HIST1H2AC"	"BCL9L"	0.803
"HIST1H2AC"	"MYBBP1A"	0.708
"SLC34A1"	"SLC9A3R2"	0.509
"GEMIN4"	"LSM2"	0.698
"GEMIN4"	"KHSRP"	0.834
"FGF8"	"MSX1"	0.166
"FGF8"	"PAX8"	0.166
"FGF8"	"NPM3"	0.234
"FGF8"	"WNT11"	1
"FGF8"	"NES"	0.234
"FGF8"	"TH"	0.234
"FGF8"	"ALX4"	0.166
"FGF8"	"TBX1"	0.166
"RHOT2"	"RHOG"	0.648
"RHOT2"	"OBSCN"	0.693
"RHOT2"	"RPS2"	0.648
"RHOT2"	"FGD3"	0.627
"RHOT2"	"ARHGEF16"	1
"RHOT2"	"VAV1"	0.775
"RHOT2"	"ARHGAP9"	0.612
"RHOT2"	"SOS1"	0.777
"RHOT2"	"RHOBTB1"	0.748
"PORCN"	"WNT11"	0.352
"RPLP2"	"RPL14"	0.857
"RPLP2"	"EXOSC3"	0.51
"RPLP2"	"DDOST"	0.505
"RPLP2"	"RPL10"	0.701
"RPLP2"	"RPL7"	0.758
"RPLP2"	"RPS21"	0.59
"RPLP2"	"RPL27A"	0.775
"RPLP2"	"RPL11"	0.779
"RPLP2"	"RPS2"	0.87
"RPLP2"	"RPL13A"	0.757
"RPLP2"	"GSPT2"	0.505
"RPLP2"	"RPL37A"	0.86
"RPLP2"	"RPL41"	0.63
"RPLP2"	"RPLP0"	0.791
"RPLP2"	"RPL36AL"	0.641
"RPLP2"	"RPL18"	0.796
"RPLP2"	"EEF1G"	0.77
"RPLP2"	"RPL32"	0.775
"RPLP2"	"EIF4A2"	0.539
"RPLP2"	"EIF5A"	0.624
"RPLP2"	"FAU"	0.643
"NDUFV1"	"MDH2"	0.676
"NDUFV1"	"RNASET2"	0.444
"NDUFV1"	"POR"	0.683
"NDUFV1"	"UQCRQ"	0.889
"NDUFV1"	"SDHC"	0.763
"NDUFV1"	"NDUFA3"	0.944
"NDUFV1"	"SLC9A3R2"	0.253
"KIF1A"	"PPFIA3"	0.345
"KIF1A"	"KIFC1"	0.609
"KIF1A"	"SURF4"	0.362
"KIF1A"	"OBSCN"	0.413
"KIF1A"	"DYNC1H1"	0.515
"KIF1A"	"KIF25"	0.666
"KIF1A"	"WDTC1"	0.437
"KIF1A"	"GIT1"	0.266
"EXOSC3"	"ZFP36L1"	0.744
"EXOSC3"	"RPLP0"	0.626
"EXOSC3"	"RPL14"	0.536
"EXOSC3"	"RPL32"	0.559
"EXOSC3"	"KHSRP"	0.812
"EXOSC3"	"KPNA6"	0.736
"EXOSC3"	"RPL7"	0.723
"EXOSC3"	"RPL27A"	0.616
"EXOSC3"	"RPL11"	0.73
"EXOSC3"	"RPS2"	0.696
"EXOSC3"	"RPL41"	0.586
"EXOSC3"	"RPL36AL"	0.71
"EXOSC3"	"RPL18"	0.711
"EXOSC3"	"RPL13A"	0.708
"EXOSC3"	"RPL10"	0.676
"EXOSC3"	"RPL37A"	0.655
"UTS2R"	"GNB1"	0.581
"UTS2R"	"P2RY11"	0.906
"UTS2R"	"EVX1"	0.233
"UTS2R"	"ZFPM1"	0.29
"CRTAP"	"COL9A3"	0.745
"P2RY11"	"GNB1"	0.481
"P2RY11"	"FSHR"	0.792
"P2RY11"	"ADM2"	0.235
"P2RY11"	"HTR4"	0.757
"P2RY11"	"WDTC1"	0.233
"P2RY11"	"ENTPD2"	0.675
"P2RY11"	"GPR20"	0.832
"ANP32E"	"RPS2"	0.548
"ANP32E"	"H2AFY"	0.703
"POLR2L"	"ENTPD2"	0.252
"POLR2L"	"CTNNBL1"	0.688
"POLR2L"	"UBL5"	0.719
"POLR2L"	"BAZ1B"	0.741
"POLR2L"	"SP1"	0.685
"POLR2L"	"MYBBP1A"	0.783
"POLR2L"	"PCBP2"	0.724
"POLR2L"	"GTF2F1"	0.751
"POLR2L"	"LSM2"	0.702
"POLR2L"	"POLR2J2"	1
"POLR2L"	"RPL18"	0.687
"POLR2L"	"TAF1C"	0.822
"POLR2L"	"CPSF1"	0.811
"POLR2L"	"XAB2"	0.674
"POLR2L"	"ZMAT5"	0.715
"IL32"	"TNF"	0.434
"STK11"	"WDR6"	0.718
"STK11"	"WDTC1"	1
"STK11"	"EIF4EBP1"	0.645
"STK11"	"CRTC2"	0.887
"WNT11"	"ALX4"	0.506
"WNT11"	"TCF7"	0.405
"WNT11"	"GNB1"	0.459
"CNDP2"	"GCLM"	0.605
"CNDP2"	"GLUD2"	0.606
"EIF4A2"	"RPS21"	0.66
"EIF4A2"	"RPL27A"	0.676
"EIF4A2"	"RPL11"	0.541
"EIF4A2"	"EIF4EBP1"	0.849
"EIF4A2"	"RPL13A"	0.536
"EIF4A2"	"EIF4G3"	0.956
"EIF4A2"	"RPL37A"	0.567
"EIF4A2"	"RPL14"	0.569
"EIF4A2"	"RPL32"	0.666
"EIF4A2"	"EIF5A"	0.605
"EIF4A2"	"FTSJ3"	0.409
"EIF4A2"	"RPL7"	0.53
"EIF4A2"	"PCBP2"	0.533
"EIF4A2"	"RPS2"	0.505
"EIF4A2"	"RPL18"	0.547
"EIF4A2"	"RPL36AL"	0.663
"EIF4A2"	"RPL10"	0.606
"EIF4A2"	"RPLP0"	0.507
"EIF4A2"	"RPL41"	0.745
"EIF4A2"	"EEF1G"	0.61
"EIF4A2"	"FAU"	0.255
"THOC6"	"CPSF1"	0.845
"TACC3"	"INCENP"	0.668
"TACC3"	"FOXM1"	0.473
"ZFPM1"	"STAT5A"	0.637
"ZFPM1"	"MTA1"	0.73
"ZFPM1"	"GATA2"	0.77
"ARFRP1"	"WDTC1"	0.498
"ARFRP1"	"DNAJB2"	0.637
"ARFRP1"	"TGOLN2"	0.734
"LIMS2"	"OBSCN"	0.544
"MDH2"	"TXNRD2"	0.77
"MDH2"	"PGK1"	0.517
"MDH2"	"EEF1G"	0.762
"MDH2"	"GLUD2"	1
"MDH2"	"SDHC"	0.583
"MDH2"	"IDH2"	0.963
"MYT1"	"SIN3B"	0.789
"TSEN54"	"CPSF1"	0.822
"GLUD2"	"IDH2"	1
"GLUD2"	"PGK1"	0.606
"GLUD2"	"GCLM"	0.606
"CNGA2"	"CALML5"	0.418
"FOXK1"	"SUDS3"	0.822
"OR4C46"	"GNB1"	1
"STAC3"	"NUMA1"	0.535
"SP1"	"KLF6"	0.673
"SP1"	"ACTA1"	0.347
"SP1"	"GTF2F1"	0.786
"SP1"	"CEBPA"	0.746
"SP1"	"SDHC"	0.434
"SP1"	"NFKB2"	0.677
"SP1"	"CRABP2"	0.534
"SP1"	"FOXM1"	1
"SP1"	"NR5A1"	0.726
"SP1"	"TNF"	0.34
"SP1"	"BBC3"	0.466
"SP1"	"APOL3"	0.34
"IRF7"	"SOCS1"	0.774
"IRF7"	"ADAR"	0.813
"IRF7"	"TRIM46"	0.295
"IRF7"	"HLA-DQA2"	0.555
"IRF7"	"EIF4EBP1"	0.757
"IRF7"	"GTF2F1"	0.689
"IRF7"	"STAT4"	0.843
"IRF7"	"IRF2"	0.751
"IRF7"	"IFITM1"	0.312
"IRF7"	"IFI30"	0.723
"IRF7"	"HLA-DRA"	0.571
"IRF7"	"TRIM22"	0.927
"IRF7"	"TNF"	0.42
"IRF7"	"TRIM3"	1
"IRF7"	"HLA-DRB1"	0.552
"IRF7"	"HLA-G"	0.597
"IRF7"	"UBE2V1"	0.757
"IRF7"	"IFIT2"	0.814
"SOCS1"	"RNF130"	1
"SOCS1"	"TNF"	0.376
"SOCS1"	"VAV1"	0.606
"SOCS1"	"PIM2"	1
"SOCS1"	"UBE2V1"	0.694
"SOCS1"	"STAT5A"	0.766
"SOCS1"	"STAT4"	0.766
"SOCS1"	"MIB2"	0.711
"SOCS1"	"ASB2"	0.658
"SOCS1"	"CXCR4"	0.536
"SOCS1"	"HECTD3"	0.784
"NPW"	"CXCR4"	0.444
"NPW"	"CORT"	1
"NPW"	"GRM4"	0.305
"NPW"	"GNB1"	0.444
"DNAH11"	"TUBB"	0.313
"DNAH11"	"KIFC1"	0.433
"DNAH11"	"KIF25"	0.501
"DNAH11"	"DYNC1H1"	0.427
"DNAH11"	"ACTA1"	0.289
"KRTAP11-1"	"KRTAP23-1"	1
"KRTAP11-1"	"KRTAP19-6"	1
"KRTAP11-1"	"KRTAP6-2"	1
"KRTAP11-1"	"KRTAP6-3"	1
"IFITM1"	"ADAR"	0.488
"IFITM1"	"TRIM22"	0.3
"IFITM1"	"IRF2"	0.253
"IFITM1"	"HLA-G"	0.543
"IFITM1"	"IFIT2"	0.322
"DGCR6"	"PRODH"	0.136
"DGCR6"	"TBX1"	0.166
"IDH2"	"CEBPA"	0.64
"IDH2"	"TXNRD2"	0.774
"IDH2"	"WDTC1"	0.659
"IDH2"	"ECHS1"	0.843
"IDH2"	"UGP2"	0.742
"EEF1G"	"RPL7"	0.735
"EEF1G"	"RANGAP1"	0.723
"EEF1G"	"RPL36AL"	0.782
"EEF1G"	"RPL27A"	0.821
"EEF1G"	"RPL11"	0.798
"EEF1G"	"RTN4RL2"	0.483
"EEF1G"	"RPL13A"	0.701
"EEF1G"	"GSPT2"	0.588
"EEF1G"	"NPM3"	0.673
"EEF1G"	"RPL37A"	0.762
"EEF1G"	"TUBB"	0.713
"EEF1G"	"OPTC"	0.293
"EEF1G"	"RPS2"	0.835
"EEF1G"	"IGFALS"	0.534
"EEF1G"	"RPLP0"	0.802
"EEF1G"	"RPL14"	0.794
"EEF1G"	"RPL32"	0.692
"EEF1G"	"CALML5"	0.726
"EEF1G"	"EIF5A"	0.83
"EEF1G"	"RPL18"	0.775
"EEF1G"	"PGK1"	0.777
"EEF1G"	"GNL1"	0.572
"EEF1G"	"RPL10"	0.84
"EEF1G"	"SDSL"	1
"EEF1G"	"FAU"	0.643
"EPHB3"	"AP2A1"	0.555
"EPHB3"	"ARPC4"	0.493
"EPHB3"	"ARPC5"	0.58
"EPHB3"	"TCF7"	0.418
"EPHB3"	"LIMK2"	0.526
"EPHB3"	"GIT1"	0.538
"EPHB3"	"EFNA4"	0.589
"TNFAIP2"	"MIB2"	0.456
"ALAS2"	"SARDH"	0.873
"ALAS2"	"HBD"	0.392
"ALAS2"	"GCAT"	0.849
"ALX4"	"EXT2"	0.704
"LAMP1"	"VPS28"	0.839
"LAMP1"	"KIR2DL1"	0.492
"LAMP1"	"TGOLN2"	0.671
"LAMP1"	"TNF"	0.633
"LAMP1"	"SQSTM1"	0.656
"LAMP1"	"IGF2R"	0.798
"RAB11B"	"RAB5B"	0.78
"RAB11B"	"MYO18B"	0.348
"RAB11B"	"RAB5C"	0.784
"RAB11B"	"PIP5K1C"	0.587
"MTA1"	"PIAS3"	1
"MTA1"	"TAF1C"	0.773
"VWCE"	"DLG5"	0.425
"CACNA1H"	"CACNA1A"	0.67
"CACNA1H"	"RASGRP2"	0.621
"CACNA1H"	"CACNA2D4"	0.833
"CACNA1H"	"CALML5"	0.286
"KRTAP6-2"	"KRTAP19-6"	1
"KRTAP6-2"	"KRTAP23-1"	1
"KRTAP6-2"	"KRTAP6-3"	1
"MYO18B"	"ACTA1"	0.681
"MYO18B"	"CALML5"	0.382
"MYO18B"	"TPM2"	0.681
"MYO18B"	"MYL6"	1
"TRIM46"	"HLA-DRA"	0.371
"TRIM46"	"HLA-DRB1"	0.371
"TRIM46"	"IFI30"	0.244
"TRIM46"	"HLA-DQA2"	0.319
"TRIM46"	"HLA-G"	0.319
"TRIM46"	"IRF2"	0.244
"BCL9L"	"TCF7"	0.868
"PIP5K1C"	"PIK3R5"	0.468
"PIP5K1C"	"PLCD1"	0.515
"PIP5K1C"	"DNM2"	0.532
"RTN4RL2"	"GNB1"	0.573
"RTN4RL2"	"DIRAS2"	1
"OR6N1"	"GNB1"	1
"PPFIA3"	"GIT1"	0.435
"PPFIA3"	"DOC2A"	0.324
"EIF5A"	"RPL18"	0.736
"EIF5A"	"RPL36AL"	0.745
"EIF5A"	"RPL7"	0.74
"EIF5A"	"RPL27A"	0.761
"EIF5A"	"RPL11"	0.71
"EIF5A"	"RPS2"	0.725
"EIF5A"	"RPL13A"	0.702
"EIF5A"	"PGK1"	0.645
"EIF5A"	"RPL10"	0.778
"EIF5A"	"RPL37A"	0.624
"EIF5A"	"RPLP0"	0.687
"EIF5A"	"RPL14"	0.647
"KIR2DL1"	"HLA-G"	0.475
"FGD3"	"RHOG"	0.67
"FGD3"	"RHOBTB1"	0.698
"TNNI1"	"MYL6"	0.546
"TNNI1"	"TNNT2"	0.89
"TNNI1"	"KCNIP2"	0.438
"TNNI1"	"ACTA1"	0.539
"TNNI1"	"CALML5"	0.499
"TNNI1"	"TPM2"	0.806
"KCNE1"	"KCNJ11"	0.68
"KCNE1"	"TH"	0.542
"KCNE1"	"KCNIP2"	0.745
"KCNE1"	"PCNT"	0.477
"KCNE1"	"MICAL1"	0.436
"ZFP36L1"	"KHSRP"	0.655
"ISYNA1"	"ECHS1"	0.566
"ISYNA1"	"MSN"	0.491
"DNAJB2"	"GSPT2"	0.641
"STARD7"	"NR5A1"	0.425
"RHOBTB1"	"OBSCN"	0.767
"RHOBTB1"	"VAV1"	0.866
"RHOBTB1"	"ARHGEF16"	1
"RHOBTB1"	"RHOG"	0.67
"RHOBTB1"	"SOS1"	0.929
"RHOBTB1"	"ACTA1"	0.585
"RHOBTB1"	"ARHGAP9"	0.689
"UGP2"	"SLC37A1"	0.364
"UGP2"	"MGAM"	0.54
"UGP2"	"WDTC1"	0.661
"RASGRP2"	"CACNA2D4"	0.702
"RASGRP2"	"CACNA1A"	0.65
"TUBB"	"FAU"	0.643
"TUBB"	"PCNT"	0.571
"TUBB"	"KIFC1"	0.634
"TUBB"	"ACTA1"	0.698
"TUBB"	"CALML5"	0.723
"TUBB"	"TBCA"	0.633
"TUBB"	"OBSCN"	0.559
"TUBB"	"DYNC1H1"	0.765
"TUBB"	"KIF25"	0.511
"TUBB"	"PLP2"	0.48
"TUBB"	"CSNK1E"	0.647
"RPLP0"	"RPL37A"	0.784
"RPLP0"	"RPL41"	0.588
"RPLP0"	"RPL32"	0.673
"RPLP0"	"FTSJ3"	0.496
"RPLP0"	"RPL10"	0.794
"RPLP0"	"RPL7"	0.893
"RPLP0"	"RPS21"	0.601
"RPLP0"	"RPL27A"	0.724
"RPLP0"	"RPL11"	0.792
"RPLP0"	"MIB2"	0.537
"RPLP0"	"RPS2"	0.818
"RPLP0"	"DDOST"	0.652
"RPLP0"	"RPL36AL"	0.703
"RPLP0"	"RPL18"	0.816
"RPLP0"	"RPL13A"	0.849
"RPLP0"	"PGK1"	0.634
"RPLP0"	"GNL1"	0.46
"RPLP0"	"GSPT2"	0.487
"RPLP0"	"RPL14"	0.795
"RPLP0"	"FAU"	0.643
"PLAUR"	"TBCA"	0.382
"PLAUR"	"HCK"	0.61
"PLAUR"	"IGF2R"	0.686
"PLAUR"	"TNF"	0.61
"PLAUR"	"ADAMTS4"	0.328
"PLAUR"	"FOXM1"	0.643
"CPSF1"	"RANGAP1"	0.606
"CPSF1"	"PCBP2"	0.62
"CPSF1"	"GTF2F1"	0.748
"CPSF1"	"LSM2"	0.642
"CPSF1"	"XAB2"	0.713
"CPSF1"	"CTNNBL1"	0.742
"RHOG"	"SOS1"	0.679
"RHOG"	"OBSCN"	0.603
"RHOG"	"VAV1"	0.629
"RHOG"	"DNM2"	0.722
"RHOG"	"ARHGEF16"	1
"RHOG"	"ACTA1"	0.6
"RHOG"	"ARHGAP9"	0.628
"RPL7"	"RPS21"	0.66
"RPL7"	"RPL27A"	0.737
"RPL7"	"RPL11"	0.809
"RPL7"	"RPS2"	0.818
"RPL7"	"DDOST"	0.623
"RPL7"	"RPL36AL"	0.712
"RPL7"	"RPL18"	0.879
"RPL7"	"RPL13A"	0.93
"RPL7"	"GSPT2"	0.507
"RPL7"	"GNL1"	0.481
"RPL7"	"RPL10"	0.807
"RPL7"	"RPL37A"	0.751
"RPL7"	"RPL41"	0.615
"RPL7"	"PPAN"	0.51
"RPL7"	"RPL14"	0.746
"RPL7"	"RPL32"	0.716
"RPL7"	"FAU"	0.643
"RPL7"	"FTSJ3"	0.591
"RPL7"	"MYBBP1A"	0.784
"TPST2"	"KHSRP"	0.474
"TPST2"	"FOXM1"	0.498
"UBE2V1"	"ATP6V1F"	0.622
"UBE2V1"	"MIB2"	0.623
"UBE2V1"	"ASB2"	0.685
"UBE2V1"	"HECTD3"	0.784
"UBE2V1"	"RNF130"	1
"UBE2V1"	"FAU"	0.643
"TCF7"	"NR5A1"	0.881
"EIF4EBP1"	"PIM2"	1
"EIF4EBP1"	"CRTC2"	0.626
"EIF4EBP1"	"GSPT2"	0.865
"EIF4EBP1"	"EIF4G3"	0.865
"TRIM3"	"HLA-DRA"	0.547
"TRIM3"	"HLA-DQA2"	0.427
"TRIM3"	"IRF2"	0.784
"TRIM3"	"HLA-DRB1"	0.513
"TRIM3"	"HLA-G"	0.427
"TRIM3"	"IFI30"	0.784
"SDSL"	"GCAT"	0.606
"SDSL"	"SLC3A2"	1
"SDSL"	"RPL27A"	1
"SDSL"	"RPL11"	1
"SIGLEC1"	"SPN"	0.596
"STAT5A"	"PIAS3"	1
"STAT5A"	"CSF3R"	0.249
"STAT5A"	"STAT4"	1
"STAT5A"	"SDHC"	0.433
"STAT5A"	"CXCR4"	0.463
"STAT5A"	"MCL1"	0.604
"STAT5A"	"IL6R"	0.199
"STAT5A"	"HCK"	0.598
"STAT5A"	"TNF"	0.314
"STAT5A"	"VAV1"	0.668
"GSPT2"	"RPL27A"	0.658
"GSPT2"	"RPS21"	0.643
"GSPT2"	"RPL11"	0.518
"GSPT2"	"RPL13A"	0.517
"GSPT2"	"RPL37A"	0.537
"GSPT2"	"RPL14"	0.539
"GSPT2"	"RPL32"	0.647
"GSPT2"	"ACTA1"	0.425
"GSPT2"	"RPS2"	0.474
"GSPT2"	"RPL36AL"	0.647
"GSPT2"	"RPL18"	0.523
"GSPT2"	"PGK1"	0.453
"GSPT2"	"RPL10"	0.587
"GSPT2"	"RPL41"	0.738
"GSPT2"	"FAU"	0.255
"RPL10"	"RPS21"	0.663
"RPL10"	"RPL27A"	0.916
"RPL10"	"RPL11"	0.796
"RPL10"	"RPL13A"	0.817
"RPL10"	"RPL37A"	0.682
"RPL10"	"RPL14"	0.722
"RPL10"	"RPL32"	0.784
"RPL10"	"RPS2"	0.755
"RPL10"	"RPL18"	0.856
"RPL10"	"DDOST"	0.797
"RPL10"	"RPL36AL"	0.852
"RPL10"	"RPL41"	0.661
"RPL10"	"FAU"	0.643
"RPS2"	"RPL27A"	0.724
"RPS2"	"RPS21"	0.719
"RPS2"	"RPL41"	0.548
"RPS2"	"CSNK1E"	0.717
"RPS2"	"RPL14"	0.757
"RPS2"	"RPL32"	0.674
"RPS2"	"FAU"	0.643
"RPS2"	"PRMT8"	0.474
"RPS2"	"RPL11"	0.826
"RPS2"	"LSM2"	0.618
"RPS2"	"DDOST"	0.585
"RPS2"	"RPL36AL"	0.704
"RPS2"	"RPL18"	0.86
"RPS2"	"RPL13A"	0.803
"RPS2"	"MYBBP1A"	0.763
"RPS2"	"PGK1"	0.684
"RPS2"	"RPL37A"	0.876
"FHIT"	"SARDH"	0.711
"FOXM1"	"SDHC"	0.52
"FOXM1"	"PAX8"	1
"FOXM1"	"KCNJ11"	0.233
"FOXM1"	"RRM2"	0.318
"FOXM1"	"S100A8"	0.661
"FOXM1"	"WDTC1"	1
"FOXM1"	"NKX6-2"	0.661
"BAZ1B"	"MYBBP1A"	0.656
"BAZ1B"	"WAC"	0.85
"BAZ1B"	"TAF1C"	0.841
"PYCR2"	"PRODH"	0.837
"SERPINA6"	"CORT"	0.736
"GAL3ST1"	"SPN"	0.58
"GAL3ST1"	"MGAM"	0.378
"HELT"	"GATA2"	1
"HELT"	"MGAM"	0.372
"TNFSF13"	"SET"	0.704
"ZMAT5"	"GTF2F1"	0.628
"ZMAT5"	"LSM2"	0.63
"APOL3"	"COMT"	1
"APOL3"	"TNF"	0.529
"RPL14"	"RPL27A"	0.797
"RPL14"	"RPS21"	0.627
"RPL14"	"RPL11"	0.798
"RPL14"	"DDOST"	0.529
"RPL14"	"RPL36AL"	0.674
"RPL14"	"RPL18"	0.693
"RPL14"	"RPL13A"	0.677
"RPL14"	"RPL37A"	0.724
"RPL14"	"RPL41"	0.676
"RPL14"	"RPL32"	0.805
"RPL14"	"FAU"	0.643
"RPL14"	"FTSJ3"	0.381
"GATA2"	"QRSL1"	0.648
"GATA2"	"CEBPA"	0.872
"RAB5C"	"AP2A1"	0.665
"RAB5C"	"TGOLN2"	0.731
"RAB5C"	"RAB5B"	0.877
"RAB5C"	"MCL1"	0.574
"RAB5C"	"ARPC4"	0.614
"RAB5C"	"IGF2R"	0.764
"RAB5C"	"FTL"	0.581
"RAB5C"	"SYT8"	0.621
"RAB5C"	"RBM10"	0.492
"RAB5C"	"BLOC1S3"	0.544
"RAB5C"	"ARPC5"	0.604
"RAB5C"	"NDP"	0.287
"RAB5C"	"DNM2"	0.62
"KCNJ11"	"WDTC1"	0.233
"RPS21"	"RPL27A"	0.705
"RPS21"	"RPL11"	0.759
"RPS21"	"UQCRQ"	0.502
"RPS21"	"DDOST"	0.448
"RPS21"	"RPL36AL"	0.734
"RPS21"	"RPL18"	0.737
"RPS21"	"RPL13A"	0.695
"RPS21"	"RPL37A"	0.666
"RPS21"	"RPL41"	0.85
"RPS21"	"CSNK1E"	0.766
"RPS21"	"RPL32"	0.777
"RPS21"	"FAU"	0.255
"RPL36AL"	"RPL27A"	0.863
"RPL36AL"	"RPL18"	0.803
"RPL36AL"	"RPL11"	0.677
"RPL36AL"	"DDOST"	0.712
"RPL36AL"	"RPL13A"	0.706
"RPL36AL"	"RPL37A"	0.742
"RPL36AL"	"RPL41"	0.75
"RPL36AL"	"RPL32"	0.745
"RPL36AL"	"FAU"	0.308
"RPL27A"	"SLC3A2"	0.691
"RPL27A"	"RPL11"	0.741
"RPL27A"	"DDOST"	0.702
"RPL27A"	"RPL18"	0.835
"RPL27A"	"RPL13A"	0.738
"RPL27A"	"RPL37A"	0.667
"RPL27A"	"RPL41"	0.774
"RPL27A"	"RPL32"	0.904
"RPL27A"	"PSTPIP1"	0.732
"RPL27A"	"FAU"	0.643
"KIF25"	"SURF4"	0.352
"KIF25"	"INCENP"	0.549
"KIF25"	"KIFC1"	0.764
"KIF25"	"DYNC1H1"	0.618
"KRTAP23-1"	"KRTAP19-6"	1
"KRTAP23-1"	"KRTAP6-3"	1
"ENTPD2"	"POLR2J2"	0.171
"ENTPD2"	"WDTC1"	0.233
"ENTPD2"	"RRM2"	0.356
"MRPL52"	"MRPL21"	1
"HTR3A"	"HTR4"	0.701
"DNM2"	"VAV1"	0.505
"DNM2"	"HLA-DRA"	0.648
"DNM2"	"RAB5B"	0.683
"DNM2"	"MPZ"	1
"DNM2"	"TGOLN2"	0.591
"DNM2"	"MSN"	0.661
"DNM2"	"PSTPIP1"	0.631
"DNM2"	"HLA-DQA2"	0.593
"DNM2"	"SYT8"	0.579
"DNM2"	"AP2A1"	0.632
"DNM2"	"ACTA1"	0.541
"DNM2"	"ARPC4"	0.502
"DNM2"	"IGF2R"	0.732
"DNM2"	"HLA-DRB1"	0.669
"DNM2"	"ARPC5"	0.616
"RANGAP1"	"INCENP"	0.744
"RANGAP1"	"GNL1"	0.55
"RANGAP1"	"RPL37A"	0.658
"DYNC1H1"	"PCNT"	0.78
"DYNC1H1"	"HLA-DQA2"	0.393
"DYNC1H1"	"KIFC1"	0.706
"DYNC1H1"	"RAB3GAP2"	0.488
"DYNC1H1"	"BET1L"	0.525
"DYNC1H1"	"EPPK1"	0.612
"DYNC1H1"	"HLA-DRA"	0.459
"DYNC1H1"	"CSNK1E"	0.497
"DYNC1H1"	"MSN"	0.569
"DYNC1H1"	"HLA-DMA"	0.5
"DYNC1H1"	"ACTA1"	0.637
"DYNC1H1"	"HLA-DRB1"	0.507
"DYNC1H1"	"TPM2"	0.584
"TNFRSF10C"	"ECE1"	0.447
"TNFRSF10C"	"TNF"	0.644
"TNFRSF10C"	"MCL1"	0.403
"TNFRSF10C"	"NDP"	0.55
"ADAM15"	"HCK"	0.469
"IGF2R"	"AP2A1"	0.695
"IGF2R"	"SYT8"	0.625
"IGF2R"	"BLOC1S3"	0.584
"IGF2R"	"CDKN1C"	0.51
"IGF2R"	"ARPC5"	0.64
"IGF2R"	"RAB5B"	0.829
"IGF2R"	"TGOLN2"	0.82
"IGF2R"	"ARPC4"	0.542
"IGF2R"	"FTL"	0.588
"MFNG"	"CRB2"	0.325
"PRODH"	"COMT"	0.435
"ASNA1"	"EMD"	0.655
"SEMA4F"	"OBSCN"	0.597
"XAB2"	"PCBP2"	0.678
"XAB2"	"GTF2F1"	0.733
"XAB2"	"LSM2"	0.732
"XAB2"	"CTNNBL1"	0.973
"STAT4"	"TNF"	0.314
"STAT4"	"PIAS3"	1
"STAT4"	"HLA-DRB1"	0.356
"UBL5"	"UQCRQ"	0.578
"UBL5"	"POLR2J2"	0.503
"UBL5"	"FAU"	0.314
"ENTPD4"	"NT5M"	0.533
"ENTPD4"	"RRM2"	0.431
"MICAL1"	"TH"	0.593
"MICAL1"	"ACTA1"	0.561
"AP2A1"	"HLA-DQA2"	0.762
"AP2A1"	"SYT8"	0.62
"AP2A1"	"ARPC5"	0.515
"AP2A1"	"MSN"	0.526
"AP2A1"	"HLA-DRB1"	0.759
"AP2A1"	"ARPC4"	0.45
"AP2A1"	"RAB5B"	0.736
"AP2A1"	"HLA-DRA"	0.718
"AP2A1"	"TGOLN2"	0.674
"PCBP2"	"GTF2F1"	0.665
"PCBP2"	"CEBPA"	0.646
"PCBP2"	"CTNNBL1"	0.692
"PCBP2"	"LSM2"	0.626
"PCNT"	"CNTROB"	0.892
"PCNT"	"CSNK1E"	0.573
"ARPC5"	"SYT8"	0.444
"ARPC5"	"RAB5B"	0.639
"ARPC5"	"TGOLN2"	0.535
"ARPC5"	"ACTA1"	0.659
"ARPC5"	"ARPC4"	0.796
"DDA1"	"ECHS1"	0.538
"CSNK1E"	"CSNK2B"	0.746
"CSNK1E"	"OBSCN"	0.721
"HLA-DRB1"	"GNB1"	0.703
"HLA-DRB1"	"HLA-DRA"	0.958
"HLA-DRB1"	"TRIM22"	0.472
"HLA-DRB1"	"HLA-DQA2"	0.882
"HLA-DRB1"	"IRF2"	0.346
"HLA-DRB1"	"LAT"	0.575
"HLA-DRB1"	"TNF"	0.582
"HLA-DRB1"	"VAV1"	0.449
"HLA-DRB1"	"PADI4"	0.417
"HLA-DRB1"	"HLA-DMA"	0.715
"HLA-DRB1"	"HLA-G"	0.858
"HLA-DRB1"	"IFI30"	0.459
"SPN"	"TNF"	0.738
"SPN"	"VAV1"	0.514
"SPN"	"MSN"	0.713
"CD300A"	"MSN"	0.518
"CACNA1A"	"CALML5"	0.631
"CACNA1A"	"GNB1"	0.548
"CACNA1A"	"CACNA2D4"	0.56
"CACNA1A"	"KCNIP2"	0.685
"CACNA1A"	"KCNK4"	0.597
"MSN"	"ACTA1"	0.74
"MSN"	"CRB2"	0.552
"MSN"	"PGK1"	0.597
"MSN"	"SLC9A3R2"	0.586
"MSN"	"VAV1"	0.535
"RAB5B"	"TGOLN2"	0.761
"RAB5B"	"ARPC4"	0.622
"RAB5B"	"SYT8"	0.661
"RAB5B"	"RBM10"	0.536
"HLA-G"	"HLA-DRA"	0.805
"HLA-G"	"ADM2"	0.444
"HLA-G"	"ADAR"	0.522
"HLA-G"	"TRIM22"	0.492
"HLA-G"	"HLA-DQA2"	0.862
"HLA-G"	"IRF2"	0.364
"HLA-G"	"IFI30"	0.468
"HLA-G"	"IFIT2"	0.488
"RRM2"	"DNAJC9"	1
"RRM2"	"TNNT2"	1
"HTR4"	"FSHR"	0.686
"HTR4"	"GNB1"	0.62
"HTR4"	"ADM2"	0.444
"HTR4"	"GPR20"	0.697
"CYB561"	"DBH"	0.424
"DNAJC5"	"ECE1"	0.718
"TPM2"	"MYL6"	0.582
"TPM2"	"TNNT2"	0.824
"TPM2"	"ACTA1"	0.673
"COMT"	"TXNRD2"	0.595
"COMT"	"DBH"	0.628
"COMT"	"TH"	0.734
"MRPL21"	"PSTPIP1"	0.448
"CTNNBL1"	"LSM2"	0.719
"CTNNBL1"	"GTF2F1"	0.756
"HMGN2"	"TXNRD2"	0.707
"WDTC1"	"MGAM"	0.355
"WDTC1"	"ATP6V1F"	0.403
"WDTC1"	"NUMA1"	1
"WDTC1"	"TNF"	0.454
"WDTC1"	"DPH5"	0.318
"IRF2BP2"	"IRF2"	0.631
"ACTA1"	"MYL6"	0.627
"ACTA1"	"TMSB4X"	0.567
"ACTA1"	"TNNT2"	0.656
"ACTA1"	"ARPC4"	0.631
"ACTA1"	"CALML5"	0.504
"ACTA1"	"OBSCN"	0.583
"ACTA1"	"MIB2"	0.471
"ACTA1"	"PGK1"	0.602
"ACTA1"	"DIRAS2"	0.53
"ACTA1"	"VAV1"	0.442
"ACTA1"	"FAU"	0.418
"OPTC"	"DIRAS2"	0.235
"OPTC"	"GNB1"	0.276
"TNNT2"	"MYL6"	0.571
"SDHC"	"TNF"	0.443
"SDHC"	"TIMM8A"	0.623
"SDHC"	"UQCRQ"	0.782
"SDHC"	"NR5A1"	0.482
"ADAMTS4"	"ADAMTS13"	0.595
"CRABP2"	"PSTPIP1"	0.529
"NES"	"CXCR4"	0.514
"NES"	"TH"	0.538
"NES"	"NKX6-2"	0.506
"NES"	"MCL1"	0.555
"NES"	"NDP"	0.299
"ADAR"	"WDR81"	0.539
"ADAR"	"PSMA7"	0.727
"ADAR"	"IRF2"	0.674
"ADAR"	"CDA"	0.526
"ADAR"	"IFIT2"	0.653
"IL6R"	"CSF3R"	0.772
"IL6R"	"HCK"	0.437
"IL6R"	"TNF"	0.726
"IL6R"	"VAV1"	0.47
"IL6R"	"SOS1"	0.466
"ECHS1"	"DHRS7B"	0.136
"ECHS1"	"HBD"	0.388
"ECHS1"	"HSD17B1"	0.566
"NKX6-2"	"POU3F4"	1
"CRTC2"	"CREB3L1"	0.639
"S100A6"	"S100A8"	0.822
"S100A8"	"S100A12"	0.859
"S100A8"	"FCN1"	0.687
"S100A8"	"HCK"	0.565
"S100A8"	"TNF"	0.649
"S100A12"	"FCN1"	0.625
"S100A12"	"NFKB2"	0.743
"LCE2A"	"LCE2C"	1
"MCL1"	"ECE1"	0.624
"MCL1"	"DDOST"	0.701
"MCL1"	"TNF"	0.487
"MCL1"	"BBC3"	0.611
"MCL1"	"NDP"	0.312
"ATP6AP1"	"ATP6V1F"	0.762
"EMD"	"GUCA2B"	0.205
"NFKB2"	"CORT"	0.184
"NFKB2"	"TNF"	0.397
"NFKB2"	"PSMA7"	0.821
"NFKB2"	"PSME4"	0.882
"PSMA7"	"PSME4"	0.865
"PSMA7"	"OAZ2"	0.758
"PSMA7"	"TNF"	0.419
"PSMA7"	"ARPC4"	0.744
"PSMA7"	"CXCR4"	0.649
"FCN1"	"HCK"	0.414
"IFIT2"	"TRIM22"	0.825
"IFIT2"	"IRF2"	0.661
"SARDH"	"GCAT"	0.74
"SARDH"	"TXNRD2"	0.969
"HECTD3"	"RNF130"	0.784
"HECTD3"	"MIB2"	0.784
"HECTD3"	"ASB2"	0.779
"SET"	"TREX1"	0.63
"SET"	"PPAN"	0.637
"SET"	"PRMT8"	0.491
"TIMM8A"	"CDA"	0.504
"POU3F1"	"MPZ"	0.305
"CSF3R"	"HCK"	0.478
"CSF3R"	"PRAM1"	0.749
"CSF3R"	"TNF"	0.657
"CSF3R"	"CEBPA"	0.27
"POU3F4"	"PGK1"	0.413
"PGK1"	"RPL13A"	0.549
"PGK1"	"RPL11"	0.685
"PGK1"	"CXCR4"	0.567
"NR5A1"	"FSHR"	0.241
"KPNA6"	"RPL11"	0.758
"GRM4"	"GNB1"	0.57
"GRM4"	"CXCR4"	0.683
"GRM4"	"CORT"	0.211
"RPL11"	"RPL41"	0.678
"RPL11"	"TP73"	0.673
"RPL11"	"SLC3A2"	0.732
"RPL11"	"RPL18"	0.807
"RPL11"	"DDOST"	0.615
"RPL11"	"RPL13A"	0.837
"RPL11"	"RPL37A"	0.711
"RPL11"	"RPL32"	0.783
"RPL11"	"FAU"	0.643
"SLC39A7"	"KIFC1"	0.647
"HLA-DMA"	"HLA-DRA"	0.674
"HLA-DMA"	"HLA-DQA2"	0.589
"ECE1"	"TH"	0.583
"HLA-DQA2"	"HLA-DRA"	0.907
"HLA-DQA2"	"RNASET2"	0.415
"HLA-DQA2"	"TRIM22"	0.489
"HLA-DQA2"	"IRF2"	0.357
"HLA-DQA2"	"LAT"	0.602
"HLA-DQA2"	"IFI30"	0.459
"DDOST"	"UQCRQ"	0.517
"DDOST"	"RPL18"	0.672
"DDOST"	"RPL13A"	0.622
"DDOST"	"RPL37A"	0.454
"DDOST"	"RPL41"	0.401
"DDOST"	"RPL32"	0.55
"CDA"	"NT5M"	0.519
"TSPYL2"	"GABRD"	0.193
"LSM2"	"GTF2F1"	0.655
"DIRAS2"	"MGAM"	1
"DIRAS2"	"GNB1"	1
"DIRAS2"	"IGFALS"	0.235
"HCK"	"VAV1"	0.635
"HCK"	"PIK3R5"	0.548
"HCK"	"SOS1"	0.662
"CSNK2B"	"MIB2"	0.57
"CSNK2B"	"STK24"	0.816
"CSNK2B"	"RPL41"	0.493
"GNL1"	"PPAN"	0.618
"GNL1"	"FTSJ3"	0.617
"CORT"	"GNB1"	0.285
"CORT"	"CXCR4"	0.254
"FTL"	"TGOLN2"	0.493
"VPS28"	"CYHR1"	0.498
"VPS28"	"ZFYVE1"	0.67
"GPR20"	"FSHR"	0.942
"GPR20"	"GNB1"	0.463
"GPR20"	"ADM2"	0.276
"SLC3A2"	"FAU"	0.643
"SLC3A2"	"MGAM"	0.622
"SLC3A2"	"SLC1A5"	0.817
"TAF1C"	"MYBBP1A"	0.807
"GABRD"	"CLIC3"	0.246
"GNB1"	"FSHR"	0.468
"GNB1"	"ADM2"	0.444
"GNB1"	"PIK3R5"	0.565
"GNB1"	"SOS1"	0.612
"GNB1"	"CXCR4"	0.677
"GNB1"	"IGFALS"	0.475
"GNB1"	"VAV1"	0.593
"GNB1"	"OR1M1"	1
"FANCG"	"TNF"	0.572
"UQCRQ"	"FAU"	0.173
"SIN3B"	"SUDS3"	0.887
"SIN3B"	"PAH"	0.413
"TRIM22"	"HLA-DRA"	0.498
"TRIM22"	"IRF2"	0.78
"TRIM22"	"IFI30"	0.742
"HBD"	"TH"	0.485
"HBD"	"PAH"	1
"CALML5"	"OBSCN"	0.556
"CALML5"	"POR"	0.664
"CALML5"	"CAMK2A"	0.664
"CALML5"	"FAU"	0.643
"UCN3"	"VAV1"	0.432
"TH"	"PAH"	1
"TH"	"SQSTM1"	0.653
"TH"	"DBH"	0.625
"MYBBP1A"	"RPL18"	0.778
"MYBBP1A"	"DHX30"	0.758
"MYBBP1A"	"RPL37A"	0.611
"MYBBP1A"	"PPAN"	0.651
"MYBBP1A"	"FTSJ3"	0.74
"SYT8"	"TGOLN2"	0.681
"SYT8"	"ARPC4"	0.392
"PRMT8"	"FTSJ3"	0.327
"CACNA2D4"	"CAMK2A"	0.445
"SERPINB5"	"TNF"	0.513
"SMYD3"	"SOS1"	0.671
"SQSTM1"	"OBSCN"	0.651
"SQSTM1"	"CAMK2A"	0.726
"KRTAP19-6"	"KRTAP6-3"	1
"RPL13A"	"RPL18"	0.884
"RPL13A"	"RPL37A"	0.738
"RPL13A"	"RPL41"	0.65
"RPL13A"	"RPL32"	0.743
"RPL13A"	"PSTPIP1"	0.665
"RPL13A"	"FAU"	0.643
"HOMER3"	"SLC9A3R2"	0.452
"PIAS3"	"INCENP"	1
"DBH"	"PAH"	0.784
"IRF2"	"IFI30"	0.655
"IRF2"	"HLA-DRA"	0.36
"IRF2"	"GTF2F1"	0.615
"GTF2F1"	"POLR2J2"	0.839
"INCENP"	"KIFC1"	0.673
"HLA-DRA"	"IFI30"	0.503
"HLA-DRA"	"LAT"	0.582
"CHCHD2"	"TREX1"	0.613
"CHCHD2"	"KHSRP"	0.521
"LAT"	"VAV1"	0.6
"LAT"	"PIK3R5"	0.47
"LAT"	"SOS1"	0.604
"WDR6"	"FTSJ3"	0.536
"DHRS7B"	"TXNRD2"	0.234
"ADM2"	"FSHR"	0.276
"RPL32"	"RPL37A"	0.62
"RPL32"	"RPL18"	0.803
"RPL32"	"RPL41"	0.884
"RPL32"	"FAU"	0.643
"CAMK2A"	"MYL6"	0.524
"CAMK2A"	"CREB3L1"	0.612
"CAMK2A"	"SYNGAP1"	1
"CAMK2A"	"KCNIP2"	0.61
"TXNRD2"	"HSD17B1"	0.843
"PSME4"	"OAZ2"	0.824
"PSME4"	"TNF"	0.358
"KCTD17"	"OBSCN"	0.542
"SOS1"	"IGFALS"	0.242
"SOS1"	"VAV1"	0.957
"SOS1"	"SYNGAP1"	1
"TGOLN2"	"BLOC1S3"	0.631
"TGOLN2"	"ARPC4"	0.525
"CXCR4"	"TNF"	0.711
"CXCR4"	"VAV1"	0.602
"TBXAS1"	"MGAM"	0.567
"MFRP"	"FAU"	0.349
"PIK3R5"	"PLCD1"	0.601
"PIK3R5"	"VAV1"	0.574
"FTSJ3"	"PPAN"	0.922
"TNF"	"CEBPA"	0.371
"TNF"	"MGAM"	0.542
"RPL37A"	"RPL41"	0.658
"RPL37A"	"FAU"	0.256
"RPL37A"	"RPL18"	0.8
"RPL41"	"RPL18"	0.702
"RPL41"	"FAU"	0.255
"MIB2"	"MYL6"	0.496
"MIB2"	"ASB2"	0.837
"MIB2"	"RNF130"	1
"MIB2"	"FAU"	0.314
"RNF130"	"ASB2"	0.784
"FAU"	"RPL18"	0.643
"FAU"	"ZFYVE1"	0.643
"FAU"	"OBSCN"	0.308
